BlendProperty1,BlendProperty2,BlendProperty3,BlendProperty4,BlendProperty5,BlendProperty6,BlendProperty7,BlendProperty8,BlendProperty9,BlendProperty10,ID
0.19303880849139454,0.14637366220110137,0.5417326416956392,0.5639428042250296,0.3458873184252733,0.776629444735176,0.639557334758029,0.2937876785404534,-0.39778083936431785,0.32304994773624873,1
-0.7938655107496428,-0.5699647090353528,-1.1396168609873483,0.06800060781759454,-0.7257420584315273,-0.005224103202232433,-1.0394164025405215,-1.0645200018637841,-0.6561320490030613,0.08468005536993561,2
1.853458459010028,0.9361895171466761,1.1124449627441075,0.970760966092572,2.2649203348165448,1.6822816914918914,0.9800083337871532,2.1069623043290124,0.37062996813257465,2.098002413998391,3
-0.30586356515654867,0.20961145160230799,0.5607651923585395,-0.46358528702970814,1.9123745645776475,-0.37780105416139964,0.5322882642668554,1.0033500699885547,0.5655688806281272,-0.8990776615353111,4
-0.06217938855874894,-0.8169712211135485,1.1590205826412774,0.2962773610089937,2.397876876677086,0.0897269599117172,1.037265043754923,-0.12178538601879252,-0.5396761134230978,0.9629900185885418,5
-1.4314438819446238,-1.6377195361215882,0.3787252145733675,-1.4926443276845949,0.005857295952548469,-1.7216083807333602,0.38471813029323454,-0.0578760044217852,-0.8757540504024506,0.17863836886438444,6
0.9920286261200488,0.34396283383157455,-0.1419074119173347,0.018214904007016974,-0.10758649212720539,0.5317199201582552,-0.03827789757903255,0.05379991035158005,1.0076089671738981,0.3246645047839889,7
2.032961578558729,1.1338978514626867,0.7546013799103357,1.2693320533623282,-1.495222548550296,1.2893665504474958,0.735100479302222,1.0563286870178685,1.4512999267508642,0.4661731316611153,8
1.600469908204727,1.1759916618730677,1.0706497342320573,1.9295196494276872,-0.5514780009264086,1.2582801313912237,1.1510921077541418,0.3499943375285963,1.2107991648246084,1.0590821292363946,9
-1.1472819372785992,-1.086992693630311,-1.9674628077686585,-0.7120427512777334,-1.2088751525134946,-0.6602050082760891,-1.9733205867297174,0.23167872193388672,-0.6393748140556066,-1.1900254209007382,10
0.10832355679918182,0.4776119511934771,0.7627043900403849,0.6397226656261994,1.7319993277267964,-0.2064659766093857,0.8031930456169927,0.06652701255186111,-0.6901201712095275,0.9816346377772476,11
1.438730436241971,0.671484097410614,0.7688855611068599,-0.3017246224861121,1.0646532325817755,0.5016344264572423,0.7958949220655973,0.8087817180746952,-0.3509985028927407,1.1033318941577588,12
0.19060057690492727,-0.25909144109149285,0.9949492457522147,0.15535041638383595,-1.3567131846900162,2.355347048854519,0.9833372699802474,0.5823564892606501,1.1547145858514831,1.894671741554617,13
-0.3027065813059684,0.6929045995397713,0.563892569828357,-0.9322053568775406,2.397194737010656,-0.5103547025686546,0.5628150240089276,0.1296666080794855,-1.1987859936246426,-0.4525123355806575,14
0.5429400966411146,1.9839092930433102,0.6348887228206201,1.7590427823541943,-0.20658531615839726,0.3359728578311747,0.6015264406851148,0.9760588010195759,0.49258802533549284,-0.4870499524755576,15
-0.02339397297277568,-0.7159419309521018,0.8503273762933481,-0.8010043264524,0.5653821254523141,-1.242424882054216,0.8769100598591759,-0.03406153792270672,-1.367853259602271,0.03615063620315029,16
-1.311269099268202,-1.2974416811742095,-0.16792974241955383,-1.5276802004926715,-0.7921184985683434,0.011630106464575185,-0.21701267925504797,-0.8904522241325934,-0.2883966691570401,-1.3386086014954057,17
-0.2418099552171047,-0.3530865640275276,0.5253597538733688,-0.4780749716081112,-0.04524919770322278,-0.22695187888929103,0.4931905477195948,0.7611541788211729,-0.17208324171405276,-0.8477162899746928,18
0.10827846485626758,-0.27573201412432513,0.9596288895420331,-0.644969536400332,1.6755928403343319,-1.0726621726616488,0.9335583567508012,1.4019586591396482,-1.252368488384719,1.4452743544237476,19
-0.5511686603797583,-1.4126449271382375,0.5411034738801244,-1.212790256512807,-0.7685404708067796,-0.9347485189412541,0.4614071939184914,0.13217302196967373,-1.1322673043922675,-1.5241993880872156,20
-0.026668709304475957,-2.198345312131014,0.3169196125752207,-0.8993677219482417,1.7328681443124605,-1.816781927478798,0.3435487874148411,0.7596871711417106,-0.8569506896160284,0.561080041599844,21
0.25849357235549797,0.7872814566047175,0.08079459363398689,1.592296788615247,1.355869274078767,1.8071320057526878,0.12234175102855294,0.5702699691898085,0.34298306915301136,1.5119636505903857,22
0.9826698874443351,1.3159842229328715,0.9903094397914665,0.8154677325426509,1.484356719946808,0.3369703945150624,1.1383503827203967,0.9381749964176089,0.293141699174547,1.4115794940885609,23
0.03733224888421449,0.5748576380300783,0.42179233891332557,0.3652950634801502,-1.0019322813584686,0.10545866385878822,0.2835836869815376,-0.6223637027162909,-0.070613014643083,-0.048567309452432816,24
-1.5408476339226729,-0.9952565917326945,-0.13246143792239984,-0.7285947409064863,-0.5514928838379887,-0.2986629537769856,0.013248997377266925,-1.0313492819400034,-0.17200417811227853,0.08611114985741475,25
-0.33609478632796463,-0.1565078823697441,0.4226625174130736,-0.8006650853208652,-0.31101617077627974,0.12784197128756736,0.22446184607566444,-1.2241294245652568,0.20806850890532003,-1.6046623241820548,26
0.7882362877574955,0.5977866432265502,0.04382815038097809,1.7512429187945373,-1.3580407051744618,0.4228498963745013,0.05882410329079124,0.40052389823898915,0.6942918751607361,-1.056536172230695,27
0.1677219460725181,-0.33389005532882754,-0.3554231477260472,-0.6311350605413175,-1.1555171344001778,-0.27734306692498323,-0.3136602595495277,-1.056949238637713,0.5497901018378941,0.648411615799457,28
-0.8242207290620958,-1.3256298078130695,-0.18879510813476186,-0.5802652350880908,-0.4379100781925933,-0.7969435882447238,-0.13005012657984927,-0.9866145179219823,-0.4987613775239177,0.2316134191790351,29
-0.11664679500474273,0.3348757051281315,-0.8191646151030647,-0.7438734720548079,-1.7238886874807604,0.3277248285303529,-0.7293665589410356,-0.9455602721994727,0.0539761793478466,-1.5561854591969597,30
-1.1290617011879136,-0.26937018702842264,0.20394330356182255,-0.5187778033936112,1.0527453787786558,-1.008008243005146,0.1913369631477304,-0.144267032883596,-1.953050322837547,0.3249027234330455,31
-1.2311338185008673,-0.40527076376583193,-0.1083092472830538,-0.9964920972202647,0.3694504104374068,-1.517202979597918,-0.14677540804523992,-0.3999024591964395,-0.86918133247461,0.2630152805538204,32
0.4683696810305602,0.6235060390926859,-0.502537587817987,0.4622223559399006,0.14121834304222114,-0.5100543018502404,-0.502386309629947,0.10942966173587432,0.3937227973652422,-0.3376942764374824,33
0.6808387768532784,1.0179748391065213,0.16669764323611358,-0.04587859901906688,-0.975848341575974,0.053645526121964604,0.14912633184400148,1.34807516119958,-0.12826192918347212,-0.7171944274324025,34
-0.6156687369660707,-1.229508611616052,-0.279301445102192,-0.9844311140522732,0.11913631389220947,-0.3620564894452212,-0.06752853822474658,-1.1869812849408476,-1.7438898633801778,0.2145010234814484,35
1.8086408412393857,0.1929392265646408,0.40664927405956286,0.5508928698108437,0.7287572602388723,0.4339791530589028,0.5977097622293785,1.3214446911794386,-0.4589196016462005,0.4849737712287523,36
-0.16708563854214153,-0.1588565659631147,-0.47898558906904753,-0.06857121588721116,-1.284682163608073,0.19342515246792025,-0.5003351099515954,-0.1465667868777496,1.3727998618855302,-0.21995682604020916,37
0.2702106700780862,0.8555592772391947,0.4935679554294352,1.519204395686951,0.2856117360943713,0.8194457605358771,0.4218793878877847,-0.15704573808943612,0.9795078113522677,-0.8687519708140905,38
-1.8031788464846215,-1.5128240874529197,-0.05199047567295456,-1.353913132935351,0.23992001111271,-0.07438763107632984,-0.16398544982371321,-1.6151601200052106,-0.8579187315339161,0.18245303744657915,39
0.133835360864905,0.8361950624649745,0.6684212631561892,-0.8854685718164663,-0.22033511862652544,0.34298660769777745,0.5200712963327865,-0.1291600788729792,0.7965207160639278,-0.35574512412877546,40
2.165007876637287,1.3300775221033736,1.324179764846669,1.5032553127282782,2.2456289751763667,2.2414640297951225,1.5137884153197754,1.150803200936969,1.0072988323556662,1.8537897723886787,41
2.050457641208715,0.5969958193345697,1.123777644464794,0.5825878875552732,-1.2099423412724057,0.5572585695696106,1.0891047960761622,0.9492464058613677,1.2206658585647214,2.22437276954593,42
-1.5301369387506871,-0.36508765040208524,-1.151725311876286,-1.2400118905924389,-0.5122053638827562,-0.455801981519816,-1.0198113849522468,-2.032749802476042,-0.8554255687304204,-1.3438978119892862,43
0.9364638590805576,0.21557700668129165,0.12431594513712563,0.7472571670598687,-0.3322037037532839,0.36347721139916067,0.28068241881472855,1.7853990906693475,0.17311054518536562,0.2416009792368885,44
-0.5343857184429508,-0.6167645210289927,-0.015111308624912834,-1.5454566168373134,1.7887233490002075,-1.5042671769671578,-0.10768105948017115,-0.26274783533462664,-1.70724226799886,0.48781408848071184,45
0.7433957889693175,1.0033970410445265,0.6318609428315132,0.6154192548799038,0.7596020524736182,0.7703564814732395,0.6722268980346962,0.22157795924562707,0.9687142387360919,-1.0191335246453348,46
-1.5283264597194512,-1.8996909685821572,-0.6145789258054422,-1.2491567088374458,-0.0720148200474684,-1.912677834599421,-1.0295288800685323,-1.0379437643672236,-1.9517437971934144,-0.34095424920302597,47
-0.19692934824563846,0.08153949853790321,-0.45410293726264084,0.1882103735721532,-0.4378494120861829,-0.6164975012413929,-0.4588243408466437,-0.05922719067157267,0.6302612526486866,-0.4838145458020975,48
-0.5014597710159157,-1.0013236349378252,0.46092887897813695,-0.10796167518909439,-0.9127512354110097,-0.8088304218531104,0.5292196992067077,-0.2501799277674275,-1.5077694963622594,-0.006255583707495349,49
-1.9423094541274804,-1.4538932265494795,-2.22646471586802,-0.7615633215231672,-0.5624875166858025,-1.4887615497996713,-2.2983064223160614,-1.9277909422142958,-1.8522344762867697,-1.774167613513225,50
2.554634066258382,0.8544222521988791,1.580554632591936,0.5445206569773631,2.4072786805956494,-0.7255124746708004,1.9130010611816015,-0.5417805987033182,-0.35785004608032045,1.9501463562634052,51
0.10273056051250684,1.0149712462472444,1.211356293446061,-0.3367434440614243,1.0389183159966424,1.2662016954882418,1.6113665162786042,0.36692388932949616,0.5997275121487964,-0.9236708688986326,52
0.16509866073927393,0.060444716025403356,-0.37975016132001427,-1.001354049186423,0.01580416509243987,-0.6046630647958102,-0.30462773522728304,0.509674276756277,0.4752673050450438,0.521132533519447,53
1.5134692608112434,0.5831084939941926,0.24523112942112824,0.608219222990414,0.7038505039186271,-0.05798231170956747,0.2148321571419407,0.6014585232435505,-0.7311088659795228,2.3822865726108873,54
0.8368618369638099,0.6170464385776306,0.6541578387424731,0.3297255083864439,-0.10758649212720539,1.1473837743005957,0.4547498165844468,0.019448143658314043,0.9748301818272627,-0.37842167187773357,55
0.9017452117646809,0.09608683296956433,0.5947291263659602,0.15549856964639064,-0.10760540904954241,0.652234870892489,0.5682317040839027,1.247350544280208,-0.1239588675140153,-1.1134726434840099,56
-0.2713625188832369,0.22502429400892732,0.4378923661165215,0.3771343400398992,-0.2068890009399187,1.2516717043093406,0.3998427585209874,0.2871744665802234,0.5563637286388428,0.6975897742832728,57
-1.6680005947667036,-0.8677444204703086,0.4303594228123766,-0.22581631383461498,1.2747903773758074,-0.7358875794210054,0.5224850565845398,-0.5621794399433451,-1.7709246820193458,0.13922914968138356,58
-0.2362588432449444,0.4263721191560239,0.35004490359923346,0.8860865165043814,-1.3568109164464475,-0.5653462265036919,0.3267022851466326,-0.39402008890190565,0.5337797188032876,-1.9846998824996636,59
-1.0561776235152474,-1.712181431892565,0.17443077046125532,-1.484690343506589,1.3670515930282732,-0.9720242079488297,0.11774308055237204,-0.8743584295758553,-1.047385932558015,0.6459120903549793,60
-0.27785139249157753,-0.17828928201517513,-1.7749429878608423,-1.0071558825854838,0.03904953959152935,-0.8600707576102982,-1.8359126986238405,-0.36241907910127824,-0.293155631513617,-1.2753585751779486,61
-0.047781091591134306,-1.0353958814958308,0.10270738021507042,-0.5275304718769349,-0.9609427256694345,0.8281603939152142,0.1547801740695114,-1.1688901731443706,1.0724341609226617,-0.7554442474166518,62
1.4810056025041876,0.32973146471006953,0.7206159447505607,1.796832689020234,-0.23183486718880686,1.3420248948049722,0.7182712575856931,0.7867962448800743,1.1651218891603405,0.9674304534106133,63
-0.4833281102024021,-0.47305286620669085,0.6420909764527971,-0.6588092654643498,1.0288681094484784,-1.2850798012309097,0.8332984006360833,-0.20225084462031706,-1.1028355549418718,-0.25398096974948214,64
-0.4305339464274165,-0.5497747146138015,1.003268838242961,-1.4801621787728534,0.20429454324175378,1.3743269811041299,1.0094350352264607,0.7020226810874408,0.4548676978071242,-1.0533905420824166,65
0.6265306282818404,-0.371669843480096,-0.20788573425349055,-0.6582475166823314,0.8398870723537533,0.05417111562587751,-0.37323536712999705,-0.7047656028635474,0.499959860449003,-0.31307314577462186,66
1.1884459465194865,1.7457856915386025,0.7340577715215599,0.6016078037891792,-0.1330109756851119,1.2494765878995064,1.0596082958743316,1.6283904677651186,0.8847886632127857,0.6730499468505233,67
-0.7560409500883054,-0.7303529165866367,-0.9561644157790399,0.5259084537974927,-1.049396508168074,-0.7846481098828164,-0.7992614546257288,0.15850179353512583,-0.8477024793929311,-0.6658264165651175,68
1.6214237084161955,1.4115854924755165,0.7160328193761372,0.97139025942909,-0.46221425633774094,-0.15450797477938694,0.5562180052022809,1.2263472686900019,-0.020749959939396767,1.742499565738548,69
-0.18486021685766985,-0.12709891530263318,0.3193657480856842,-0.1155549122886812,-0.28528639363801256,-0.9177086425168421,0.29348146380849593,-0.41581774790038173,0.1901010045076723,0.5940802511120076,70
-0.43921699650674184,-0.21090922302047277,-0.03425148002003908,-0.5506879516179339,-0.8010209494936766,-0.5657914456737774,-0.009821448997050508,-0.1029102636008421,-0.5019042367541624,0.6834508580742553,71
0.6619120431002039,0.12213912772604729,0.22108147410364287,0.5615017683481123,0.28005459792808907,1.090861795452824,0.10160118480200109,0.44578982605645745,0.35663554612922854,-0.9266616111433115,72
0.4607325743461812,0.8201031303841713,1.6720960493421195,-0.40473816391480866,3.079342054129132,1.2234422064783703,1.8013077283986845,0.5525493361682323,-0.10273012754260558,1.506148171933396,73
1.845449557243437,0.8989640670858854,1.0491557629162291,1.0206692753659565,1.483515289263385,0.024331128088289855,1.1251931727862665,0.9776494451394333,0.3971138244187906,2.0744561310196143,74
1.0993860490680691,0.6200752801568759,0.11809082376222246,0.9682526372148557,-0.5514780009264086,0.3533254891654547,0.04657820838135751,0.6352932772732627,0.6509260118331008,0.5594379148561133,75
-0.8583900773229793,-0.21954899600771016,-0.29071142244125037,-0.3853026544900675,-0.28524429821080877,0.3218629841952865,-0.24681265945038144,-0.5678329981154184,0.1780884771178297,-0.9961142282503097,76
-0.582721593286319,-0.03716324733515841,0.7101075472299772,-0.7869685749107438,-1.1359059224570238,-0.36184570528824267,0.6483213092437325,-0.57584774464203,-0.7369271572040079,-0.9178756870807474,77
0.7117435193613637,1.0346025361041264,0.8658636796133834,0.30430566124710867,1.0247928405562914,1.9485159881233076,0.9423846119510288,1.8166274384431444,0.37174667044013643,-0.43142217591861787,78
0.7914890178858776,0.897626393900941,0.2974978932223762,0.8939418945949138,-0.6370520392335333,0.2355112818253855,0.40031031018925045,0.7125877942586134,0.870146768250964,0.018881091284591145,79
0.739184948716737,0.48178302692539865,-1.026553985116867,0.4650686403192441,-0.7156733147358261,0.6029853306502408,-1.191914373217151,-0.10899274610737453,1.6805571030172972,0.6510320198509179,80
-0.28337735448368995,0.6478574820441623,1.091943823987438,0.2979596797091877,-0.4541835042697182,-0.5392720102891038,0.9411075582948791,1.3340498641247778,-0.03898423759507197,1.2615545533513521,81
1.4486541422991186,1.0645943632151904,1.0065990495573924,-0.21758714456875672,0.2865181636981817,1.155922794993217,0.8711738573530754,0.2895757921447524,0.30040472827905007,-0.548259013667088,82
-0.6862309643688482,-0.3438623120571813,0.49041652277218195,-0.694310282078709,-0.7325028030989076,-0.20207014662921763,0.6104383811466059,0.1310503402902452,-0.24882690249757555,0.20162914943950416,83
1.0290491974172258,0.514576602938889,1.230856852984688,0.5783175871699116,-0.48032148112966766,1.1911208657542627,1.167541033764723,1.7100853482348923,-0.30663760972048104,0.6693857369215148,84
-0.5940567517647994,-0.4917123756211943,-1.3475090048126321,-1.1405761185812104,0.06248448122260508,-2.0513302228828416,-1.2666341944652242,-1.509314328705182,-1.0269269441936233,-0.32215625832040407,85
0.32906961488071995,-0.7431628143258753,0.8788196774233856,-0.41290576528601663,1.23077800721958,0.0950939188684441,0.8939405200075081,0.32983584086506323,-1.9975686101926424,0.6622451658922468,86
-1.0911155095702916,-1.0032114198614104,0.9003334515201225,-0.9304777411002401,0.016052748209540724,0.6589239543769156,0.9011817197809937,-0.7747088975904961,-0.4593756137869536,-1.3569595173857598,87
-1.0224983513025427,-0.0184799717719053,0.2765849080907272,-0.5604706744012244,-1.103304945857639,-0.5738164099580034,0.29407113285853814,0.02727386424117495,-0.49392955955329554,-0.7016260593957429,88
-0.09672159115000567,-0.459632350683818,0.3311836957217973,-0.50537448762355,-0.4681983505316454,-0.8059833340464457,0.4542943675144304,-1.2829206173179943,-0.7685285908923785,-0.47647259634976935,89
0.30038456781390255,-0.716137629294517,0.7997404014756055,-0.28101436670678703,2.0813283633741624,-0.5921046572900301,0.8198249862057663,0.14693954703999879,-1.3436203021804176,0.8984882088355277,90
-0.43153941237957505,-0.7245919548165005,-0.2674344721361426,-0.4848471373252716,-0.8909297042027673,-0.003585065437771595,-0.17852142263902482,-0.25794637584537483,1.0649921341339637,-1.553872813750619,91
-1.4710760222221144,-0.4316754569165664,0.28589101270582296,-0.847932241077973,-0.49061070779573623,-0.8388832075426469,0.17992230979412893,-0.9407449576303952,-1.105348066810187,-0.6690743210009877,92
0.34631921149635336,-1.1997327488877834,1.3307429062980582,0.6589249715790353,0.535746390046453,0.09776357979941408,1.491918563280799,0.6949171861551544,0.015488391865934092,0.927903734823057,93
1.9919396748567837,0.7856115045924015,0.7911451227886956,0.8099608870251394,-1.0121387103075605,0.5776628798373362,0.7280373924255612,0.8330392957537291,1.2151255014876536,2.186025621294367,94
1.0219671881827814,0.760234668358313,-0.41428429364273733,0.558906859922705,-0.25793374005765624,1.2496371765870906,-0.38361599772934896,0.7580483095369861,1.4782830040730683,-0.8856978022423196,95
-1.5880362647218038,-1.119877625703722,-0.005249884514229031,-1.6053047865594299,0.8442446330832205,-1.987334115975385,-0.04020604577654674,-0.2948785051907654,-1.7197626164408608,0.06740930474753748,96
0.3927817314560076,-0.04470351908509396,0.010602353186971003,0.17417717431764124,-0.17052705333304585,0.016725659287961214,0.11501907840829428,-0.13369468893603642,-0.18842111665658057,-0.8470770574103659,97
-0.7286547293517911,-0.2747099349829101,0.10988088799997842,-1.0254656980858368,-0.9758358112971179,-1.441933581065276,0.17388730400907693,-0.4087439909177282,-0.23797672409682447,0.06748997851199823,98
-0.22440786227735376,0.17644993451985402,-1.3850718363542778,-0.19270216624941616,-0.0457820987464268,-1.189674521796015,-1.525624737174807,-0.7453625647464586,0.015671763797842964,-0.8785930160085245,99
-0.5351540888936457,-0.4772727202360729,-0.2914090986197271,0.35546113170567395,0.601893918724095,-0.28560999563421396,-0.41738512442985853,-0.32024415734529743,-0.49088399330407406,-0.5275754872783629,100
-1.3795117754073414,-1.5904161578741824,-1.7852612273910973,-1.055019393283247,0.4832296477003841,-0.9788769838439624,-1.7507155767651699,-2.0125622313482565,-1.183461371129145,-0.5388585855911043,101
-0.8997675608712272,-0.9223772048161167,-0.509752737344785,-0.7538063291218866,-0.8274224852837564,-0.03746930439410945,-0.45227343723006785,-0.39773498680038144,0.03321421501548327,0.015382070786295499,102
-2.0224156431415983,-1.446672055827868,-1.2103840662548744,-1.262527126140796,-0.8911190856071989,-1.2997576800133546,-1.0565860041856916,-1.39685458398723,-1.3057586545171946,-1.4166788521805684,103
-1.061497885681502,-1.3005659221170607,1.0244399127857866,-0.1309060428902955,0.867150554446928,-0.2723322892868141,0.9597048667581927,-0.6784599339932904,-0.13328814413515877,0.1052831637799223,104
0.6016077460099731,0.2574254583673452,1.075739383821558,0.6616755037568884,0.14127571178881992,0.14833869611782236,1.0965607975166498,0.7995466972478069,-0.8272740459163461,0.2935492702445386,105
0.8031995055400547,0.9729464944603241,-1.8105180960862919,0.24168453655505617,-1.5054322492232672,0.6022222124371386,-1.8669935433406235,-0.7600600753689342,1.8866896299659541,-0.8582578903409599,106
-0.6213505221385609,-0.8949634093904586,0.04259293190576874,0.18494036065184516,0.34584793834877314,-0.3816990112323644,0.014221913295689115,-0.20466267618168787,-0.20039326925728806,-1.1552913708526882,107
-1.0256459042400992,0.07294392157581742,-0.03632509182132759,-0.8332593615919852,-0.8016114397686556,0.24959973085195952,-0.12879596251221925,-0.5516967624931242,-1.1359703947900743,0.0461441977942465,108
0.01956056337502199,0.28006312486163853,0.8752566170321541,-0.05270943253982763,0.5981466662091897,-0.546722499121165,0.6966727249883558,0.1599609395880004,-1.335088898741926,0.8482680759510814,109
0.9241448735007778,0.2995368846629425,-0.8705221277102402,0.9270359869080205,-0.43784998189058766,0.473076251868191,-0.8518581893574482,-0.9089182125895263,1.1388569487353561,-0.6698933463358292,110
0.05694645877063387,-0.3456766475926927,1.470844033342952,0.5372708408267677,1.2359828372677644,-0.3257052771765334,1.4255769653524673,0.7673632462832096,-0.021081455386375847,1.2007428261080522,111
0.8329089592719705,0.4662259352294196,0.3949667211856065,-0.17571074401563958,-0.26887822898985747,0.140053848610044,0.49419920032588327,0.8374324228439578,0.5976658031347541,1.3274354905432428,112
0.24619813752994268,-0.2821882488091887,-0.38508902489159524,0.37614004454072214,0.1911515926802685,-0.5262180264006748,-0.40555758760535765,-0.21830624809072097,-0.09029050891669188,-0.6588153405824009,113
-0.23780364735131276,-0.7386211550036681,-0.8767748811481553,-0.6299282691488173,-0.8151021154888123,-0.2588491501912482,-0.8718358151438841,-1.8781337853774076,-0.23963148642291143,-0.10645572337662523,114
1.121324861744152,0.19878639951986754,-1.2927256395173874,0.8854059332411988,-0.35713970749843416,1.2030384288558658,-1.2811039943541833,0.12360488897492017,0.7329528597474264,-0.39098007473732754,115
-0.6072526346797371,-0.40558064971277696,-0.6844345106548726,-0.3518325589099798,0.36977246815616316,-1.2243327757134903,-0.6548650026260989,-0.3321220951799435,0.1652003623709244,-0.9446497012598154,116
-0.16256471936605132,-0.44756881084928124,-1.7193125118626744,-0.8907562234669981,-0.8015980586328024,0.02469905816985074,-1.511146831390223,-0.5448552271043992,-0.24997334818959405,-0.6843394899796786,117
-0.2522646960949244,-0.12094080428812393,0.6025328050311523,-0.41938402023009824,2.3629843722996235,0.8412160065367753,0.5072111637662353,-0.3146056126214405,0.6989590751227064,-0.456548408224948,118
-0.5182606893412098,-0.7878565189199507,-2.1679544940284017,-0.09468183802267549,-1.6505595630226857,0.22465987542718047,-2.060381106096493,-0.7514955641042422,1.1475589441841705,-1.5160238720252486,119
0.8236319435848505,0.40678179306895834,0.40503659782019064,1.0461370072393228,0.27996095197946524,0.541689764157919,0.28344745482670586,0.4190926244665558,-0.23996922076829263,0.8002998305896858,120
0.06433477910216578,0.13075462209940403,0.0451116061120036,0.1502467646018224,-1.1054261091566389,1.2883284581159726,0.14043500751604765,0.44618575467243304,0.793431130587753,0.011366857320683987,121
-0.45484854822594945,-0.9385840681160447,0.4006043711398555,-1.0682911015906074,-0.13294964869743553,-1.3745024561549846,0.3792303336854297,-0.608424249668218,-0.5164221343471844,0.780275157399009,122
0.0903083068140278,-0.4039567657962517,-0.11810564751712693,0.5326769556103161,-0.24604816621313175,0.4642054556229045,0.14661892460154857,0.22131513125942615,0.5160775158287774,-1.3620245811917133,123
-0.5736502990160623,-0.9164789952929633,-1.2123440503277285,-1.3450112778430992,0.11902916742255387,-1.3026251723087676,-1.4313390962769907,-0.5612050756747999,-0.8942946140919481,-1.0895318998948813,124
-2.0898894844965343,-2.0004396239370843,-2.0059499295490673,-1.852432276196164,-0.19663827085283447,-1.9376136342860208,-2.365437059800639,-1.6472139152255716,-0.9100421997527413,-0.5116730201814259,125
1.1690566222186671,1.1042974039905848,0.03172972688609943,-0.20575061569988562,0.402191039005972,0.6788172700483077,0.10600908077557025,0.6626947654281248,0.39633821246858636,0.4112544337866182,126
-1.173547185202239,-1.3805355280009097,0.8915810557469399,-0.329175767304819,2.4287104953172314,-1.6124638185749505,0.8526658361122985,0.16367447747984287,-1.2739881508938167,0.09741934876084435,127
0.31011963602597925,0.45927847507192876,-1.1562932163510995,0.9519838746099885,-1.2806698714945468,-0.7495072081435004,-0.9701271358822492,-0.6678689813766767,1.2809401150594186,-0.974192334684018,128
-0.3968235791434995,-0.8402942748150195,-0.0006445234362484342,-0.6799716203995756,1.9593597719138498,0.3702007090278192,-0.11719448275039102,-0.4742699365344978,-1.5611022569021151,0.1530981152356956,129
1.3697984507084553,1.4911083866395822,1.4294965167001807,2.386192828991133,1.6205045828715678,2.0393633499270947,1.4025259747663954,1.3346337543915032,0.6474853654172903,0.42702045187759663,130
2.338263953270774,1.467909385313047,0.8401022278216512,1.904081403600547,2.571125230877051,1.6990867971544645,0.8454914655669783,2.055459418673881,0.9963611720505152,0.2563508608839815,131
1.687214880502034,1.3754899229058237,0.7097242847152909,2.233165852130531,-0.891135821348372,1.1675256961044904,0.7890889335245574,1.7803775879510533,1.906898752659862,0.09136365346739361,132
0.5085207996220065,1.1196939005582962,-1.0975931588825745,1.904379729773797,-0.5514546809493792,0.6421471676093196,-1.124870145558635,-0.5420192710095255,0.45104280997759494,-1.4711573350375118,133
-0.99335394970299,-2.1090743845146718,0.12341232681095149,-0.9009828494594978,1.5085065415628214,-0.763582170085737,0.009564378541019991,-0.5036215724316262,-0.26204498396426623,0.4116091881031003,134
-0.6849514790183411,-0.049858178760196825,-1.6455248313934536,0.2731319221605355,-1.2816849216339028,0.7586593118313312,-1.466561525650404,0.28542918316795896,0.3683709403423465,-0.36873189534087736,135
0.4629739767779657,-0.2436558896734724,-0.20097683154528112,-0.1772076265659841,0.8770399502897117,0.4760070043278777,-0.11661725103238973,0.08984862829482743,0.6036678236463888,0.546070469851446,136
-0.367996617290109,-0.4422325496140789,0.32029443134367086,-1.2440586706510661,0.7378309269000385,-0.46971646621257945,0.2312299929515298,-0.3418462630519348,-1.7071219573796945,0.7041072160793533,137
1.6701776714506864,0.1389912132690454,0.4737894001830647,1.4749500405390732,0.1911515926802685,0.395917844532931,0.5260341469717493,-0.055132006968174885,0.7392318085184524,1.4795446502994967,138
-0.06401880919000025,-0.6514554391155034,0.35795472359805447,0.38891312179117454,1.7218443649624922,-1.138616080902466,0.3797115847509367,-0.14006375973133767,-1.3544757639238005,-0.4004869243232838,139
-1.2493420838630915,-0.38013544696651747,0.9196372043901171,-0.8496156814551898,-0.09274962835103429,0.9196954887689235,0.9060316274298454,0.686375687119865,0.30013454025977326,-0.15209685702971476,140
0.2881173553553853,0.5913261037155915,-1.0957577662890823,0.08168380661303809,-0.34290302256994676,-0.8417271999737175,-0.9729956919157507,-0.5723368575800931,-0.2730486306860509,-1.2306702172501756,141
-1.3625927880583517,-0.7446518505697044,-1.9985251229176524,-0.7709853237660504,-0.9273122796712387,-0.41529259664296125,-2.049760161684062,-0.3940948595626721,0.1984904630598574,-0.8016749087269828,142
1.1984992666560523,1.0204578226681975,0.5381606209966792,0.9743684982830862,-0.9273195096853901,0.3475272410902448,0.648790188657909,1.0848398742784138,1.0397007792177018,1.1508729731120764,143
-0.04187326024313531,-0.169442576259613,-0.12393809701940084,0.14070468006747205,0.4777240760559123,0.21144153292185752,-0.044745121766381235,1.1495199073746667,-0.5417351409525706,-0.37985104242212686,144
0.8168416058407262,1.0939103259941376,0.691562654404396,0.507207676060204,0.03902863359084208,1.342460964107587,0.7396197915937104,0.49319928555917647,1.5717978925788563,2.229651301400257,145
0.28992877744541823,1.0288153897529453,0.10953957936807224,0.23672813594767694,-0.5950412579106954,1.7503922539823686,0.10406161748276821,0.1609841088944266,0.6224441291152047,-0.20808315480333128,146
0.47014063883431345,0.6064790329960374,0.04194599478110317,-0.4043716002114006,-0.37257831437787536,-0.06836270387990573,-0.0013535462574478796,-0.8812270198247028,0.0012146688370093806,0.062193766810626716,147
1.2363279225969563,1.0878935564996888,-0.21660655584519195,1.2187786342844351,-0.10758649212720539,1.1908691940073401,-0.18625409164186846,1.293680684789309,0.7887503427658413,0.37831306280613797,148
-1.59286790055951,-1.268894503248767,-1.3916466623593484,-1.4268769564184818,0.039027875368423226,-1.9627717410245493,-1.538632873019838,-1.6513728304191977,-0.23734266626126388,-0.3236840633365785,149
1.5948275893639616,1.4539217862980438,-0.12307469988376818,-0.06489620386594153,-0.4905515632602735,0.8183774147065828,-0.2899485495245375,0.09169606926667107,0.9886106646062742,-0.6415974827732434,150
-1.2336405772834174,-0.5507088639933466,0.10874082607253399,-1.1336714941221708,0.5665607462223965,-1.3051217643156625,-0.0012796395431906582,-1.103039213781058,-0.505997036278856,0.3606365615874434,151
-0.9550675405057723,0.08571904892202542,-0.24060427868694734,-0.7760720329396134,-0.22065923310952962,0.042486285578336336,-0.12332034890958044,-0.5266961482728021,-1.4435836725502535,-1.0044475706343126,152
-0.13930937920178144,0.2725782963364418,-0.8880951227795901,-0.36187776523488324,-0.4541835042697182,-0.042837407339051614,-0.798446544959901,-0.7808033896727729,-0.7760591363290315,0.7956414388198847,153
1.881142838512798,0.5347565794306335,0.531968443948228,0.8247377992335856,-0.311130261685,1.3491966561003181,0.6162130662957048,1.6430868864054866,2.129964744187025,0.5200044114690587,154
1.2690876221452374,0.26885921207168906,0.678972144158217,0.3922182956920799,-0.8273584403285659,0.43843034196956254,0.6535345818878875,1.573812728804624,0.4176981776689641,0.6766931347659713,155
1.0167934783156714,0.6021623723928631,-0.5297439872352736,0.7323171176674865,-1.3117151356316694,-0.010916751385279033,-0.7650389893181402,0.7788176286320374,1.7116710277468754,0.6963048442535054,156
0.23190089877169484,-0.1864588132012992,-0.16821102435591695,0.1473796623417596,0.47812157878781125,-0.9181715948398359,-0.24141349967145165,0.3209121992496893,0.056287719366751254,1.2106061359417093,157
-0.8459007411440036,-0.6709919800281794,-0.24971077622718796,-0.09308557994388411,-0.0006604970738151028,-0.36268854793897387,-0.013458667168743332,-0.3770908308234797,0.5383601352252891,-0.0812028133785947,158
-0.15147761118507197,-0.16385663577038057,-0.09840494691085566,-0.2104558515290631,0.8191727311281085,0.4027006100760748,-0.13862744019401485,0.5538871132817127,0.15597640749354746,-0.5238678301987261,159
0.9478013026948384,0.033909248689213856,0.48813426586972386,-0.34302281923794675,-1.3574501018158496,0.25880688085266135,0.45415061947638957,-0.32887031902457164,-0.959517709683487,-0.4950641780670939,160
0.7455378875959686,0.2686890341819961,-1.4375292022517385,0.1495543899992482,-0.4168552976503528,0.05932318504982126,-1.541769500537316,-0.5407626024987422,1.1102779810884402,-1.540472689196763,161
0.9608471454909613,1.7321639964721451,0.39162850459587206,0.6606078359799561,-0.454199089171599,1.1740176058663012,0.435087818624162,1.164168238174904,1.3092874600284334,1.9213129896050023,162
-0.6826547153986613,-0.6527222561379507,0.2547066759291279,0.11724576142585819,1.8082093462086837,-1.3168822115943821,0.2015528574493628,0.37394733954182,-1.7815561410962886,0.5678116707231287,163
0.5453355572318546,-0.24293388940138305,-1.3014217328311548,0.9814027226904476,-0.24632550233960493,-0.5769013391768589,-1.4547605794191938,0.43428088789381913,0.2256991253103633,-1.1520267847189625,164
-0.7092007832036391,-0.7430646841914408,-0.6965074899304848,-0.43420571655066453,-0.3926632944518311,0.05199432965662476,-0.9565442523916112,-1.221029014717061,-0.5453651922964979,-1.376716397823453,165
-1.176540467807535,-1.2058615459006963,-0.16686875082684627,-1.0630702239001955,0.11933001323213288,-0.46730050767635367,-0.2511430311900942,-0.1384330295660483,-0.696169327459679,-1.5394460736006534,166
-0.39554302145975173,-0.42840573322358555,1.3867757854037217,-7.77831502039028e-05,2.4578213144426284,-0.5884914425834717,1.662995640275279,0.09305283043063506,-1.468849544182715,0.3378470443005537,167
0.23919549740408175,-0.18802459139214367,0.5427421944649742,-0.7882986202479303,-0.09270580181376142,0.5882040058867426,0.5361428930610093,-0.5194304362857292,-0.33650326023852384,0.013900930209739704,168
0.06438992802602161,0.08012479150932106,-2.3463555375190537,0.1337910464534935,-0.698508003752242,0.030411243002765875,-2.5195336466354594,-0.5008375598999166,0.34232391966675246,-1.5476325994322657,169
-0.02481916911674742,1.5160994002398387,0.7255341788184493,0.9755468447904971,-0.480082995638238,0.0072024119202103165,0.6294991370534058,0.7101386107102667,0.11955731233261058,-0.47732581556361464,170
-0.40792011684858376,-0.34288026912012737,-0.202150418412137,-0.12593227260082318,-0.6848080855882044,0.7536875459697157,-0.44377120552511506,-0.04861923082216868,0.16431053398066675,-0.9300706535228842,171
-0.18813711213828865,-0.3128441687923258,-0.25286012814480685,0.45233749595305883,-0.17003810189120916,0.2013096365547815,-0.4741199158483207,-1.0324746491016517,-0.506080548032471,-1.5317853025455488,172
-1.1517569355093698,-0.6741818204762795,0.4163827028100313,-0.7256993229086441,1.4432187915189543,-0.8750257048510999,0.5288313974160073,0.5995794140349089,-0.8165641093844873,-0.42995784372857315,173
-0.804708971704829,0.4554855787554313,1.3731310172937836,0.8579029896772377,2.3656095417210916,0.08234173296047098,1.5612923515332695,-0.5688942786925897,-1.0992126433221832,0.8625912986747464,174
-0.5507187599770744,-0.8112064763895499,0.8225767271038442,0.3077799664747689,-0.6470533965806347,0.26745277466698325,0.7665553705997641,-0.10679812195120975,0.20045534540276622,0.6031337140922104,175
1.0258018271327334,1.4460514111006773,1.4138527447596845,1.115354181150316,2.414896756205458,1.1643509869345032,1.4513319207184319,1.704526104846516,0.9802282939821116,2.045859062664502,176
0.009537616614576638,0.4228223979240122,0.050254099594996715,0.34633811578691964,-0.39285747103111834,-1.2630085494117513,-0.05246314135386321,0.10215954324127319,-0.6568921560867622,1.2607866048848928,177
1.0804062514637334,-0.12410128669487452,0.5664522567158432,1.0658295399218867,-0.5442836950712993,1.1628805167440661,0.5654790596196586,1.0622721293881434,1.4089780795535396,1.0188626083973178,178
-0.8140225689932425,-1.150593673102661,0.7087079143353314,-0.9864724795455604,0.5345304236470882,-1.3583020471102838,0.78100566983535,-0.37119036611477707,-0.6112777130618261,-0.08810584959845524,179
0.18480859982397435,0.3961428132491496,0.3395163452519643,0.5712556574286753,-0.17052705333304585,-0.8202667067150851,0.12089086558798212,0.15024638351464814,-0.7332060253374773,1.531553853014886,180
0.45001525263063313,0.5715389177373622,1.4314295435539828,1.3312669069787715,1.4971058655365814,0.9146641252967591,1.4458886913925761,1.137424778825204,0.5365146880374225,-0.524041224495561,181
0.26822855795599976,0.2204273341471903,-0.8973299994265169,-0.05863940198885764,-0.11968312074835263,-0.3849963115512678,-0.9829428446724668,0.011772250162977782,0.01937261746773844,0.09251667045466139,182
0.7872624587100454,0.8083827265765109,1.1762917171673521,1.046747535845491,-0.39018053936961783,1.46000919055815,1.0663267017664309,1.4151049350146212,0.3480852606813123,1.8685287121255705,183
-0.9620448655780574,0.1018731501071033,1.47049343109579,0.4692007660681037,2.629745102918268,-0.4810963005854825,1.6959992450230392,1.4081907235849789,0.05140365467316599,0.39703508444493996,184
1.806077268692729,1.1275212520216535,-0.027663376317672572,0.7211713786156893,-1.0121457220678796,0.13119388454420688,-0.05015200410375864,-0.09004973196026511,0.011709257541796081,1.7826192273790835,185
-0.3862967971933242,-0.5042029533666523,0.3759199804216744,-0.7560265169964202,0.10613405298904288,0.3873358627650827,0.26013574112040216,0.6043175442810667,0.2106426584446921,-0.28476624371715875,186
0.6048397939233545,0.3052973032012829,1.3620270643329602,1.123876297807553,-0.0006286351474433793,0.563979595418159,1.4878385290198337,1.1954144125484887,0.05020133988951958,1.191614283963244,187
-0.7546021645913825,0.0236488502287735,-0.9330036285379193,-1.1990883793859766,-0.39738436860339665,-1.324206512890183,-1.2903901541624485,-1.1480160671538746,0.26241740649179635,-1.2812529110568525,188
-1.5403949471803147,-1.2942391131008235,-0.30114776957360756,-1.4707497196727606,-0.46141037737557844,-1.4280347117528698,-0.23061370527424185,-1.5502894066933015,-1.1063679217257527,-0.5902294124742775,189
-1.5101152782059732,-1.3178672761643861,-1.8555925336004164,-0.5571056836105355,0.20399348071234225,-1.1202815645130233,-2.0413548484702306,-1.813713886616342,-1.2400566182007453,-0.5567021104160088,190
0.9615692163429848,0.023380372780512193,1.3204117609939918,1.116090155745626,-1.489067901973923,1.7317376714130077,1.364997820995924,1.1907045167094128,1.9411617615743708,-0.40984065825082583,191
2.8701018675018983,1.0913887652014713,1.4532333434298934,0.8195008941923378,2.840168374746859,0.46879020021660933,1.4704260376505527,2.5240456688063238,0.8030562217927144,2.2087919076431,192
-0.06195874171550253,0.9033396211559226,1.1804603702815704,0.5224737820595258,2.158310429098549,0.8678538956994095,1.2989664688776816,1.910492054996471,1.6373651645454164,-0.19708270172850373,193
1.4857116861605384,0.06261084711624232,0.19369211083565663,0.07203589435115743,-0.14271270109769252,0.3337023395130845,0.32733951205309,-0.5397629865029441,0.807463276560159,1.0793846173386261,194
-0.3255549231916075,-1.063695789951379,0.07556545724396768,-0.9286563397771159,1.543904032614288,-0.43526846937872454,0.27362676977478384,-0.08649541135785688,-0.7034340069388636,0.510232423613814,195
1.0086253608349711,0.8678291632952126,1.4175219590920851,1.5400350773706952,-0.6975433256452019,1.543738749260216,1.7068093624921419,1.4168906774823866,0.2923996766825887,0.4531125091224455,196
-0.7435697428787793,-0.14594368805842795,-2.12263743787447,-1.0819139386259082,0.14448049265148266,-0.7470332160665925,-2.0797628779972244,-0.6896444976869214,-0.9727496838491891,-1.395139684545907,197
0.856656450765346,0.8386815119223181,1.149218312011946,1.059845981709583,-0.4433517072027586,1.1489846672935018,1.155784534195674,1.326236874570872,1.001133810855904,1.759677785159151,198
-1.9097828442858469,-1.5094571313179288,-1.2225745082441035,-1.2655917108288035,-0.3817299133680905,-1.4801014023444683,-1.2643236343220599,-1.4765706495963475,-0.7549286597966727,-0.25099044095552747,199
-0.12989204669854315,-0.29030237079163057,0.3122039116086228,-0.46473704230049484,-0.5867978481422078,-0.21564769492052482,0.15902006521836354,0.42947866004517743,-0.4920533094628301,0.5868028766253126,200
-1.7248641039969663,-0.8621440570476979,-1.9397897777446533,-1.662136026098004,-0.4378651227773662,-1.9741833050154876,-1.8776083531280467,-1.4058570166592106,-0.23246832583487653,-1.5956284690888585,201
1.683161291643458,0.593604505746054,0.8377712661399015,0.714420626773548,-1.183744542030425,2.1929255690102765,0.7857907655898926,0.8691035897312387,1.7857395479021192,2.263391333076407,202
1.1343634792432176,1.4044559211819663,-0.03960829679910316,0.8378478036178489,-0.23183486718880686,0.08153564383394651,0.15810188155942573,0.8748223379334441,1.0624989816989574,1.7422027285996609,203
2.334482300928877,2.307065215357509,1.2065571560018946,0.6087431743247449,1.305853825528645,1.1161054659685932,1.3288938221709787,0.6815907550346305,-0.04559345144043547,0.252110863092031,204
-0.9901967525444004,-1.6325315980911643,0.3078405117780669,-1.543457334193433,0.9130224280889379,-0.3734674563176734,0.21977211243530848,-1.635271274644606,-0.35637471500158013,0.2996991201069674,205
1.9907829748344406,0.8156406413822088,1.3057385855168224,1.6067885684947818,-0.4905275688475623,0.6797262882907487,1.1567590169545698,1.0446757537827915,0.4930752585630487,2.0166162490809834,206
1.379880676172319,0.4907376057188133,0.16773991365899854,0.8281541751254717,-0.10763504918046718,-0.07927181518616866,0.08293112967806926,2.0071108864569958,-0.08377618493201,1.6714677117260037,207
0.6636188708934867,1.5559841243260895,0.44200779806319535,1.2377086213023714,-0.3928328735272877,1.9478723062240273,0.3822029687194781,1.4255032581571214,0.7968559551774184,-0.7648028453243036,208
-1.2018104553425708,-1.064586166030383,-0.4756056047661248,-1.4565761062055724,0.03902863359084208,-0.5289519302126382,-0.4565880548290735,-0.5338816691911428,-0.920805722938498,0.6044349691974411,209
-0.6883497990828331,-0.9713792688755685,0.7107819902464914,0.6745692908936423,1.6631107995689733,-0.1706568645888773,0.5362856305973038,0.7365233230505066,-0.6586711245414771,0.5911606445566273,210
0.4480803389379635,0.5031207355911171,-0.5430900549950233,0.628027125639532,-0.40511833596293023,0.5400866985363635,-0.497100429843333,0.6062649761358649,0.9328703912621503,0.8446702668452006,211
-0.18637260750823992,-0.4192024563336638,0.3958322310998972,0.021355470868017257,-0.7685404708067796,-1.020520117718179,0.21891984893921057,0.3982020956295853,-0.2589421843398767,-0.7434277330125758,212
-0.6702729129424829,-0.12023296221135826,1.1109458425257253,-1.0392047916329026,2.389128257348835,-0.6099867135031225,1.2267162568406738,0.7818262006762113,-0.348933054394313,-1.0768189791829523,213
0.22525114036504457,-0.08479313924886567,1.1166690414070053,0.32745469004151406,1.258840026393512,-0.33786494063453776,1.1498176197506833,-0.4444238161187435,0.11150621216789935,-0.1504291186137683,214
-0.41033404755607394,-0.1737730481559554,-0.5030649077338556,0.05386264163012444,-0.07150526720583694,-0.2092050894927855,-0.5593202631830054,-0.845329064244537,0.6894902218691323,1.1371379918248636,215
0.32266983974991215,1.9010396483197711,1.3419001046032308,1.7356961272454168,2.0862249208892503,1.5143457152584783,1.51711348130481,1.4988932093458822,1.5295426496100304,-0.4861037420772134,216
1.6250885042828838,1.9353017903946008,1.4083523471813448,0.6850625940627213,2.3857982370017177,1.0479872261330003,1.559719972392557,1.2850131283366082,1.0974718965661796,0.6793747136107444,217
0.34034542339381835,-0.021185846030034483,0.7394397140594349,-0.421642932387986,1.1864284367406177,0.42208694824711457,0.620506406017727,1.7289384521790296,0.4935828065039134,-0.5560982328593969,218
-1.5667918343270903,-2.3501413598989567,-0.8457343425456565,-1.675640576148726,-0.46845368515317465,-1.9555039533257554,-0.7249254971887158,-1.5021094683246323,-1.2302663351917813,0.20913926106080027,219
1.5368419284793475,1.503527304766994,0.6205418631951134,-0.1943754491440275,-0.8391125429814967,1.7477512411154068,0.6979985969172167,0.09601467100636696,1.6045815377267996,-1.086553867780689,220
-0.5343464558907418,-0.2417871477932756,-1.0430042868823626,-0.4569380785878354,-0.2689142480289253,0.1332415221157186,-0.6728077632858662,-0.7820771567485298,0.9562044255785953,-0.9461685796705313,221
-0.7143705689333761,-1.416000934477644,0.9898387124897827,-0.28568576004478397,1.1541240210752997,0.08145463666389574,0.9686370258773638,0.32649038550659104,-0.14457569208406418,0.40800844531308234,222
0.3710533085284886,-0.5290574732086215,0.7277546893808118,0.14161180076342528,1.47825070864487,0.25084272390975615,0.7596242575473946,-0.056656787253057006,0.027342157117388854,0.46319179851734105,223
0.37978739848493137,-0.10566885178440244,0.9834556222256225,0.5488813501578207,2.283485735905595,0.7620433316451696,0.8314748870788962,0.9541532861696469,1.033214714605697,0.9791948327716125,224
-1.1483689277817875,-0.09440019990661797,0.41979262662470185,-0.6727982260943668,-0.39874385329415163,-0.3829441581573956,0.4851550978354435,0.36630821709375794,0.1336323073126633,-0.4262263679655809,225
0.0750847161466508,-0.7201842394637739,0.9639974380384246,-0.35406377005697776,-0.39285747103111834,-0.5746400318643026,0.9914635371122067,-1.2612053155449758,-1.1294306643955743,-1.4591566445823325,226
1.5448901370224877,0.8096034932943661,0.5887024049932927,1.0379173501316017,1.7777415891767885,1.3236551436204698,0.563406157156181,1.07012514227617,0.4493952322765471,-0.843848368462266,227
-0.04214440529690955,-0.4429233682875813,0.6808426034019897,-0.6553760144370668,-0.859253822195837,-0.7253280021545181,0.7877809193881764,0.18800023844861946,-0.47527572979520083,-0.4266003106208702,228
-0.7330526718386396,-0.3712042792876511,0.2531762340389556,-1.1724140266239753,-0.8910859026844078,-0.02278279491947588,0.18073460127938024,-1.4250575820179305,-0.9510818338477942,-0.126436043185423,229
0.2698298671445025,0.5230753969214772,1.1665517167406079,0.5459744402904514,-1.1274558935464878,0.19047662401302112,1.1327240233188718,1.480938834254263,-0.5662994668639667,-0.9949224491692903,230
0.0693208996419803,0.41753725177562995,-1.9160792072335262,-0.7039793033127566,-1.3530580598950626,0.23254191218854836,-1.9565827416197146,-0.43204151183901374,-0.5036803145635769,-1.5303760871428302,231
-0.2198751766578526,-0.31946077370258363,-1.7339040172113318,-0.4076029808276793,-0.9947128342117908,-0.5633228439384981,-1.5496961628285826,-0.7061364430736945,-0.4539725123097058,-0.9954718761596786,232
1.0731874605231972,1.8933504776674512,0.708102547476706,1.564743117981224,-0.6469293444777999,0.949981156143566,0.64515783165767,0.8441326743126862,1.149028050231912,0.9469066304308258,233
-1.5388119578935133,-0.5285745163942652,-1.9636335210885698,-1.6625111475093641,0.4486980830329941,-0.9832681164935777,-1.8754470378519597,-1.1828675719478716,-0.26320805949123227,-1.7080811631178534,234
-1.0548529461559397,-1.688095848265096,-1.0844025537155368,-1.0017881858575794,0.8318376917156938,-1.4559613025511067,-1.1637085141027428,-0.9153794139348002,-1.4918198877703093,0.10751012670408033,235
0.5215021599522756,0.8846471762866368,-0.481870230581813,1.1318765951178795,0.2851589751925916,1.8514791003890347,-0.5621570490031871,1.1817792264259142,1.4634489290957746,-0.49056357161600483,236
-0.01190237286642426,-0.5899156607487834,0.7759898340674443,0.7781738975099055,0.6446514832859556,0.2046434735339211,0.7498060450867543,0.1099038916829258,0.02014738001408478,-0.14584198006869564,237
1.5925023926902115,1.1097733623992077,1.2432925118828813,2.0370052996692873,0.7607989858632382,0.8630017217675827,1.226087628709581,1.473914187381531,1.5968708857313203,1.996742947325974,238
-0.4953243610529323,-0.7921012830492316,-1.4436588911512014,-0.043341923607110644,-0.4210293676519621,-1.207784919080463,-1.3547740839205433,-0.9129864041405138,-0.7701599478209851,-1.0989922558207725,239
1.6647169273851743,1.9843215018972034,0.8862353426389014,1.616972811116566,-0.6262965042846738,1.215538263699047,0.976180745915848,1.5568397627639268,1.0137972325641251,-0.16445976510521532,240
-0.6393736250098621,0.40545958999801535,-1.3534974074862323,0.6653097572944384,-0.9759679974200548,-0.6917513806484614,-1.3634369323832947,-0.07646018335870819,0.04097532128147252,0.21267103093178918,241
-1.2858839678044252,-0.1705386511335374,0.2208402212390963,0.12666028901433068,-0.35228912020008596,0.5227503529214543,0.21222236005344053,-0.2909765483858475,0.20480588449124304,-0.5150778612717553,242
-0.5565556134627097,1.2240573765673424,0.28453616522931413,-0.03436786522131707,0.2696969000740348,0.2571646957840841,0.1863937065512049,0.6599627193946178,0.4122995072886453,-0.8412466228563968,243
1.0747533012105719,1.0510130599206935,0.2003066624577814,0.40387401336730955,-0.20687891282632198,0.42942574865278926,0.17785367254061524,0.5737410258387907,0.5117860484566352,-0.2937401787357454,244
1.3932793595603878,0.8386674738759754,0.24435789399336638,0.8893723880278861,-1.355347518141838,0.8708443946842335,0.17207950823784302,0.7318056869764422,1.4351724227039568,0.9986792742168273,245
-1.1426786455957103,-0.4994383813524841,-1.3368871194877938,-0.2108843946910104,-0.9947128342117908,-0.5836280940670775,-1.4503039150674297,-1.3076670506446404,-0.39619608412710616,-1.5272380875152614,246
0.174348528749533,-0.6333968918055026,0.9351422123347235,-0.20091895621527356,0.1911515926802685,-0.10865777975733804,0.8353508197883963,1.242831492923378,-0.5575448204940048,1.1113645368319958,247
-0.451684297191568,-0.8501220424444935,0.34168978401155625,-0.9243220976837743,0.1816159306149887,0.010592110605593952,0.22040707066768284,-0.23506357420172108,-0.8791275447151501,0.9379129568604503,248
0.9321297564912152,1.6013867077652195,0.45854135482934955,0.5920956933068766,-0.3817299133680905,0.29493638635944186,0.46725964862498626,-0.2350562863929413,0.9686041678581443,1.7735604944184007,249
1.1685124312155786,1.561483673572016,0.8473594523750885,2.105022828277745,-0.4966610502862916,0.4024235319192997,0.6350550510673514,1.2816073645574493,0.33362552939256496,1.8252179102894295,250
-1.3662142599104152,-2.2232127790400558,-0.32734207675843696,-1.3493152190753017,-0.2463081091132664,-1.6983627119512255,-0.2281380002903881,-0.9844839011832718,-0.30116142497742393,-0.12253955311480813,251
-1.0984030111735783,-0.03484727501349627,0.1956345947359459,-0.026503313076462254,0.2858819112087687,-0.6140035119910472,0.07991090246353982,-1.0497182962340585,-0.40881435945757016,-0.8510576390546907,252
1.9848145471741665,2.1021018002268206,0.6032927618694863,1.6583381228730243,2.079839070169587,1.9763597281134837,0.5619985324321326,2.665575784826324,1.775770554779236,0.7058124643857184,253
0.17070368364622368,-0.19608205845210303,0.32596037152097335,0.842563281350267,1.5511925250451433,0.7075113115716982,0.2875765664106864,-0.8382878474408255,-0.41630269526437225,0.16954052358084137,254
-1.5156161812262146,-1.7878765385960191,-0.9476117829778232,-1.2033072441719286,-1.1559577625462953,-0.7719843957003272,-1.0827809905707784,-1.908335107884441,-0.9529687623243162,0.2727031807570566,255
0.587209262922441,0.4782136108201933,1.0124591067127722,0.2074877654610563,0.44887532467435,1.157310185218734,0.9971401830284154,-0.09639645818693277,0.8993553240193954,-0.8742566087310506,256
1.4303531409514294,1.262109666916531,0.8982484475718291,2.3006460973950316,-0.04547230219550191,1.2430847082412497,1.0211202931320384,1.3188331841322949,1.3414372186140184,2.4008791922434214,257
1.173683987477514,1.0874289191138864,0.476586972132381,1.7723247671173108,-0.40511833596293023,0.7734759675155451,0.18310152920462675,1.6853550232879098,0.7777592989785513,0.5800114212037426,258
0.911263917118039,0.5493119851420201,0.5252055080797113,1.1117875534906587,0.1415234220097925,0.08408373950720005,0.45841114411721784,0.36592115232711286,0.4693458090574181,-0.6546661858582628,259
-1.1011114031366604,-0.5088232387464879,-1.6432364110654998,0.12690028129747621,-0.5122053638827562,-0.27552313483824786,-1.5292690280806438,-0.6227698663947354,-0.042254899481490416,-1.5047461225107295,260
0.035524649384022666,1.6000132074244786,1.2828752709744617,-0.023671326676088178,1.5159132886950037,1.9403542788159753,1.3719071637892397,1.426934591123222,1.6392021188916726,-1.0731150689913926,261
-0.48360416455001043,-0.6531382564882835,-0.46213816902782145,0.2393323877225182,0.5984409275171263,0.3523567998937107,-0.75888290388551,-0.5309704869143332,0.48710647214996095,-0.9777833058707137,262
-0.20787652486876795,0.8491861018248812,0.6521159487920891,1.4868738351196704,-0.9271018733084428,0.5085423700259353,0.5306536337179586,2.90201672062812,-0.06918956453227931,0.6991885206487751,263
-1.8595139571370902,-0.283907422473586,-0.268162073806802,-0.2889547828740602,-0.6633283387792408,-0.5523175712369666,-0.3775612062086251,-0.7088356748662608,0.048510103710467156,-1.3014103164780604,264
-0.03693960631372395,0.7576066619479096,1.3709387736806122,-0.44833860455433894,1.7385326418461635,-0.5337268998374989,1.4149257295598852,0.7075752908712318,-0.5725949766769605,0.03954790645246531,265
1.3284377618418937,1.4163098207906808,1.1520529649424764,1.3831229945706376,2.3109342626360605,1.3714539849068008,1.0149624931862897,1.7174420370353598,1.1099430258375564,-0.15527224239615278,266
0.9652807489026927,1.052003408999918,0.7544584495011144,1.2033224175187849,0.334684004605466,1.5389860190361393,0.6994630068351386,0.7124031763929528,1.1167918154456133,-0.11291380909240689,267
-1.8057873147833514,-0.8683145456801535,-0.41373498704958545,-1.2544329849291227,-0.3929195252632627,-1.5711510628197836,-0.5009874038596009,-0.6000372236329616,-0.9857589428213829,-0.291690174232591,268
0.06884410210475389,-0.3343441893230681,0.6658303239916801,0.04040460307453153,1.3123897471114727,0.9976356041356094,0.7376586858029439,0.7762218007949924,-0.41037412720385014,0.807787686975137,269
-0.6955298722567596,-0.4102394821388369,0.7143158759404533,-0.9350925848531735,2.026246037307106,-0.2497050755036918,0.6355633621307162,-0.24517578002821172,0.3206499317990281,0.605672882116896,270
-0.046118266349221004,-0.22798245413547402,-0.02256165868622273,0.1882548884085573,0.5640702793888854,0.579136049125647,-0.12447021132995784,1.178681815772999,-0.21133120038931819,-0.1699639578721417,271
0.578988958964793,0.37290996410987653,0.572857632090314,1.2588996837144713,-1.659148374178471,-0.419421059803853,0.5018125506789424,0.22307477542568788,0.41190151398431385,0.16717126017411754,272
1.5739530159634203,0.7367581101417771,1.0763719409908479,1.6478412387985206,0.3171978857000535,1.3028828442888032,1.2569717992164957,1.09373191851184,-0.11023231008076118,2.3480167600386666,273
1.5034557310014183,1.4046785175148844,1.2844554418783924,1.7749404812971412,-0.7156733147358261,0.18519210315532542,1.2563106988049948,0.15657650532004008,0.24301769160962938,1.4731008194213069,274
0.1435648363494091,0.3491918979252806,0.7021538118128321,1.1521021456494114,1.4779437612119102,1.059193081471387,0.8315866753781864,0.4479020483149678,0.6590003791599839,-0.43545223065368655,275
1.1904872775737467,1.1416604935905559,1.5136253721925486,0.9374938509708353,0.1450615078996076,0.6691370990972461,1.820010242565551,1.7979835410347604,-0.16904000967746113,1.663909576675708,276
0.8697057851768419,0.6376475688920942,-0.8319445429481445,0.7904998009086626,-0.8151122845001599,-0.9826858644425687,-0.9357680958274133,-0.5052368035342465,0.34739763230220966,0.472344719259961,277
-1.8641755847424708,-1.6689894402092342,-1.874701619474179,-1.02390715984524,-1.1274776109278672,-0.5235789405752178,-2.094287357640584,-1.4504204996767882,-0.22058269133440134,-1.520093467126077,278
1.5908216711319647,0.6129437791126644,0.4019127753357963,1.5292544437900122,-0.437787794062964,1.0538091630519704,0.16404261575982537,1.6531556106845273,1.532231138880412,0.4209665766170383,279
1.2823921812563719,0.5589259331610941,0.34894041554078026,1.5615767381363357,0.4648648297257598,0.9583940827241286,0.20191567780520225,0.027251512784434384,1.8278098315608253,0.6151646770493966,280
-0.152871358520843,0.025657769042250145,-2.1098292224109416,-0.5814910581036545,-0.15020607290491772,-0.02911278981643517,-2.1484336850458847,-1.4260997064331824,1.238773313331703,-0.9300060267964605,281
-0.22222906328478964,0.4587570078943246,-1.412465920407287,-0.22624117999914173,-0.5514546809493792,0.34070224792138526,-1.5508503963226725,-0.437453892390256,0.8219478107508023,-1.5074499048287522,282
-0.33564077497332856,-0.28828480963330794,-0.1453997466062691,-0.05800996706320327,0.0529220057198756,0.5454694518001999,0.05332802414091109,-1.129859893156285,-1.3418087271125692,-0.08181152701593164,283
-0.930381732861979,-1.541565849775914,-0.25890802480201347,-1.3587003330709986,0.03902863359084208,-1.3015483499714113,-0.3164703558099611,-1.2450143690495894,-1.1421486124294447,0.022212904199197636,284
0.22359084197071621,0.416905328538854,-0.8937686719149123,1.6046403252627393,0.2851589751925916,0.6106208993355056,-0.9643653236543006,0.4591787265989862,0.5405140642909028,-1.2741410387122252,285
-1.34946538534883,-1.5398247140855146,-1.5943291985325425,-1.5890055726514407,-1.648490724339247,-1.8837339644464253,-1.209534493552749,-0.39686338582393565,-1.7713160510018766,-0.4512030829742817,286
0.2250020913475521,-0.05170148839450328,-2.2095745850520307,0.617071314937262,-1.3581984305374752,-0.22222883549614902,-2.0835652302593735,-0.5741582616203957,1.6068186135558058,-1.247229165586731,287
2.026754156706228,2.435123790034652,0.5158612911827369,2.5338973466428447,1.939880314807735,1.2722735937373995,0.6496667695139289,1.5870764634967887,1.532178238786639,0.877924992546206,288
-1.2761368919673708,-0.8371418685428955,-1.5199813378944231,-1.1350846945696809,0.21928746861756765,-0.9484237872565564,-1.8898762975424273,-1.0385100487418857,0.3258042856337595,-1.4238729469323848,289
-1.286917003727396,-1.4613752281625052,-0.4787888222878083,-0.843695763319215,-0.3043569477381698,-0.7337734255685557,-0.5150368903198523,-0.7949907854408409,-0.42207970819490104,0.5142722166205576,290
-0.9977021900680894,0.2787556551983392,0.21317227237895064,0.26015631058609867,-0.8392830335197559,-0.5171420015173951,0.2339900727897053,-0.36843085188601243,-1.4802914419955329,0.7804297306354562,291
0.9119922823365816,0.0455847207568536,0.21908705138234308,-0.13756208547886306,0.6996443030917476,-0.02188286720790944,0.06135320363460406,1.3500886959854026,-0.01400460612737886,1.4247094967613045,292
-0.5914993453055613,-0.1636392778566993,-0.3601613310233698,-1.2005824275505965,0.047250482018789786,-1.1293624947898366,-0.09910490086089574,-0.2915313507342685,-0.7283281170436045,0.284781612188431,293
0.9842710888370423,0.7208246370311597,-0.17876393742133234,1.1047581590822455,-0.04547230219550191,0.9654881845159853,-0.32803759033964375,0.2232740756499194,1.2644093590460916,-0.22117018760305096,294
-1.1568116414962133,-0.634742059686467,-1.4548028255106158,-0.7473759526913608,-0.9948836506661556,-1.6051971299797878,-1.5391164460467888,-0.9986731491353453,-0.6115694737238511,-1.4448249672444824,295
-1.597918835013537,-1.3682097676041538,-0.9275552324753535,-1.7163763690943084,-0.48034559315318215,-0.057828873119202484,-0.9888222297457814,-1.7302748970182296,-0.6832283815565376,0.08978243440042544,296
-0.8782700317050596,0.12541292885501698,-1.3134837601375398,-0.18907904171378842,0.11905120663762858,-0.4541450061930392,-1.2817026067305117,-1.032038805451192,-0.34526004256764087,0.12322373127824982,297
0.29684932074124104,0.23239412948507754,-1.2866125099578531,-0.6541898484205626,-0.36495329758339845,0.16801200868303479,-1.2795726886910468,0.05596605428132295,1.0346943284721584,-1.1522739089575968,298
0.6135746608924142,0.0671690479402669,1.188544407057051,0.642336613181449,2.3484277119936987,0.28579049847910687,1.3359313323944213,0.6747135609372072,-0.7265386705437498,0.5409911789316793,299
-0.857976984890624,-1.4264050519860207,-0.5543313467662565,-1.5344778347107662,-0.9611561757240277,-1.6616107341698259,-0.6342314079454812,-0.4069452077298492,-1.039427462791528,-0.6219847336499087,300
0.36213458513896524,0.5927833819753143,-1.5702690643930635,0.4214580973666291,-0.7257420584315273,0.9660301202658181,-1.8388561452048369,0.011102320569446045,0.17802469623002382,-1.477024384791584,301
1.050296281229686,1.0768657886657644,1.3758439950836636,0.32676422817471984,1.883161837743152,0.6607514714745992,1.5974757543796745,0.4215449030461036,0.13466192262623622,0.886064683361768,302
-0.4018323681119469,-0.531052183812897,0.7288733671255252,-0.3951798830396558,1.8999612071639245,-0.09879989244961784,0.6795474676780116,0.23054768358421862,-0.3532704467967249,0.5622492076141608,303
0.4592717556634458,1.2993369236556505,0.5109313470755681,-0.1346810559697833,0.14121834304222114,0.9480087433400812,0.39915594987860037,0.8240007886719285,0.6454848372715924,0.5740214521772979,304
0.6380940520916127,0.7108326875298676,0.8646201351261189,1.2459221303426884,2.1295961038092295,0.6440616137788377,0.7645568713779864,0.9045220561629732,1.0769876580870257,-1.0471575465885734,305
0.35895328967894935,-0.22192351560174317,0.7885333179982239,0.9308381610791736,-1.448248920933271,0.06234128256263616,0.6089196791148752,0.2268025740639601,-0.6790429463873175,0.8094914036910694,306
-0.4089758750334611,-1.43539899027581,0.712847390004399,-0.7302552589733857,1.3452708457688973,-0.3366077268219583,0.9555658944887586,0.3895250647447721,0.2705283898549127,0.7562882067008947,307
0.8981990798187636,1.6082003563704226,0.6988689992645871,0.3675520226019071,-0.1427312023437275,1.0527128214641137,0.8705680049822295,1.7848532075642418,0.9001416376953406,-0.320339736736164,308
-0.06097017485505529,0.9911746363882434,1.4703556439789165,-0.16028580301280848,-0.9611272703564646,-0.5077238126530101,1.5275817167036183,0.3103077524124602,-0.864104831987913,2.0598672108629508,309
-0.06252453378321876,0.6794397390526481,-0.4015653043404681,-0.39581805661633473,-0.10753969434753508,0.4705401921621162,-0.6727746017583396,0.45930330756896565,-0.2103140235400245,-0.9354055022318448,310
0.9425644976031489,-0.34184287976485517,0.7183566868782256,0.645295864562146,-0.08316372260700966,0.868489989304243,0.6394227749333461,-0.10168434080189925,0.10959705732326319,-0.5052353717102129,311
-0.006533315941928297,-0.7784776747634488,-1.3224377318224145,0.20079899387762734,-0.5853590057554126,-0.061257458805400455,-1.2640429592210065,-0.9116478903837886,-0.49221269031027814,0.017167802519561848,312
0.06336334172062408,-0.06903162560015508,-1.0010450255738248,-0.39102848695189274,-1.066968119983847,-0.49751902754564137,-1.2562506378371654,-0.5367065524961434,-0.5133006436177008,-1.263579450742677,313
1.1392408129882914,-0.376748976045034,-0.2736469668506971,1.3909526270551944,0.3458873184252733,-0.356381675993372,-0.3444325676739899,0.32282745392656276,0.6850717835767051,0.9780188450223053,314
0.17782364403120687,0.6192582760073244,-1.1092124505357104,-0.2622852873715218,-0.3568911949602893,0.5113594872715923,-1.6374201060923164,0.9319311870567997,1.5612062322499458,-0.6334460474569987,315
-1.6326067396578923,-1.1201967992454196,-0.4954579700705495,-1.0216768996040693,-0.9273687693159689,-0.8185342517035765,-0.3618945499151307,-0.7596469680931905,-0.39431825652224095,-1.0458014573868675,316
-1.274882492372304,-0.7663412371030751,-2.1669621333742675,-0.8527521775312461,-0.06065261638842179,-1.532361936599976,-2.02404844563662,-1.5213284159624298,-1.3911313771595926,-0.8228386594501687,317
-0.3760513798227545,-0.9101865846379618,-1.2873097107814169,-0.6491150102935668,-0.8911190856071989,-0.7679461231155673,-1.4201963459061018,0.21503378613715873,0.572764091381561,-0.19924866365638838,318
-0.24857100329972792,0.14857545916842585,-0.010824844438657166,0.7128169136328721,-0.6075007000048325,-0.5384469578646913,0.15311880123796962,0.6759468564391131,-0.1962225981124308,-0.30186074713370603,319
-0.7514715049631024,-1.1236802757375366,-0.1832483974658965,-1.2000180111101937,0.34579026984548156,-1.0033486740778619,-0.2938989420861102,-0.4931200692163873,-1.048912161148039,0.06054764300849391,320
0.8674200760025883,0.48875192767752673,0.8693555254652117,-0.292846679572097,0.9897543979884287,0.0648519798801932,0.8750527819997027,0.2297898004085448,-0.471434517373863,0.7911562849358915,321
1.1090884703494401,2.296849749482455,0.5257571402335297,1.0827736937943113,0.10607150759158857,1.181694827596202,0.497930886394647,1.0355862650514776,0.6722263218345252,-0.7148903532001134,322
0.5076170220948517,1.1921124123980245,0.6383635758437116,1.0930064318791843,-0.31116891940030067,0.15502317262528487,0.5737038153219491,0.7328522870400747,0.9246974102166288,1.6947135319418147,323
1.2107680730571313,0.6396009505161606,1.052144368285734,1.8097456301481838,-1.2901083657071046,0.2594043787051856,1.0260051908652232,0.8550786848948604,0.4786251550855418,1.7795749805050347,324
-0.897025531476928,-1.9433266004550944,0.05699019784431347,-0.901153015355491,-0.32171038448452594,-1.4594486385108714,0.18797246541335233,-1.0853983365896824,-1.1913813498269894,0.21840589795178134,325
-1.2103380323130342,0.15832613263329365,0.8022738480892773,-1.023808220121277,-1.10332234147223,-0.8259899434274232,0.8612740582008696,-0.6531177449843568,-0.9793258135023659,0.852190553441107,326
-0.41755346164545193,-0.30068364349761567,1.0254314976520207,-0.1499359235586899,-0.4681983505316454,-1.0255941997747966,1.0755149550152008,0.8177439628841106,-0.6470830494012056,-0.3331223645424115,327
-1.100280154891859,-0.8761859883108747,-0.15172784096311687,-0.6860476175764096,-0.0944193519108969,-0.8739347385051586,-0.31582236027316934,0.06687028358388303,0.14194614555619123,-0.5545947194350189,328
-0.185077541599872,0.966580997055871,0.5726425439735878,0.33638441292764787,2.1330646482475304,2.3356546995558136,0.5781159330842027,0.104494655267378,0.5092407216361554,-0.2998788428692165,329
0.07986201861087228,0.07833958835338928,0.17541444169710307,-0.30603769560496086,-0.7921493297124012,0.45192038908514975,0.07281592980978946,-0.23604145955324185,-0.758779761136005,0.020932987735736264,330
-0.3550289073501742,-0.7595118526852442,-0.762159914311654,-1.1683863355946036,-0.3043335664315463,-0.4552011214767617,-0.631631390703101,-0.7849380946261064,-0.557202633441825,-1.308335331501275,331
-1.0690454856622473,-0.6316279136174288,-0.9168038207498472,-0.5267518903949417,0.2855292374446101,-0.7150013805636233,-0.9179930095206004,-0.9556030035749974,-0.6568092884886056,0.07802669974788956,332
-0.5179825951911934,0.46188066303832453,0.6839482135242827,-0.7808645581986327,2.133897848557484,-1.7804522415190123,0.670608396896325,1.7281332273651868,-0.8907597970943635,-0.23565032548891818,333
0.7197367804064325,1.186787386735142,0.8493278521387291,1.464999267291236,-0.09235061263597477,0.16859210958514215,0.9441309204478932,0.16776810422722122,0.824346718163973,-0.050792916541112954,334
-0.8564055515389877,0.3111951239616275,0.9026317120969214,-0.4555631258696238,2.144009154529221,-0.2576737388128878,0.7695207348955815,-0.3639644850468553,-1.3576778382533718,-1.2733947859054489,335
-0.0017623017519330375,0.8361313966296333,-1.4196774396731344,-0.7757772245176053,-1.1836504636953382,-0.4487961961640985,-1.2299413835746038,-0.7147355648810263,0.8479987620179021,-1.1607468065819813,336
1.6683675760995813,0.8847056879470832,1.543824624884515,1.3375365309267595,2.027983720001949,1.504730948250887,1.4688733697902259,1.3846877510259916,0.8162899364355785,2.1339152987407397,337
-1.5282589442093633,-0.6806968418105948,0.6252043355020798,-0.5474495875637018,-0.7508430838599389,-0.9030772431949385,0.6301726499364366,-0.7655957187769058,-0.3041701029631505,0.19968166583258018,338
-0.9753932465306734,-0.30240465589119103,-0.7687403083110556,-0.7121625469145454,0.4648230026315969,-0.1527104800607555,-0.8067178285446759,0.09013161299019101,0.537884897073033,-0.9702921657596995,339
0.6524429011276283,0.1326339270515513,0.7866666590902573,0.9880168546621828,1.2812538214745541,0.6566756235013744,0.8121701987741778,0.4779331260032942,0.03220163499217121,0.27879291834146436,340
-0.07290058991191772,-1.0563570505373572,0.9548851549456532,-0.451628091711173,1.877306877284561,0.04305899374481004,0.8771336338728728,-0.47913799859764805,-0.5509298144311867,0.13863304238578222,341
-1.5049730943750799,-1.2092701481859023,-2.028093917128883,-0.5686761725520428,-1.2376379530132513,-1.1445006988015707,-2.8336695392247235,-2.069864675936619,-0.9603023055060056,-1.7257688927717378,342
1.858588808362081,-0.04512393890140842,0.9747778398244884,0.19357071751644184,-0.7156871694186551,1.0139965083993578,0.9640794999757625,0.023323737164215652,-0.2910418204724905,1.3315359267871782,343
-0.8292914087147925,-0.7847294226836845,-1.0578828467429737,-0.6165140094378503,-1.01197032610315,0.9687599175214725,-1.1230452952294483,-0.811841802598599,-0.6960016001486575,-1.267744710374275,344
-0.020822982004428114,-0.03996129657517433,-0.15554415015573486,-0.5018739003227086,0.057715411148389295,0.4513835453990247,-0.301979415382585,-0.7825895100855693,-0.8532474959251051,-0.3078369337592053,345
-1.403485140045312,-1.7189394683904418,-1.7950304444851604,-1.6928212781372287,0.26993332700093986,-2.200539776239234,-1.799313092328008,-1.78507358420624,-1.7058830524720516,-1.6411433609367383,346
0.042954074761587746,0.9002724840442746,0.8212695372815015,1.1906783781627448,0.18141260983034546,0.08160182144067862,0.8036707690020148,1.01424205982504,0.4430816797130972,0.07040794895357916,347
0.7846457766317478,0.4693211688150749,0.1235059387098898,-0.3109566662464387,1.0711131091541546,0.4403374630654726,-0.04853550787617866,1.368160492218653,-0.16712576493386266,-0.982554309263894,348
0.22465191800589013,0.4087059600794576,-1.4401987217567833,-0.47599618363711893,-0.6264639435969532,-0.312327811625416,-1.633565967638364,-0.531066489667698,1.7365709332537893,-1.3181810945579122,349
0.15833981208278125,-0.2189765653817628,1.067960219928553,0.5304655253620398,-1.28350782624248,0.8454059193869308,1.0457595335123235,0.9769064972770625,0.007419075562699273,1.4751593230303381,350
0.3269369003557292,0.5532225317661681,-0.0035348505243479877,0.00459023754974397,-1.72365186745711,-0.2900499141005841,-0.21619836127211167,1.0308544699844253,1.4262878136949717,-1.1656194914471172,351
0.2921421474793,0.5419614521323428,0.795182056197018,0.5904212282441827,0.4821112587087206,0.6368409744454901,0.7114502637074092,-0.4357216751572792,1.0152699506266143,0.9255700312555803,352
0.511677522729991,0.9459247073943091,-0.13115580910383806,0.8408468567971217,0.5992717653885642,1.3189473565280165,-0.08374460212707957,0.34910305430500044,-0.23022100494239073,1.5451253673585867,353
-0.1729629356518061,1.3451322204439933,1.1888525416721918,1.4393556755817851,1.1146061514117882,-0.11104752954439445,1.0917058667150772,1.4537778952073577,0.11347712741000571,-0.973987515264571,354
0.7110572378112128,-0.8251599865115107,0.4173829318201838,-0.09712332531755408,-0.5950425290077952,0.7750788124607637,0.3042340360646716,0.6030789812675086,-0.7668052943480044,1.080697403965715,355
0.5978538271991705,0.012470447422889608,-2.0406639576051364,0.1826952723087374,-1.5093951144428286,0.48844905493284774,-1.9546869349402494,-0.32756915692666033,1.3790464360323598,0.6865525607437746,356
0.07208284050686187,0.6304175715015048,0.4127589408239245,0.7939579325988266,-0.5223263012884198,0.3564174381552778,0.41870107696694125,0.28304318329614886,0.3989555108996372,-0.13150575711798962,357
0.06048938430637829,-0.12531752653201056,0.549518734107564,-1.0105864916074805,0.2235378901360281,-0.3965118190763346,0.5459433460755063,-0.13613122721839432,-0.04303333103777085,0.06814831631855633,358
0.6919940129608093,0.26788695533646023,0.04483806740921481,0.09117827592391015,-0.20653214109004936,-0.1764026972939441,0.03689234602307945,-0.2408914453916715,-0.002257769256269304,-0.4719158363681495,359
1.093923586320455,1.244080964253731,0.6857130888820528,1.5326391827374564,1.5537345644427516,0.9775038151372448,0.6477419215400504,1.1216997921255683,0.5421415507056193,1.25548005381884,360
0.854457082001308,0.46923075483786536,0.5901291120663215,0.6819708042260397,-0.2068890009399187,0.5607637230744835,0.5688269386697349,1.037523288276772,-0.48559555319824366,1.4286986259311418,361
-1.0084275832998446,-1.560472914785303,0.5057634262337838,-1.1831634012537324,-0.5624727083791996,-0.7554041713870385,0.4637743761610662,-0.13935195285097768,-0.9928361581564906,0.5034847080658009,362
0.9575808408931457,0.043316041515017556,0.6104093832719433,0.9346493233712516,-0.44311777281827314,0.8279555849400801,0.5612773902103365,0.19281919515721868,0.028790821965458013,-1.027732857650618,363
-0.7473264490137963,1.2742476333898871,1.3838219559689748,-0.2663097781327617,2.248968608410736,0.6123416394048975,1.3065578643650393,0.599515765020963,0.76544965614747,0.09673481994875788,364
1.4439718118847433,0.9511429264076905,0.2952893727304957,1.0420225146446906,-0.17049855556631632,0.718912427980475,0.2249269515959329,-0.10612983985063251,1.1968077107741681,1.3527529541510157,365
-0.5620170906730584,-0.3249487773636366,-0.11288337376763669,-1.190145075061884,-0.6370520272761011,-0.6261897036470649,-0.11545607408157554,-0.5172447880686286,-0.2696147248012175,0.010898679265043842,366
-0.7680546467080915,-1.5462758379917223,-1.4158884570603565,-0.910536666078863,-0.3218878814179522,-0.21507783673769043,-1.6349675698793558,-1.4616535982159387,-0.6480071635214659,-1.0030902221148512,367
0.8387210967900218,0.5572577470970024,0.12359286954354598,1.0322124787736522,-0.5725219468053888,1.2634600833218714,-0.09235772009343135,0.3388983957674492,1.3705064078471767,0.22726500663143923,368
0.37558408373162067,0.9921813987060819,0.6886581528905746,0.9543125019124881,0.057663034831415994,1.5047598740232577,0.5037388406453189,1.4196920928307724,1.5297417563979097,1.5235115865758901,369
-0.3331949439327786,-1.554955531216811,-0.11715796944501,-0.35129265181966485,0.47763603519802644,-0.6427806567153533,-0.16703288343653067,-0.31499333161193177,-0.6155169555166162,0.1642088334793912,370
-1.7882574522480885,-1.1067889266378796,0.19354905201498096,-1.028884298357506,-0.06078838962411148,-1.6379772355824262,0.35044514097353074,-0.27388360359582786,-0.5260264029919779,-0.6768312759925852,371
-0.9686461385537546,-1.1732761820248037,0.5790196386607878,-0.713216987487667,0.8584326285714985,-0.8592553728246308,0.5480083309967332,-1.28921048078363,-0.4884528636588379,-0.7824908538309936,372
0.92040224316265,0.26273867839438236,-0.7315283934020245,1.5099622040398955,-0.09270580181376142,0.6222800117523071,-1.2186092344663528,-0.18335244887837288,1.0903152510358871,1.4903127393618787,373
0.07390932646172255,0.258602450545915,0.8577193454388332,0.8114051140640954,-0.3482170024205806,0.9795365820568414,0.7668690559820714,0.2377182590369744,-0.04729768855228644,1.9250538230407637,374
-0.43019607740246,-1.4259373866149199,-0.6406506896596731,-1.3741867669837973,-0.6370191566051746,-1.3292762152510003,-0.4733391434148766,-1.6683162848012505,-0.9611989725326893,-1.5388558423211869,375
1.8796195092950732,0.71242636319042,0.9780335247472025,0.7647854135841221,2.6513276963443477,-0.016793390533508035,0.7814785091962164,1.0166651158464566,-0.6915240544395025,1.0035703454791824,376
-0.19122330550397804,-0.13081086694508248,-0.02824004598164631,-0.4930472587876735,-0.7821549775741257,-0.28862583727701185,-0.14093644495736624,-0.4738386528415648,-0.23935751488595836,-0.6703641501810584,377
0.5902507316264167,0.2654973807569463,0.08485341420518111,0.622770443878151,-0.5315639122619429,1.324527652637117,0.1762844076981489,-0.24920550313792478,0.9928352046901285,-1.075606815982515,378
0.06620645435569905,0.8931347173848927,-1.0111375164047822,1.6211402063664098,-0.7821859312846637,0.45363807026256975,-1.027753008148943,-0.20630686397649667,1.9150585658979051,-1.0225686576544653,379
-1.6323019999992554,-1.953275537678325,-1.4879997765934485,-1.9939450731291681,-0.2068611169026049,-1.2538599054753399,-2.045055668746258,-1.943140998312733,-1.6260546036979182,-1.3499035755188369,380
-1.1028626276251936,-1.1740542469617967,-1.179892732714309,-1.4270432751256972,-0.8911061583317241,-1.0612854713485191,-1.0569890964632327,-0.9567271511484101,-1.4057462269289203,-0.6084396914354993,381
-0.009565623869683737,-0.3329894081440692,-0.8561751333541849,-0.3801784476084453,-0.8592743240348542,0.17509450502178647,-0.8993049100403134,-1.1027855940622824,-1.1890836262657207,0.2980627607485493,382
1.3495795257929606,0.9275946868594198,0.8088340006790191,0.9741801951801174,-1.7035042794797897,0.46033671124408526,0.8535920512975692,0.5230297748737709,-0.03026906238867344,2.1355587323468734,383
1.2593082233679613,1.3096621252833929,0.40978630482090184,-0.3020734458102998,2.1164426161248966,1.141537467137371,0.4988821432046322,0.638743635957439,0.5906658421088071,-0.9897886209825566,384
0.5362943340305293,0.9884959684797892,1.2108608328195252,0.8520784894322877,-0.32166265067015654,1.0833801898360598,1.3249497665517591,1.4976808840691191,1.1242614307624077,1.02099444833468,385
1.0174699747393756,0.8892017528062186,-1.0877035249620475,1.2545381879355584,-0.5514546809493792,0.7753871299691246,-1.0360764521688886,0.5588618964176393,0.7522387779804891,-0.8662926333962662,386
-0.5158620811219989,-0.9036266396839858,0.25683446943618193,-0.16096857324577862,-0.5514546809493792,-0.8008811902678923,0.11176600063703046,-0.5852845061147542,0.4053182240494082,0.4611817748335527,387
-0.21649074365591447,-0.28022467372716364,1.1707472099664775,-0.3026811703529879,1.959702973117941,-0.47062850980665294,1.1950967606402592,0.34921571775659843,-0.562606866673903,-0.23121229330560733,388
-0.7486321169716612,-0.6764660964295162,-0.7151228829546743,-0.8148258532781489,-0.19636737972629992,0.38735031394119845,-0.9336214255620723,-0.4526680768908893,0.158800117607363,-1.037270955775703,389
1.33086312671381,1.7408301977515195,0.9495709929622471,1.0009625369203161,-0.3926084204475866,0.9246494648254597,0.8506898839256878,1.3693429880693837,1.053960744315943,-1.2051438330951054,390
1.2330056587254679,1.1386509455369431,0.5576105836805763,-0.2891521320710444,-0.9458193518436384,2.0414823954823693,0.5771382965391543,1.4198207244767693,1.3311688979812253,-0.33611056451650145,391
1.9961505742970016,0.4486106284293796,0.602290837231314,1.3350018009348918,-0.7687042867897009,1.2545724706642347,0.7042724866946024,0.8469784467560484,0.6935589181862067,1.5588668268891581,392
0.794838847258241,0.6666421421633055,0.25394556433726345,1.1608792746721033,-0.4684145183981665,1.000842057929308,0.33496900953996356,1.1132301016022033,0.9715254429090021,-1.3974145551662818,393
-1.4616425288278094,-1.1557917035722025,0.47059303211718184,-0.9662213779294597,-0.9611862394634705,0.12187728389069163,0.4429450341015564,-1.0136590602834765,-0.3507346231341091,0.2051303847248891,394
0.28451322632233245,1.1282442397130086,0.8696807284387105,0.5084627646214044,0.6558164933693273,1.7955638328457821,0.783856633447412,0.6885225317602199,0.9952009098452546,0.40947798896305176,395
-0.618472823298585,-0.9038842665471456,-0.2118628893653196,-0.8141626445969514,-0.5230760811726458,0.11845364543052761,-0.15991634039261005,-0.5625216949524623,-0.2436949497562504,0.08583511081945372,396
-0.988034824392819,-1.079147433752409,-1.2470197017205948,-0.8672514875036277,-1.1357961680955135,-1.368843655534103,-1.2405821717682515,-0.839835691917407,-1.4634785555102559,-0.9682040113808963,397
-0.14940906991210556,0.06842281340316214,-2.6714218697806404,-1.0278330601804706,-0.32166265067015654,-1.1879630360425,-2.7833238462213443,-1.5681144384226764,-0.1272536997875242,-1.0416854614083007,398
-1.1667813510360605,-0.7782064640520656,-0.3189407463067411,-0.7616768037537511,0.21975995515666624,-0.3239982302235689,-0.49146246834632423,-0.4215419321701199,-0.07401708090922865,-1.8380580133314743,399
-1.9639587185386085,-1.5569770795062885,-1.7572309012896081,-1.5886974555389495,-0.060777314986464104,-1.9206539182230769,-2.037587139123882,-1.5295970824288703,-0.7600426687784896,-0.21325202327648118,400
-1.0211657202398219,-1.603804613536814,0.43856180222242447,-0.2456248563238297,1.8446826645232703,-1.2779318609573327,0.5207831380926735,0.10061835331987945,-2.2445473150822326,0.20421823684681883,401
0.6163801245286955,1.4935719799607603,0.9726381776227457,0.7198060558154997,1.2091460234247142,-0.17089735295005726,0.99628654814288,2.0956623451032925,-0.04282786364948343,0.17047406080705652,402
1.8797382888923218,1.3601450758504487,0.8287208134629118,1.563829923228309,1.2594050684046172,1.7598343180230716,0.8023502086643635,0.8835816246980814,0.9018425757904889,2.2968551550841925,403
0.29600287639022405,0.4670438698742698,0.6767319573486459,0.3233802616899404,-0.32166265067015654,-0.5063792080977301,0.6579896862270618,1.0104629231863331,-0.27176692260825064,0.09933287076696318,404
-0.038952057546301155,0.6296099268486248,0.6095848747377679,0.7065941951099943,-1.4780304849283885,0.38559540503686374,0.7088149212502612,0.19487432419755857,-0.6538236551805163,-1.2168137344759784,405
-0.1530272260467529,-0.022240338143952654,0.371897527460743,1.1718321980617659,-1.103237617980278,0.0782316068019977,0.2445450240755751,0.07146554877016142,0.25307309155102087,-1.108511219838915,406
0.9303307710598125,-0.24887559326443998,0.00955483341238006,0.832985599651928,-0.5894149522487624,-0.0989928448216808,-0.004817033739735743,-0.027313947809577854,-0.02888004411689793,-1.236994831993282,407
-0.06335752561229246,-0.6552610808831731,0.5981125539215937,-0.5828520278096614,1.5300989291977127,-0.8446562583890149,0.6255243414633622,1.2798202254415987,-0.27823582978966654,0.6226490541946543,408
0.37048401917095664,0.5687500214317796,-1.0735920046113385,-0.3035491034879605,-0.6031677252059131,0.8210472861956708,-1.1268372236820445,-0.06340513178198526,0.17218368474875545,-0.540122208316923,409
0.6083554261893751,-0.05642956391905107,0.09157209400526822,0.08499372233986957,-0.06068247686835515,-0.10005876052405127,-0.05139379261822041,-0.15302057753557752,0.1316771407200097,0.8706580509746877,410
-1.5327680834798834,-0.8570658062072476,-0.41720951221886615,-0.5658111910219248,-0.6470533846749205,-1.258874410319986,-0.3227067304684801,-1.2666783748937722,-0.8323551907636586,-0.20865739912892667,411
2.186466295239619,1.3801627567256194,0.7768335460593638,1.626110975693038,-0.9273195096853901,0.5665306118907656,0.7828133468178613,0.5033640291009138,1.2308489071583897,0.15083583153955127,412
-1.4275433562050068,-0.9782561301804917,-0.543250731833326,-1.3093398392172437,-0.321645968965413,-0.5370110349118542,-0.41305883933274634,-1.1065068048615694,-1.676940017964545,-1.3842462339735095,413
-0.2234870161232727,-0.4270587363343745,0.9387359931385106,0.4022946825272049,-0.46145848116373744,-0.7807325930855749,0.7476625112111333,-1.0873822767104655,-0.18018892909263395,0.5694254826954155,414
2.0310388953042966,1.9157628430683178,1.3604233203274445,2.2041295480659375,-0.3318404272422344,0.7920340945619553,1.5239435868974898,0.8008908241449846,1.240108911316789,0.6724454243200677,415
-0.6434327804739941,-1.0700330744311515,0.2259466196155102,-0.37968804729675054,1.4837711612650568,-1.1135585653871547,0.15547946179125782,-1.0077819436628515,-0.9023653562030618,0.5716674892873141,416
1.0728863572271625,0.503782123383899,-0.0804426286498432,-0.36281374207901007,1.8740727041909886,0.40385515521082627,-0.09323940708799539,0.5252048509931042,0.1462158577029251,-0.7554344646192208,417
0.8362618748375563,0.5672242525483167,-0.050162989091246946,0.16374219758737052,-0.5223845520581547,0.21286954720751594,-0.19833854859520716,0.16625013636061214,0.33064342887294185,1.45600607469795,418
0.1692807772028746,0.38594035552697936,0.08982988046343676,0.37278064365227537,-0.6849814752936607,-0.3751659045864997,0.19492276291217947,1.4522031660839665,0.19961454277087132,-0.5872036101421292,419
1.728258799826396,1.0134241456120647,0.8878793181173623,-0.30848071110026876,2.2884532651484615,-0.21998544084328486,1.0321919471125822,0.9370585681463282,-0.43434826647395575,0.03442412396391248,420
-1.2732226482795341,-1.10361140648578,-1.1695809264372437,-0.8161233016183391,0.21947480518936002,-1.1948814326026431,-1.4642389255942643,-1.0030739936176514,-0.22686061615527708,-0.06949191442471148,421
-1.0172862809114007,-1.139512282266148,-0.040603588283979475,-0.6567597169234305,1.281356103215328,0.3172494465630338,-0.14315849930481983,-0.21756752434130733,-1.1020691732254457,0.52239708636418,422
-0.49312423523633475,0.10252183294127848,1.051583827133642,0.33372939024042103,1.2204748948139859,-0.10280419287559273,1.1154663036154902,1.6176318692548168,-1.3872288538745434,1.6394033724111958,423
-0.07123246958217666,0.030036210620219883,0.12085377826400423,0.5179673684876138,-1.0492475732343225,-1.2010929603939382,0.18025284534050856,0.2381333732470503,-0.2802401896995823,1.5907555293335105,424
0.0049625018433872015,-0.4821904863087161,0.11843346486053474,0.2506794738512552,-0.09270580181376142,-0.21981583686806538,0.1191731698559837,-0.8686255699491019,-0.48145652556927176,-0.22595524716822357,425
0.4971231274307457,1.3002503042621987,1.192119860140211,0.0070818051058771925,1.8978983974993247,0.2538881818752674,1.270272183746485,0.7410333836307426,0.8043842069925045,1.190599759497236,426
0.06313714907239132,0.6958391179525552,0.6094102583205092,0.22435564287419685,-0.8489205326195837,0.17101987861513912,0.3822885476932636,-0.16145231412127004,-0.5893503031349003,-1.6237709395312532,427
0.879172752945024,-0.46585742494186855,-1.761448174253737,0.35999697053346646,-0.3817552375413795,0.39935522145917934,-1.7215413542120217,-0.7468156319533863,2.105976954141364,-0.41236833953499574,428
0.7768861862317082,0.4202971045340995,-2.1137292667884373,-0.7910494695932859,-0.5726019771145376,0.10693782536635155,-2.232840965719533,-0.5351200325515075,1.8013822945869267,-1.19425688320844,429
1.1100857640358153,1.035115839560497,1.3016658900644096,1.3944266358212927,0.5665168727157661,0.5412433030270365,1.3648684146263745,1.4731398388917136,1.4564525221459563,2.6008428509802166,430
-1.0426476973231527,-1.1135419033964045,-0.18497893310939673,-0.823552052794374,-0.0926758740462823,-0.23005893750414574,-0.3135313561787829,-1.1864487080440291,-0.6400567039566671,-0.5670347092712016,431
0.021521804636518205,-0.0884043139467412,0.754938175997069,0.13585055758475817,1.416196010253291,0.7895141387212785,0.7821099449007254,-0.04751088642753132,-0.545400534602315,-0.3330418091004106,432
0.8753043514396333,0.4775128074353876,0.11042440198383785,1.1383022611185902,0.1813767183339532,-0.03324914034367077,0.29445934313663313,0.2318025313958787,0.7941016028533454,0.6988182911637857,433
-0.7143485158044589,-0.4357059825241898,-0.09973231695512208,0.12675937582019592,0.06302224628901021,0.0580949129828221,-0.031706667102723296,-0.38229340820543367,-1.2931763060172194,0.5780880465400491,434
-0.2226653829574694,0.6139212155705664,0.8369540152908059,-0.529731225631102,2.5531273871673403,0.5686076296437077,1.030734410587236,-0.023586997852943714,-1.7108629129125021,0.3013564787477865,435
0.9241982259904091,1.4415026570849379,0.07702181856986412,1.1350220470809074,0.06248448122260508,0.3692364859098112,-0.09501585084760578,0.6378968057220002,1.3117595537674367,-1.1197142995870197,436
-1.2302343327137124,-0.9550311680720773,0.23840170578945852,-0.8780176411669773,0.062483710858232566,0.06538887499711832,0.32787382282640687,0.055408107450346966,-0.47577730723220024,-0.5860266084274215,437
-1.1305786732925487,-0.7885090701676476,-1.4310327952083073,-1.8480256720535087,-1.15680722300587,-0.6375040750908301,-1.5051638314962696,-2.3441828376379026,-1.3534429737035794,-0.7882682778765404,438
-0.15424512431479354,-0.5930547339290553,-0.8639547962654242,-0.3842158853977573,-0.44339654094079606,-0.1810313451841905,-0.9593449565620931,-0.9237441101068014,0.02940201401206277,-0.006162647559859513,439
0.1712048923807712,-0.07197738541001786,0.05119011887495439,-0.12679635446864457,-0.9273322636305754,-0.6420891353250691,0.27479512027376574,-0.6856792722120557,0.3198337887105027,-0.5563925727427659,440
-1.4202424475040725,-1.1010028150565194,-1.8131713289324947,-1.39766452409776,-0.25800047510814395,-1.135004567941198,-1.9546892190227934,-1.2946823300949637,-0.4338035997287597,-1.7843330399015462,441
1.223435469189174,1.8006597164316904,1.049109927920107,0.9845766602051818,2.6525654453279426,0.6543808046897177,1.1121028670166284,1.4035315279567748,0.21854002741930323,1.0256255343472724,442
0.6049225140574672,0.9738746208296614,0.45119696391450836,0.9863756263193231,-0.39749217001189896,0.7648942092153164,0.4355883043426052,1.1447856575577613,0.3544697808023345,1.759643872390038,443
0.004795386493980924,-0.37607697120112427,0.026232010134311423,0.27335562227180077,-0.6632598586048302,0.3375078555116542,-0.06889618035719369,0.5280858399444133,0.027455511641595542,-0.7157689828744283,444
0.09432091070886939,1.523542799850886,1.1154134713520776,0.448944692590457,-0.2203174625755533,-0.3053604740516582,1.142753669512759,0.09575869699156558,0.2646196894436337,-1.883731156895188,445
0.17643025378544586,-0.2252047552033587,0.7347353381885988,-0.37653325735314946,0.09495562110676037,-0.675918407957506,0.7146835408321288,0.5605853756151455,-1.3685046413538071,0.750263476202341,446
0.7238912310384262,-0.1624860449467882,1.3710059810362019,-1.3937229745210256,0.25740757490387023,0.6057459033935186,1.5146025454427154,0.5548384974402942,0.21464301255467744,-0.12012378339406538,447
1.0421375766997567,0.23594921975711758,0.6315739080014471,1.41938849465512,1.7803478084851734,-0.37258148239755373,0.637680864368769,1.287557861564081,0.20737189357702435,0.8658918691555393,448
0.7627013942974765,0.44050311061795266,0.9131036776195061,0.983352298432266,0.7832835696903904,-0.7794133104791712,0.8316789179043003,1.5563646346646198,-0.24678631821353703,1.1423214250350786,449
-0.022291022141804007,0.8658872241488951,-0.05934859729409925,0.6699107179421233,-1.049023115878489,-0.025486025853757033,-0.044063185477899225,0.9732846598148603,-0.47486781854690996,1.3580429400518836,450
-1.2603759145955515,-1.2805055889217138,-0.21365954707603674,-1.4663653381934414,-0.4906020143513281,-0.8471126783351686,-0.3748977192836642,-1.1352024392590856,-0.8832199333874533,-0.8313105262101117,451
0.38564478336540464,0.6686659506373478,-1.5144357988804273,-0.2651340598048937,-0.7821338482303786,0.1353093629402513,-1.6178115880925312,-0.2180954787600018,-0.4293553199269622,-0.7144960467210542,452
1.5421635600467267,1.2680061294456113,0.8284515583335277,1.3009671164641166,-1.691662491295892,1.0997087928512306,0.9609327270407362,1.2353412462840252,0.8121546509003073,0.8319310794620411,453
1.6725153729921534,0.11557198822576886,0.2981570452647573,0.6867090950575139,0.28550927089226263,2.288525850411634,0.43636230073754856,1.537735415955078,0.22222001546694714,-0.2736183833097132,454
-1.877377522230148,-0.8142969865285385,-1.2354591785805633,-1.8890494435723721,-0.17054524063395515,-1.7965030279861538,-1.0964551600092514,-1.815733906488222,-0.6327757190382539,-1.4400989870456073,455
1.717601618131078,1.1822467964997756,1.299363895492652,0.8375733169190769,-0.589577073665519,0.08550672209908261,1.442330249082067,0.3746251829884526,0.4881274207398256,1.9209709617108874,456
-0.21721726128349994,-0.113554195537791,0.1774778957753933,0.035626489106342696,1.2737261621790914,-0.4253863381985392,0.18291039081696248,-0.7626953715976179,-1.1346014820558254,0.5001599423965899,457
-0.2581355311541904,0.3604688113067136,0.7064626030580186,-0.02103216669511987,0.4477796929896687,0.101475895279445,0.6833378530490026,0.40171255369272774,-0.22253220263271767,0.36838177282940765,458
-0.5377301836700827,0.2975629972486429,-0.28598589340819847,0.42625414613206747,-0.20692983477067317,-0.1486818226723925,-0.20917282639283763,0.09523029979450048,0.7841938480542732,-0.06754961800531523,459
0.00041573702810859814,0.5150290164694455,0.898595052179215,0.07105311083718191,1.47739221983788,0.059291086013905536,0.8104598813420285,0.22987570993341078,-0.10288771805377772,1.6068954452897826,460
1.1408094838208682,0.2927519864946575,0.46656100634569664,0.49401573867166193,-1.23721472450451,0.23158141260073672,0.6068331638514264,0.7812336712291119,0.56561059773759,1.4766264890341088,461
-1.1534929277458876,-0.6662706328596486,-1.504066244462419,0.04860457958415654,0.28556647094117094,-0.5885820462022586,-1.473273403513589,-0.31356754370034157,0.1625842425586932,-0.9159585445478846,462
-1.141607350294414,-1.942262271037039,0.137819437621727,-0.7896441306636353,0.2969675670802805,-0.8692368980466767,0.03389269991100563,-0.16585684960274816,-0.03447601833557612,0.6459075828100933,463
-0.14018697006942737,-0.4364318086046475,-0.6879574433716136,-0.6373808505082121,-0.3607500435599791,-0.29691588258616375,-0.7613273249306061,-0.7908099390173229,-0.06637230158749219,-2.01967707134552,464
0.920903410774977,0.7972985728578617,0.36265733862469274,0.5102726562097146,-0.1427416902804195,-0.15576139331191396,0.2439429520504055,1.1738368314440937,0.3243681662366278,1.4708404292136676,465
0.5251392287625305,0.384427219400971,0.7155293853960918,0.5004328160140794,1.4920206266711293,0.14517758741991993,0.8036270174333755,1.0816077325889792,0.08721108699416047,1.309198143097682,466
-0.038268114019274435,-0.611059258950293,1.2247051154943258,-0.36313287581379194,-0.6727257226634527,0.048589516497143936,1.1439771219280161,1.65533063380926,-0.3884180129371153,-0.31174747784954304,467
-1.5770147091354083,-1.6256651724111086,-0.95039899380575,-1.0522318292542518,-0.6633283387792408,-1.3473830891214433,-0.9749854024704574,-1.003125957504261,-2.1211551937929416,-0.2270818352419317,468
0.5336687840637613,0.36451707380781806,-0.38337309379432805,1.0755980144426411,0.12868849184371922,0.3311860411540244,-0.49688745549341595,0.016447158203320766,0.03614311258942626,-0.9619107152417219,469
-0.6039697730367375,-0.7608529688051646,-1.4082874138540915,-0.24491295711099537,-1.2832603832468275,-0.3042957198673004,-1.5360405783508493,-0.9239989768319421,-0.21027643314153566,-1.8600675437744751,470
0.6237433011326354,0.5858970989941001,-0.36927282857974975,0.3093975249373071,-1.0765423822649343,-0.5038696396115179,-0.19994455040274617,0.05477808926557204,0.6442384704080935,-0.3314752191956958,471
0.9835264564761081,0.6371822314344702,0.3988155425278881,0.8466955569964574,-0.7687390878297136,-0.32408303290982765,0.38960342814169135,-0.36921708522663654,-0.11886683480740823,1.694661118523273,472
0.5931446162097209,0.41434770671812804,-1.974834677156382,0.4547711093607425,-0.19654263984187237,-0.4628165503389172,-1.8745396887907306,-0.969726026456817,-0.16919995165375767,-1.0111027534492592,473
0.24642990451226865,0.3303713115819804,0.8198715248067896,0.29014609612903786,-0.429578922045875,-0.9604579098013413,0.9185213664420693,0.561926844990861,-0.4677642493117564,-0.8203932667112641,474
-0.3710067011681628,0.23819992584560756,0.2479011128562547,0.26796802535997877,-1.622716950852824,0.7517676981497867,0.24619949176285205,-0.7473415650055488,-0.6859189728799162,-0.8117216227437434,475
-0.6975805939781257,-0.1711235962767721,-1.5120679296882291,-1.1185103741014224,-0.3928987210384314,-0.9895810067627788,-2.0821879177450104,-1.3769189710574241,1.0337142517549696,-1.2193029729011537,476
-1.297925593768753,-0.7238593478134623,0.42409128981150057,-1.3708726038847794,0.402544270442434,-0.20748431496508513,0.5720254794538799,-1.5281484721464809,-0.6526699034494907,-0.7733269536703102,477
0.5453427372071891,-0.32657296354397913,0.14084201506002514,-0.0012989664860432182,-0.6470664035030416,-0.8739101506247615,0.18337642607568427,-0.059598476919888954,0.3062665669518587,1.5776289254064446,478
-1.1486509881734142,-0.22347634850554488,-0.5938173321314943,-0.6233242820661671,-1.4859198208952273,0.1543301882630217,-0.2782556919887702,-0.8369131227909103,0.20939599296876388,-1.2567977682254967,479
-1.1166354592292338,-1.5988183829833833,-1.4069552397593807,-1.9683123305689016,-0.8015980586328024,-1.5450657395953553,-1.3208121238013533,-2.287814281911166,-1.2441053476057662,-0.04309862198152725,480
0.595991023894586,1.1409824706603637,1.1206960885080952,0.7642272025705326,1.50841980166935,1.2995784815727562,1.361625313585836,0.7155242654933527,0.8220677508245664,0.6554542579915927,481
-1.020861607283122,-1.4376951713531105,0.6011741132246575,-0.23171668728131722,2.000315659592185,-2.06117712948473,0.48161524638061826,0.7096672986034498,-1.490355414788116,0.250087774760144,482
0.936018220225221,0.9559751909519834,0.2925159141503564,-0.012185758118635759,-0.7156733147358261,0.3987383930819639,0.028310606352335288,0.21829898497833589,1.8286662172377173,0.20140695663993124,483
0.856780323230695,0.21854971104948295,0.5078850012000673,0.609562123909124,-1.0671935973917557,0.5051490119651301,0.3913421831984927,1.0026473951811115,-0.11943860985141241,0.23639725658653155,484
-0.5520247236857845,-0.4314634593847464,-1.1058412722557334,-0.9904863955128553,-0.7155059108294837,-0.2810042168285063,-1.0495214835587543,-0.5152738225898972,-0.6105962065160517,-1.5085149664737334,485
1.0117766551348635,1.2926997619947604,1.0857049075742897,1.3049762973595174,-1.2366126496026033,1.3736765419698647,1.0257836913780056,0.37629038036396256,0.893248882359627,0.6072468625819976,486
0.5227060734579971,0.09506127968811984,0.69842053515909,-0.07270714870671569,-0.7389330159511156,0.3683949400776054,0.8709325436131621,1.35270869454013,0.0027179282828779794,-0.2309164583770107,487
-0.9808959518727352,-1.3374760294939514,-0.759135747411342,-1.2701821137075173,0.18166648854507383,-0.8366883405687155,-0.8587868429805254,-1.5361078061818407,-1.4063212408889334,-1.2414721906561543,488
-1.1274043746129303,-1.0073495053487727,-0.18297315032686368,-0.21384230422434647,-0.7828112739560353,0.23060268837554987,-0.21172903977744073,-0.4435283451031429,-1.244699142603947,-1.5545801197702906,489
0.4616470576695384,-0.2474789394255279,0.5543299041633236,0.6897253589461434,0.10646042202485928,0.3248349218880413,0.5366301923769867,-1.0528703781319604,-0.01693015562313116,-0.13217543185288916,490
1.6110420078039565,0.758352442394576,0.13922416392511572,1.1723932866230005,-1.7026228893598914,0.3771294766143789,0.11545164990879742,0.745499074637652,0.4173566943819027,1.4143251005650663,491
-0.2841126028235781,-0.2016602464582753,0.1095325815833319,-0.7820038119107755,1.4856710989791173,0.44705428855770357,0.20947161225527822,-0.6462296656537707,-0.28178202842696654,0.4841998687244391,492
0.11568203515611719,-0.22895891839032267,0.8240282468441877,-0.47386186183507406,-1.2802514419230664,-0.8846101306589482,0.7083134290879598,0.29627792000362874,0.2729775131626253,-0.4403212240427965,493
0.7789096038399603,0.6835179193998737,-0.09746534823082698,0.5568570331256171,-0.447541359075025,1.226383932238257,-0.2801713321326438,0.2668574072255667,0.4798540156930189,0.5189372616200592,494
-0.014571739452064358,-0.6379809088402597,0.6329253482073174,-1.2654821514007404,1.6677749149206318,0.08000501537732152,0.6427011209529399,0.05523122215423282,-0.6881961258160338,1.295049532249437,495
0.1662992787319888,-0.8086930481292343,1.1776606333494404,-0.15116922104620567,-0.27627098824616625,-0.84733742038853,1.086029925896281,-0.4901465176383719,-1.329672416849181,-0.46514205544778275,496
-1.9685713003012029,-1.1008435744886458,-0.8321286446038145,-1.9337750128537352,-0.626456307337284,-2.1526559854836336,-0.9554588339136647,-2.0016125747996942,-0.9800453539158382,-1.3499512273906258,497
1.8960729526835922,1.8403695862988938,0.1683188990387543,0.9562930120154909,0.006091068822893009,0.5204308426910977,0.07679390597440738,0.9610904603810206,0.29501155278794955,0.175157333959004,498
-0.1593071892365543,0.43922451166972687,1.4668604686920848,-1.0624388272957064,-0.9291798617363147,0.0678757830283141,1.7193504692003496,0.5215057402891756,0.059437552316829345,1.326402830037273,499
-1.1109918949054665,-1.7868307295582877,-2.0210444375190177,-1.617242318482718,-0.013773016689105466,-1.932552583583643,-1.8476356240071912,-1.819028729735471,-2.02287546125019,-0.14538983136375627,500
