BlendProperty1,BlendProperty2,BlendProperty3,BlendProperty4,BlendProperty5,BlendProperty6,BlendProperty7,BlendProperty8,BlendProperty9,BlendProperty10,ID
-0.03692918793430944,-0.010963325814531633,0.6497306955728506,0.38001005196909143,0.31327763942868847,0.559323237442374,0.660908370765773,0.22300700808275553,-0.47030264087185536,0.1361046442306315,1
-0.6423354689663459,-0.9257035698124001,-0.9353346587008131,0.08326204404838755,-0.710410870644306,-0.05967024435236001,-1.1006713749770163,-1.1484081607324872,-0.6158909706175015,0.01407181154391135,2
1.7315522091701387,1.1802117124483336,0.7754123721992263,0.9708982334285541,2.122112910835503,1.2801847084617335,0.8137335211801036,1.9406412266048663,0.2204389420336479,1.820523439038455,3
-0.07306171929231065,0.3044035516036132,0.5423019095117372,-0.43836926378036245,1.7902706211640438,-0.25425388896826107,0.499909394618796,0.6819853622454746,0.5071740709926778,-0.7842868938276393,4
0.08109036559410887,-0.6901117214717198,1.2679376628638805,0.23635249691547933,2.3163810580170456,-0.1456398349737782,1.1782099132200634,0.09880843194113997,-0.6236014148304292,1.105645270788385,5
-1.4933965809141743,-1.765435030853661,0.39518956420189566,-1.500537981235106,0.0003432316510356692,-1.3304675935099861,0.24041413313728932,0.03731921795416082,-0.7665901245308446,0.15547490053452817,6
0.7957103483475283,0.45631148834716506,-0.11749256401246022,-0.14886694451751747,-0.10581155032105727,0.3889724610625227,-0.15897004883490662,0.1326197205354953,1.2116881730001081,0.3067015197616265,7
1.975594932275453,1.1107894242239165,0.5822831000646007,1.4676461360332715,-1.4812931453775722,1.04882833346042,0.5469011883236576,0.7650507323707083,1.3185398474794265,0.30362263642798304,8
1.343514157701574,0.9443801591797141,0.9945893907422709,2.044363630995901,-0.5396688551688249,1.3671380386741223,0.9197934358905757,0.2624046546881238,1.0876930067615103,0.80517659502087,9
-1.0638915107445448,-0.7581275524205997,-1.7173508776561905,-0.8056621374103605,-1.1752953073906176,-0.40354326117684947,-1.9108204430905356,0.005680495813674025,-0.7650427418477743,-1.1345251313150109,10
-0.05982397276584028,0.4073138441759656,0.7457410267685864,0.43614399912380963,1.7581222060545576,-0.28309023567979974,0.7138633176538711,-0.0791180634186508,-0.6091216899683507,0.8836948000845113,11
1.1439359688221753,0.6006467714527199,0.7126723903933325,-0.26613514627153845,1.0258785094320397,0.25595964491170276,0.7764365851091783,0.9549951447360645,-0.29951068537177883,0.9918864750606515,12
0.4898793482312327,-0.04418517071331096,0.9493580214898538,0.22763290171258777,-1.3284078854326604,1.86552622267536,0.8796038522799094,0.6039884676506926,0.9942378567698158,1.8456491123948893,13
-0.5241804258495188,0.8204660015324661,0.5968528903542667,-0.7551417723992262,2.14280051596642,-0.4021812464461485,0.43937006529284584,0.12063565949792165,-1.0995629578373793,-0.44965960207141475,14
0.7630120896405377,1.9774755020403805,0.5961191736981262,1.67377322460016,-0.2088246377058085,0.6035288050821381,0.5773534846544424,0.8696066181388167,0.713568119563079,-0.7016868596999317,15
-0.13480049936765215,-1.0277100868739675,0.7176277004629459,-0.6369831125952123,0.5426513684156007,-1.1559396403853004,0.6383305942158426,0.027002402159611805,-1.034440357396198,0.04501685169341818,16
-1.2586495501459103,-1.4281209434193576,-0.06706551352156742,-1.6987503714820238,-0.7722095929596517,0.05688163529847956,-0.06881470332004214,-0.8081526582808676,-0.23732803787670198,-0.9997364169844287,17
0.0752272121177695,-0.2669490735050375,0.5995378154210553,-0.4554632180002727,-0.052172272746455084,-0.057730463083928596,0.5019203089401372,0.9754571012043503,-0.26075217797391925,-0.815678632606256,18
0.11088068638636983,-0.4333903059279516,0.9713244543492001,-0.661220102384626,1.8310094546688265,-0.9863892811537194,0.8902102252085653,1.4373153774450498,-1.5964360454190345,1.1023109838054967,19
-0.47568682609987123,-1.6331353152450867,0.5689301219871064,-1.0079678794124116,-0.7473789378918014,-0.4491945780082778,0.4301758323358498,0.193213888949626,-1.1310398210064783,-0.9843881233639526,20
-0.22660374820970386,-1.9658362442655744,0.17015008986323932,-0.9279880147740092,1.6302948020107313,-1.6222658543810256,0.18281959007449133,0.366509873422034,-0.6903942074605065,0.6918695442459664,21
0.3817312062756548,0.9530396847752718,0.1574096846717199,1.5360982226954643,1.2248729158321243,1.3570427018548803,0.018058839331925647,0.6509681852727673,0.33225666842684265,1.302447561767429,22
1.1594504326877857,1.458930748237926,0.8926057939022303,0.996116606040877,1.4103094158512604,0.1278876191541507,1.0532661317110512,0.5426824138027089,0.2512616392266913,1.2305662263969617,23
0.28333157832859723,0.5106958765266472,0.27733333965600226,0.34241906465276783,-0.9623418148538514,0.2798139773162951,0.22035230626440683,-0.4805214292673925,-0.10515558593033725,0.009958158619200574,24
-1.306515331876437,-0.9024738772746539,-0.04809321176835213,-0.727680166620724,-0.5400700642064569,-0.3533303150673499,0.011123814866978998,-1.1569801673431708,-0.023917421997396326,0.09295861577514852,25
-0.4971325596836056,-0.26581665704729307,0.24776523220741242,-0.73839382582857,-0.3047994718181981,0.12629194926851306,0.36578552732334724,-0.9998973701381684,0.19485933393618904,-1.1454297979941104,26
0.8972599202836873,0.628648196059282,0.12170204015620101,1.642145880854018,-1.3295582111183828,0.14052278637457838,0.22923097247870317,0.24311300063230812,0.7524988725750246,-1.1783784670702988,27
0.05466372651741258,-0.4715835699835771,-0.33171946137330055,-0.6228682726825718,-1.1341975942680316,-0.20621092153116694,-0.43330845906534265,-1.1018543281504178,0.617253543836616,0.6359368736026547,28
-0.7854125290103151,-1.294217082871596,-0.13546867748910918,-0.5603008820146507,-0.4304699002177592,-0.8065240732388159,-0.25664308773963773,-0.9100299058360739,-0.4985293658358758,0.23494406168305093,29
-0.12042554448081466,0.33023324994627123,-0.8263150701298576,-0.4670368461780585,-1.5700567148947848,0.45345264233755733,-0.7251018166807037,-0.8509186530726094,0.009989847817034159,-1.469483487956722,30
-1.170767980224198,-0.27330208455285754,0.06179378937608804,-0.6169440367519918,1.0652499974809833,-1.0544404169888506,0.14596725091090668,0.08471750649171117,-1.7266002402659844,0.4923161681043866,31
-1.175901090523245,-0.5731238002149368,-0.09665968510637857,-0.9763586475772779,0.35418791804292504,-1.398664234864285,-0.23182757773082874,-0.28442227253242014,-0.957637557825602,0.15598397233318417,32
0.52403871812325,0.3133651173260037,-0.5097261840170502,0.4052117276397684,0.12478719062263033,-0.2579766164655648,-0.4488031263325314,0.21277499359914143,0.3172918319287903,-0.32877314688612636,33
0.747721627060906,1.0543707421650481,0.2669496992323832,0.20221826910983953,-0.9465639120014555,0.484100673399956,0.17599846983832856,1.2215682416576232,-0.14234704499418882,-0.8060243139220828,34
-0.7439189727835767,-1.1981763039734963,-0.03268443353966388,-0.829635410619302,0.11067643732572985,-0.3493745388038987,-0.0154752124205213,-1.1118841142535505,-1.847323330573102,0.07640853089352562,35
1.7608681278879672,0.35970065134657014,0.46370679052383323,0.4337775044272023,0.7448860911785571,0.4553563839777086,0.5317678084651616,1.1056802874417437,-0.44972967830451926,0.6077162031086831,36
0.07500924163961109,-0.2918598689127365,-0.4309375275271492,-0.12082712166793996,-1.2452603845220933,0.3733243553332568,-0.5213657920137851,-0.258140301549018,1.3068952865380394,-0.37898904320137383,37
0.38970488706522954,0.7658610259139642,0.44497390535351244,1.496649663436183,0.2892120337134034,0.690359568167598,0.3657061442815266,-0.12292934449813808,1.0689012108911302,-0.8558174200459905,38
-1.7681764219294034,-1.3370378889131636,-0.250018645371026,-1.3343087047248199,0.22871557350922544,0.17545365029369897,-0.1222194822320053,-1.5224245370891154,-0.7740736565032191,0.19046233899244047,39
0.12655109238841078,0.7331356120441361,0.5330791129408374,-0.8380970360303832,-0.21813930978109264,0.19479965012923173,0.45718092650278286,0.014205455891244112,0.6377614460768779,-0.41427699234330584,40
1.8408947782120402,1.3660911083207687,1.2810238403347851,1.6807435346371458,2.0286352814149837,1.9563429530352807,1.4154301077434317,0.9149894755386254,0.7785373945271534,1.6588612259523252,41
1.7807102902054752,0.6134339073218948,1.00783412225009,0.7838954671486003,-1.1750138500640346,0.646240458415561,0.9243037704507013,0.8695272955199322,1.159893448630005,1.7929345198628623,42
-1.6262931614130536,-0.3840672879807041,-1.1129679476418572,-1.3009043579088968,-0.501886795124237,-0.4925211473487947,-1.1265094754251388,-1.7956123341075134,-0.6516277903142578,-1.0116997883317085,43
1.1804862470086634,0.41795497069062515,0.08839478096144471,0.847200945888076,-0.323267979781108,0.4410651666507903,0.23809449985746656,1.7320068907869124,0.16402411589189803,0.13708901400478046,44
-0.6597176829283149,-0.6995470634752303,0.06656577395571506,-1.6697593981358754,1.639754845540185,-1.3405007484188025,-0.12509385254078498,-0.16616666200678365,-1.883403026745837,0.4295717592783166,45
0.6719908537018595,0.9948661110775172,0.5182451506247701,0.6230295338829541,0.6387474169244258,0.7978960725912865,0.5389758816982462,0.19013331891776164,0.8417335118551519,-0.8309429688586334,46
-1.341401160695229,-1.7503142126282718,-0.6962146036154901,-1.2128597838271489,-0.07752065535461705,-1.8556582068345735,-0.8037388793121769,-1.0791467218266746,-1.6310257044183638,-0.21122231479688125,47
-0.24414361410140284,0.18592279908434461,-0.5912314171489605,0.11654799588259213,-0.43033116724854437,-0.4599959433955372,-0.6269905325465468,0.01306510828291474,0.3755328439676717,-0.5941180851277035,48
-0.37924599718019936,-1.0086024514345446,0.5749125303994107,0.07597202441058037,-0.8887285487618837,-0.6141357731046626,0.5643344968338109,-0.14812666335002045,-1.4116181137453192,-0.1655169981249731,49
-1.7840518422784788,-1.2127311751909158,-2.2033413542210942,-0.7497973741753392,-0.5483114269971467,-1.2742493506223487,-2.2633557392102595,-1.6618388788453329,-1.4535550567582622,-1.3003346586741684,50
1.9024380186924281,0.7813035712648266,1.6320456858325345,0.6067184666333538,2.2865425255537817,-0.5829539372629913,1.7932384549211653,-0.23015714190717862,-0.18570040103126573,1.8267083274842926,51
0.08824201138454812,0.9225985211995982,1.3530488162293515,-0.24028601613959566,0.9833492224119145,1.2856794790469546,1.389728276913127,0.4857030524537782,0.3851914529901779,-1.0116668816423795,52
0.055906412237830105,0.06276101226854136,-0.5693903040847572,-1.0151282125322378,0.010018973407033727,-0.6397545039312083,-0.3716241433943137,0.3877447393087994,0.5159657404774918,0.5383072134878879,53
1.3840090169702601,0.6680088999964651,0.1898755449698255,0.6328005913248906,0.6240202305007574,-0.08909740110628417,0.11648693719409486,0.5540495741008185,-0.4530541723033479,1.8600055879163895,54
0.6030489197903219,0.49800333222277016,0.4390811616860877,0.2955950573333521,-0.10638658024721082,0.9904602910279927,0.4459299893885711,0.16465340865782352,0.8923045825917839,-0.37805041893327074,55
1.025535570954721,0.2818736008790188,0.6759354514744045,0.24032227561324904,-0.1050153379301797,0.653650293977694,0.5412576775988209,1.2385573092101145,-0.14565037878706932,-0.9738572463480777,56
-0.07451190533915053,0.3707119472705085,0.509703835318748,0.3693320488724312,-0.20081041791700427,1.0069850459077427,0.36963095357233344,0.30392901394018357,0.3944577790559467,0.7449806313967073,57
-1.7080026816242864,-1.032074089474055,0.5453342550952502,-0.4370452790373549,1.223935840543016,-0.6338198421788235,0.4561522621584546,-0.4313217531733171,-1.9826023728819178,0.20218933987210264,58
-0.1761802860261239,0.4520787363073515,0.22087468102320806,1.03633346568499,-1.3291548318367865,-0.44016424723486347,0.2843304068858208,-0.2278783473029562,0.6560106795253202,-1.5510160324427926,59
-0.8718674534553181,-1.4268007537209453,0.07179966404111715,-1.3618972865874492,1.1324852708295223,-0.7381189752701147,0.05054616142890378,-0.9229939186037628,-0.8031470533260368,0.6913108795234142,60
-0.15192870103209954,-0.17982018954018408,-2.0178029873218297,-1.1450990934766097,0.03067200268425596,-0.751533687515102,-1.9476096290658607,-0.5536852275633066,-0.20646816897340936,-1.1463250771713676,61
0.04898666772979943,-1.0993145128914499,-0.042616947919448034,-0.28648605642185565,-0.9261642255931692,0.5611350306904843,0.043299116495590484,-1.0181661396344954,0.955075526266804,-0.869913592581246,62
1.4011830883527168,0.6251822561742313,0.6026824497871965,1.7524911355796444,-0.23166637820223346,1.1825582394723666,0.6433732411096229,0.8832373690228021,1.3069060310207967,0.9902433370677226,63
-0.41525054759851265,-0.3688794887590796,0.6859356415702682,-0.5762069886573826,0.9608968124735795,-1.0098130280078887,0.679173593356271,-0.2804218705573862,-1.1549051039725815,-0.28443119170546605,64
-0.33185544386086363,-0.8382760444364588,0.9554327763250479,-1.4200708840573695,0.1941142148662458,1.126900163212012,1.1581778283671516,0.8869657294714337,0.3889469303854334,-0.7389792927506349,65
0.4366555587492533,-0.4797809570268503,-0.12226148323138664,-0.6716642959334098,0.635811780459425,0.0391134824527839,-0.3253530357809107,-0.44379298826155567,0.5695130699440893,-0.06134198647100031,66
1.175794662799062,1.5467983787206316,0.8280395498781454,0.39152261524521226,-0.13038006926415813,1.4126233521269094,0.9729191794798033,1.1981476278792562,0.8472899135862542,0.4807702131042906,67
-0.7601828115293532,-0.8908303828739783,-0.9294170769960057,0.31418066232320885,-1.0249116736243034,-0.406422294426769,-0.7368390388998458,0.14253245476688692,-0.7812635094090923,-0.7633861364613108,68
1.5298280084886655,1.5368408523340737,0.40465431216219994,1.0978554196690515,-0.44935920008886576,0.17904310079845054,0.5645514355208487,1.0992996380490285,-0.021633473348985577,1.5936356090394908,69
-0.1588188554406933,-0.43348125103023727,0.32595007703888745,-0.36972645568305684,-0.27910704021936983,-0.7670811535411641,0.22694053830084515,-0.3922941260779551,0.3837359381436698,0.601694890806937,70
-0.3195763290624958,-0.25678179939195633,-0.046263079811543095,-0.5471040479031608,-0.781395978468256,-0.8360770691695587,0.022183464481258408,-0.19967619618686827,-0.3794835940371888,0.6055013337323985,71
0.779972665085813,-0.023036058043681473,0.21554604163828284,0.4743025608053395,0.2664103468798027,1.1202122134191104,0.1620206895818721,0.4967255332986582,0.587090216387196,-0.8423799933855858,72
0.21134994246978134,0.579809331114481,1.6802561737615833,-0.617472227988938,2.0452531304665675,0.8581039757273028,1.8159794427915354,0.2700557478917196,-0.09345661344307987,1.2666061609105812,73
1.7280761325781744,0.9721721684940412,1.0788736612241374,0.9122741520991411,1.3805652152654502,0.10264516087467279,1.0750470251894058,0.8313327712972716,0.3501969001697698,2.027403289382049,74
1.310211577890057,0.6221825618347241,-0.001721003006019961,0.9177972787523403,-0.5394447670153857,0.030526941248175454,0.009091438931614793,0.5099808769250269,0.553370101907553,0.3989221216179635,75
-0.5388209499341778,-0.23186557473574543,-0.2860573032455893,-0.3211892975967161,-0.2761397483077732,0.6112559622107572,-0.22500514269094607,-0.1305523335896519,0.04892608600492476,-0.852253105756759,76
-0.3726743857254584,0.18845763866076748,0.6513457855420577,-0.6471540281458286,-1.1042073428340027,-0.3513744327809716,0.6597255143043923,-0.6768544417317925,-0.7065374385926635,-0.9464828479587244,77
0.7166721658237698,0.8742209231562201,0.9370607211018738,0.25694074567856573,0.995139129302113,1.8998417208647993,0.918283731686449,1.5448075319140804,0.27892428724890084,-0.4422446803511484,78
0.8295801630368485,0.7839751186327295,0.42308374788652436,0.9218562601415723,-0.6240457408318245,0.4593667107788857,0.3592538673142349,0.798645205641398,0.9587373518257472,0.06818958863754121,79
0.5571392682207774,0.4397833799119908,-1.098877316946313,0.38219919780149536,-0.6974945478363184,0.39156020919183,-1.0606624157440039,-0.36627453646380514,1.107005373826519,0.35937292338482374,80
-0.1510301910203753,0.624827284821337,0.9516637184231063,0.2725699914854476,-0.4465484857923052,-0.47809532618024964,0.9190518046136555,1.293089986064433,-0.1764469098936743,1.2963499828869272,81
1.5232798855209713,1.2184991922987516,1.013889279796738,-0.018539275753955975,0.2875848273434345,1.247743380474327,0.992546607408687,0.32544984522618337,0.06729140977653425,-0.5822659938074319,82
-0.49357178154650305,-0.06982699351383825,0.5662945125051109,-0.42465890673441753,-0.7100517025719355,-0.14041274120516078,0.4440511853480049,0.09551688861691776,-0.3236521325900412,0.4321656636481439,83
1.0531038984010852,0.6131377020095108,1.192216449625867,0.5922877235443809,-0.47153448925070385,1.1479401678283851,1.395480444009956,1.8477756595144195,-0.3144375644041404,0.49524245862082217,84
-0.5761534459645798,-0.496300636758096,-1.4968936890743794,-1.0988550642881552,0.06188307748813071,-1.8524449123383118,-1.3030733301775697,-1.6100715856670664,-0.9022218074155108,-0.4744811077152531,85
0.11070255286783004,-0.8057520704051773,0.7912710241064744,-0.29949629724342164,1.1369014946899871,-0.07854180079787665,0.9477809966738724,0.3797670874564485,-1.3780368053946277,0.6241248949780547,86
-0.8953731790671313,-1.008118189049533,0.9865396175225611,-0.9383726736805211,0.01052881027316821,0.4146811037191773,0.9120876892044627,-0.6658961515050794,-0.568017003569693,-1.1254604463671183,87
-1.022156847386122,-0.025797759459097014,0.202049648935549,-0.37586179975940226,-1.080116496508487,-0.45723770509506,0.2366153138870335,0.09748921435043312,-0.7287188497168757,-0.480876868884476,88
-0.15802492057837259,-0.5326154429647172,0.3892769347465823,-0.5049203411848691,-0.4632068829543794,-0.5915332205844583,0.2843125519723282,-0.9442718747352163,-0.7013896041359671,-0.3141903501860208,89
0.311022826766965,-0.8212856673963225,0.8479514285483234,-0.30113599269610414,1.7911599583379698,-0.6240006307629233,0.8297157453747126,0.17377947612933786,-0.9665847488574506,0.7678716620696355,90
-0.28961544965981023,-0.5716870171560724,-0.20378828493312273,-0.37991612805596575,-0.8625837225812492,0.06329921893678869,-0.20189011195530493,-0.10425791036169807,1.123263468771174,-1.4720663802039988,91
-1.3507598879796312,-0.34392750556007656,0.19121720817839627,-0.9881248798280744,-0.47886096476016515,-0.8231279745670366,0.32088335683614133,-0.7966177124497145,-1.1771252338545422,-0.673853089091655,92
0.1751024756739703,-0.8718675731745651,1.3288496834856902,0.6830735997321469,0.5915061424059804,-0.02406814020694381,1.4981222709270536,0.6717741545990699,0.02266500034909158,0.8098197235249456,93
1.8221596273161782,0.8994795026924689,0.8309489994178798,0.8913820755670989,-0.9774271521596991,0.5373172786395781,0.7810889938469843,0.7349372322245282,0.9556587788858746,2.0386460608625914,94
0.8813672019241625,0.6189407442120898,-0.27283471826447014,0.5417841100733423,-0.2568371721685325,0.9986135948224302,-0.20052075894533972,0.6530033749700139,1.0541863706546795,-0.7711279414231977,95
-1.3651798766075403,-1.1448811965130692,0.07209934280125307,-1.5361803521180426,0.6313222845416095,-1.7664358743789763,0.03429313198305284,-0.351458201642624,-1.8542376822134314,0.15133279503932684,96
0.38799798705479405,0.007565458825928184,0.2734685422434664,0.31156736335583624,-0.1706505959203064,-0.10850608110306625,0.12447599395368814,-0.04529563745626919,-0.3314838898613268,-0.7715609510086077,97
-0.7072088978515676,-0.5086777325705556,0.28754364544560773,-0.8191578273879125,-0.9476588220319586,-1.1743669949919116,0.17360788137258765,-0.39517994030702375,-0.09812399641406255,0.09332282428088345,98
-0.45729251715848984,-0.035449348723689544,-1.5390726653269184,-0.41447941871678773,-0.052018188085456885,-0.9561511661935247,-1.6010325264701444,-0.6688131434976872,-0.07078314892174786,-0.8632083277557494,99
-0.43278349315287956,-0.48268308423045414,-0.36934179050383675,0.40258867641205254,0.5683724173139855,-0.15557874830046825,-0.37824186027187623,-0.3165753188609495,-0.5507069777024902,-0.5846920115612202,100
-1.302727762634745,-1.6585114935907024,-1.8180133628541135,-1.091820971245261,0.4701060611738175,-0.7128819778332285,-1.8901608467718942,-1.973186917496585,-1.1494590355969287,-0.4688965439921575,101
-0.9071752682561667,-1.0763865384165987,-0.31718608819636396,-0.5465020634786051,-0.8019167674847916,0.09469168142971784,-0.34259330304382907,-0.5100129257972226,-0.2623496508695704,0.14049507340497702,102
-1.8394493800957084,-1.630893403604683,-0.9250464784932602,-1.3607270548898707,-0.86229139717572,-1.100868902051984,-0.8949199465081079,-1.400071786286432,-1.1868798339606128,-1.4041093412256163,103
-0.8319696892861386,-1.200195622464387,1.0099171995384935,-0.16399419503544488,0.8241536176365569,-0.29216071449749736,1.045568541336329,-0.6187162952522534,-0.05278677052181768,0.18718368037968625,104
0.4205326097232316,0.35012050233938274,1.0631432562434155,0.6309845706046908,0.1251341997115356,0.11490374785898361,1.1151486882740054,0.7330346649978037,-0.9493988387095265,0.536385090204953,105
0.40982305247039963,0.7042688109698252,-2.0686200370357253,0.13696786686400153,-1.4807105911186702,0.43290533918985963,-1.9510771181586897,-0.6971956986882963,1.1909081619691029,-0.9494786324432436,106
-0.455345714690071,-0.6795107389223882,0.21207410012021688,0.32672725780192335,0.31229254568717346,-0.30854404028994753,0.1615398284989069,-0.20073962766117104,0.012587255447001011,-1.0387524869535527,107
-0.8698768857756178,0.03878626038364197,-0.07446823249926049,-0.7279074537805954,-0.7816943046178026,0.3463135958011607,-0.02830370163627771,-0.45106304906070793,-1.127122194723996,0.200426867063366,108
0.00789175215254656,0.0994271773498352,0.7836470854184698,-0.12994154840828664,0.5573615140280703,-0.6955586082034393,0.8600852519784834,0.15213066681150655,-1.2990336504689743,0.8750235463563232,109
0.5497272292719801,0.2684876306611117,-0.7390119574750178,0.6892084654637582,-0.430085569137558,0.501650536414753,-0.6616105456951458,-0.8336707908522853,1.5063319545059013,-0.7926707837966296,110
0.1391550611429142,-0.024196049072818138,1.3304380919958758,0.6425298219488276,1.172126089088311,-0.6251158735448488,1.3032943869896356,0.6684895294933584,-0.15427498747906898,1.0435140150581166,111
0.8092387148927493,0.4084983528259405,0.5109830301466123,-0.05816394344647047,-0.2664193306778151,0.2247304947916009,0.44193660175060256,0.7893330187174659,0.6856401784033348,1.4265313984478358,112
0.18797572280110808,-0.1105802969634131,-0.3973992653297549,0.2815190498508151,0.18045551709289875,-0.4506236195509261,-0.42593527340409487,-0.3105080475061992,-0.27105996921535436,-0.6862981573095301,113
-0.41128171636447086,-0.8680562220415775,-0.780159169031573,-0.4700550606533229,-0.7933449196931213,-0.42892149716590633,-0.9191118544391117,-1.6620710010638864,-0.3220838487834343,-0.2998247241720522,114
0.9172854240309654,0.2663483200016392,-1.2560166941082898,0.7980956076189798,-0.34433943955861657,1.0554214708277034,-1.1459573830169867,-0.16673292227577385,0.6427277536799041,-0.501831918020011,115
-0.5772208061317186,-0.026010620866086853,-0.5837568946921778,-0.2759908705380181,0.3495837586651178,-1.1993943096231723,-0.6691047444986005,-0.3977267722118294,0.13257555377006347,-1.0936530770519255,116
-0.3441264547921179,-0.36287222738843106,-1.6358573872984712,-1.1515991614008896,-0.7811102818512334,-0.036862001618584994,-1.5161050850625228,-0.6887967894323697,-0.4687165734938017,-0.5080538682836422,117
-0.042134070644694877,-0.152748137033752,0.6077354806213966,-0.3974543558882484,2.1933296614983537,0.7825796536904392,0.5885296543502649,-0.30583404730873065,0.39086788334188216,-0.3839724304756851,118
-0.36249325021435697,-0.590299586560437,-2.2296094098864208,0.17916455686280952,-1.5579199183315344,0.5261264270894359,-2.158485157629915,-0.45290009013926635,0.866957787518311,-1.250537657408099,119
1.0164535110945945,0.627473088438512,0.42254396472563727,1.2496750002997503,0.26637899656286423,0.5855510729330682,0.3758211274558445,0.5596920805042316,-0.0878831554017292,0.6375749706222475,120
0.10816408847302217,0.08055341135514293,0.09946098321391417,0.5097661396145614,-1.0795728307894437,1.0787399343879644,0.022991621182803845,0.6249464721018649,0.8392871071798906,0.17952200450567668,121
-0.571562823015495,-0.9438124846448981,0.42335662197907054,-1.1313963256202566,-0.1287299632660206,-1.038013051970128,0.3779062334850576,-0.607452867226228,-0.3509612887067757,0.609659067385482,122
0.18385644018315084,-0.306711620349122,-0.09553281650279821,0.46398487043637937,-0.24043758772137847,0.38677375103302936,-0.09858612552080315,0.4756531830928452,0.6509816504462773,-1.1313673257587582,123
-0.6554925985198943,-0.6749126961814447,-1.3247444541937723,-1.006890391624637,0.11098548648178852,-1.0126313855139695,-1.2266265207236806,-0.4539930005638486,-0.5772030162211454,-0.9037350992299744,124
-1.9377669758753844,-1.9724265807143753,-2.2959019989681853,-1.7788868478215676,-0.17683506614322098,-1.7875655750804937,-2.3185965611642754,-1.6539163392884744,-0.8747579335877442,-0.42885339826947066,125
0.9006850984563819,1.0012238774798616,0.04998206934319227,-0.3752383258641947,0.37095531406355353,0.7318026805712494,0.013863679450403898,0.2832865781249123,0.38336045269763774,0.41645937985088755,126
-1.0676723717239311,-1.4615835965171007,0.8441635214837782,-0.20039592266849926,1.8343864385453323,-1.534141694773508,0.7767134090703487,0.45595491686000567,-1.1205372622144028,0.2810447324396852,127
0.32193749230507573,0.3611950641225925,-0.7112490027480509,0.9383472451224886,-1.2453813735743395,-0.7296742552667466,-0.9379724667723368,-0.673159752163925,1.083574973465352,-1.2126511162155893,128
-0.4012371892635527,-0.8105854464760074,-0.07456430178994267,-0.5193215600448431,1.8491900301108286,0.22888906336362091,-0.004514485188094275,-0.667013997236301,-1.707823065299563,0.2590953536309706,129
1.3188997814736783,1.636699780556362,1.380748259413572,2.4423719994712565,1.3937998025056824,1.7101957258382559,1.516673182072025,0.9019997692859438,0.7153923197801975,0.3221225671302348,130
2.0139932671886065,1.4392625486168242,0.8060650904397733,1.9491251494951216,2.02773154777895,1.2452120389867583,0.7761410609774955,1.5985475463116554,0.8645458967141137,0.24154677493711985,131
1.3079080756646149,1.3737899053053626,0.742379094641443,1.9008084947119825,-0.8618492694475206,0.8847162208767678,0.7497500847018284,1.2801464838506784,1.3396463275210162,-0.02386558645808967,132
0.26268410196707404,1.197367329565147,-0.901024120348153,1.3919155439136257,-0.539348193158457,0.7890072648502877,-0.8734165101274851,-0.6806559241055534,0.448944750298341,-1.4142682396972974,133
-1.021395961708984,-1.7855174737868533,-0.013161606461638664,-0.894054368051169,1.4599622328644686,-0.7354426200834956,0.032317184702927104,-0.5780962549257707,-0.2592524283359894,0.4482945299352574,134
-0.4911519107646276,-0.12690981740686524,-1.4322652980902535,0.32084287089247354,-1.2449116371440367,0.7012929189516774,-1.2750268908896234,0.31829566472575754,0.3043603707029785,-0.35398016002899557,135
0.4323734111162194,-0.4286630235155151,-0.1291908849662451,-0.2016804459427064,0.7918358762217168,0.24145495588108634,-0.1426825703101724,0.1166983796359351,0.7487544987491475,0.2938177144431118,136
-0.23741510724224524,-0.6686505410661012,0.41907318560913387,-1.0910617281418191,0.6451491915445744,-0.3543724480647015,0.41916486488466,-0.20689490212314943,-1.8097126241689527,0.7637510561433436,137
1.621250580278677,0.2139535319413488,0.2955536938658323,1.2789111240288902,0.18065237321123662,0.3736575139898848,0.2910790356527275,-0.21743651493134508,0.8385840214441531,1.3660150061258425,138
-0.10503571089413755,-0.4267311969977654,0.43289259243127876,0.3973744602273668,1.6927812708474694,-0.9082587129833835,0.234862312848521,-0.1806336578005423,-1.5489782354245154,-0.3921112483203908,139
-0.9172000646386367,-0.24395657900982437,0.9449280261678974,-0.7468932411855536,-0.09503708880092532,1.0227962527728565,0.8072681978740512,0.7824690730965884,0.3579821217402168,0.000857871947418376,140
0.48424245835841906,0.3116250242443519,-0.8401259285516962,0.08083485198656626,-0.32882632887341945,-0.7465903061358228,-0.9184546847898842,-0.4204062109195932,-0.028421778793881636,-1.0817764793125138,141
-1.110800529118508,-0.8930268603966698,-2.1182778958192565,-1.036083743601317,-0.8969712752789811,-0.5638316823806087,-1.9748238741934334,-0.561757963764904,0.3484002968681086,-0.5521787905185145,142
1.0688134355118661,1.084047169502417,0.5714311454950312,1.0188823904078155,-0.9065706277437853,0.48916499118110357,0.6379977219483663,1.0453023307612708,0.9175353667765533,1.325882399410474,143
-0.09273906914560648,-0.4160824888004424,-0.010883458868293339,-0.17900832604874828,0.4473372160629052,0.015950934755743607,-0.022308659153755572,0.9158099680834488,-0.4629164605061833,-0.32544540029726776,144
0.9809815591903333,1.0721090188563593,0.5824209558741811,0.47232985960752405,0.031173750141829215,0.8950113802420185,0.5511086822425868,0.46259656948329986,1.2198589675477418,1.671867020590391,145
0.1643398838712522,0.9453378600227564,0.20918410334894744,0.2731048580822002,-0.5813147010923199,1.864683504543799,0.3821835183564688,0.28177716111035567,0.5235255664144485,-0.1844680529755769,146
0.20806811305029949,0.6385905121709026,0.1571200040141072,-0.25839957756201026,-0.37190627607627547,0.104303447325927,0.13621618093319054,-0.5021403754812026,0.10853281586098329,-0.11654862707689717,147
1.1661207218721676,0.9871146151117149,-0.4261313135388263,1.276216217453551,-0.10465970294549276,1.1222349475560636,-0.34818114891625584,1.1500246800771632,0.8020312791983029,0.0789542553126652,148
-1.6741714801311245,-1.336207927351932,-1.4975524289211615,-1.3454162156450078,0.030942988705212837,-1.6233253825746075,-1.6020859078586902,-1.336917536141239,-0.2845666407152305,-0.34872485310967605,149
1.136571604699887,1.1281844789847617,-0.30264539809205226,-0.08090506418759791,-0.47949939777198525,0.8391998361634325,-0.3521760709833621,-0.05242832453621893,0.8601065114926194,-0.7792545037798877,150
-1.2047063821473776,-0.3333434240115807,0.0601129918597354,-0.839351371877425,0.5329202072214838,-1.4712127648738114,0.02432772484548229,-0.8622081171155458,-0.4873558465964156,0.18455411868000104,151
-0.9076094299909683,0.137296304406354,-0.2561682934584628,-0.6144565325027749,-0.21732449626351236,0.36196347778015725,-0.06911987469450676,-0.6193937824654212,-1.5472803471900831,-0.8524210722599619,152
-0.01997878089350169,0.4276990876167255,-0.9091743554799014,-0.18595793687414397,-0.4466632964435888,-0.25490092125780617,-0.9939561217145878,-0.6170702124324365,-0.7883631604609671,0.7918770440173697,153
1.4940210190899812,0.5944499488596877,0.5050885072742677,1.0243728203326037,-0.30404833297262757,1.318998173014386,0.6216610187826246,1.1858588466472932,1.7583541815418258,0.16153841552975012,154
1.0951403140801341,0.3849746121038373,0.5673638898368576,0.15194958503011247,-0.8018176307053675,0.27931868386830305,0.6905569721756812,1.6335234361564588,0.46394748669128716,0.6524039438320046,155
0.9832956296477571,0.25615692331412787,-0.6890201579948638,0.7098020615924745,-1.2966088650699676,-0.1445997273669708,-0.778289972600575,0.33722601402333696,1.404995238002925,0.35510189053065777,156
0.05056136775386655,-0.09440301685776675,-0.2081271527234192,0.18002771676681806,0.4512817651830172,-0.6055039320199986,-0.30056023044961067,0.25910124339875096,0.11953964437753517,1.1321517948798911,157
-0.8479700317977128,-0.7539881260580397,-0.054997919624392155,-0.28459547069438007,-0.01048290563091192,0.33520801472135053,-0.12919678196078488,-0.36619531367625013,0.4899250523211014,-0.14890682169001734,158
-0.15879258371126714,-0.4765092353402878,-0.12816321900349137,-0.10198992895333481,0.7462709278440045,0.44569611436178835,0.029031605135630745,0.8186235998594067,0.2804487788300549,-0.5703109093427838,159
0.8897314152828539,0.338430764613906,0.49839977749887177,-0.3883593248454682,-1.3283255346364435,0.35595769209968475,0.49287861129029364,-0.13576855670009635,-0.6520290406518958,-0.5245030027749988,160
0.6003014240548521,-0.06830200921016627,-1.6901303274867168,0.2903760564681763,-0.4098794070569822,-0.017822015288124327,-1.7501722740983814,-0.5594891668328632,1.1789377760345268,-1.2862668192777353,161
0.901821915018332,1.9495251191464358,0.3148184409626824,0.9957553120204654,-0.4466739671056885,1.0925354634739537,0.34651220910432934,0.9512117218501344,1.1207523841769378,2.070016285048159,162
-0.5945154197422442,-0.7293803733495703,0.2793687823899951,0.07744609418847603,1.7037299748482533,-0.9938732918567672,0.32282936838430665,0.6709533227915421,-1.719099358033643,0.4965478205855449,163
0.50076887586134,-0.3851851067111256,-1.5084844391753918,1.1489567540209564,-0.2453590431700503,-0.7065063553391131,-1.4002369268604768,0.06161821318387073,0.11249547845536356,-1.0476112745217416,164
-0.7261746268837512,-0.8880997320550208,-0.8911983727122441,-0.37640785648351427,-0.386627188840313,0.20458368095867585,-0.8477902853442179,-1.028154251649796,-0.6023848113946957,-1.0641560580325238,165
-1.220862093444353,-1.3080524723130855,-0.16639005454809475,-1.28368440131859,0.10022303578097946,-0.3788751313305032,-0.176321050647531,0.022177982862225276,-0.5823010611488368,-0.9267959692297034,166
-0.4571981982640978,-0.3084335206716484,1.3558478757480263,0.023746205781848273,1.3884868399713572,-0.8653849761429528,1.6623455076668967,0.1379058473911483,-1.675550187150915,0.2516657897899033,167
0.21043215469272036,-0.030087098560579673,0.47714177529726465,-0.8245875363415165,-0.09445948521873415,0.742051563427037,0.5829479399928432,-0.34769816213729743,-0.2807365291575532,0.189159070638397,168
0.22841575249774193,-0.11081325636091477,-2.5882958572559356,0.4505066374361777,-0.6789294152147201,-0.1740610098125832,-2.4836282716455114,-0.4750523777788367,0.3882261409041663,-1.4261272073352766,169
0.22281190864882428,1.4858752222826652,0.6663434104360217,1.035310149844641,-0.4712290113263804,0.4247198114127366,0.6517235244204009,1.107422411634181,0.08484249829359469,-0.4368532433149097,170
-0.3606610153055625,-0.4923992135684758,-0.17415789784642355,-0.17758940883298746,-0.6671537442110609,0.6219216042910873,-0.20553425509129042,-0.10995311375704886,0.2626912168310105,-0.9509909724857346,171
0.10771137545851017,-0.055678522404595254,-0.30915743204399093,0.3550421953595355,-0.16328796217841535,0.4720646992106514,-0.5852921449049897,-0.6513977792705119,-0.34408115261898087,-1.4332700424717109,172
-0.9262664492282582,-0.5195710536169384,0.4577480992937004,-0.3740149873581584,1.3799329827660523,-0.8065960102807876,0.41902875539112494,0.32142640224713226,-0.8261829806812979,-0.5653718321917631,173
-0.5693998419183608,0.34292522058629227,1.4960395112653266,0.6931060070807571,1.9794612160263063,0.07211307999303651,1.4886630262837244,-0.4350665446272872,-1.1585669651384092,0.8394220039750688,174
-0.6460613617412019,-1.0830183140952205,0.8156519898637857,0.2582577475345058,-0.6333079879977002,0.1562614904946189,0.8923312157630874,0.04133273903170287,0.09800443974403605,0.6775888458492185,175
0.8241247774664182,1.2435519995939557,1.4409440665043807,1.0648034639351072,2.1395350411038243,0.8086058497248805,1.3729764020703779,1.208615479323063,1.0518289788229152,1.9156370265728357,176
0.051508076042311,0.4218813020318286,0.01125835417498644,0.18085791042089538,-0.38611361937279987,-1.2021429578998295,0.09067501150238555,0.1196126066689771,-0.6578491187930575,1.0956917049371588,177
0.9470784913981902,0.13309157495622403,0.4127257199473573,0.9575857577385112,-0.5241828502637143,0.8557153538837821,0.33744363536497257,1.1561666259470607,1.0535606685625902,0.8888199548569244,178
-0.6094386085480639,-0.8597775261737637,0.8573703114033615,-0.7660638429273492,0.5324468504591886,-1.093657883324156,0.8516916507001029,-0.1589880956644807,-0.5557013836852343,0.0021210195223759776,179
0.10887752256176642,0.37195887824095974,0.24497503007107024,0.5820776489160939,-0.16805550260149427,-0.7269461152660639,0.2620984275624003,0.08255571161781217,-0.8331323374783071,1.4617923515387896,180
0.4742282290703306,0.5799003867024484,1.4420315078367922,1.2030471083663534,1.450369889298297,0.7801555022684958,1.5089845101010173,0.8844845682162807,0.4628270622443975,-0.07886105184617143,181
0.058566604463987204,0.20825524349635693,-1.0043981544050071,-0.001165182004293941,-0.11886069936770571,-0.14538330320309623,-0.7680181000181996,0.1941532835588029,-0.10384885258644938,0.10462268887626536,182
0.7914929610211008,0.9257171215126756,0.9758221265855234,1.1414659259475042,-0.3843954302973345,1.2389102565985364,0.8743042688255096,1.351784472166567,0.4632078829774655,1.8108976813261206,183
-0.7016205011548753,-0.0696579850782888,1.482444985975592,0.3332536629675964,2.4189512021687887,-0.42043866138277286,1.7204804079702058,1.2083420392538549,0.14434946333362797,0.40711028135919114,184
1.5995759804128058,1.0055181408253122,-0.04578280077092289,0.6685649952087318,-0.9776236342908102,0.11118047808140696,-0.0033354695924658895,-0.04730632299242421,-0.009308289660770797,1.5783577386308973,185
-0.421309151495332,-0.7222169516771788,0.1930880835115203,-0.48805848495831716,0.09547821037351611,0.49516113888730273,0.11879397994679075,0.39974389765694274,0.4266706385373846,-0.04046717025533453,186
0.8137803776052499,0.2334275465749589,1.331807568343356,1.3482601769761273,-0.0088633443891033,0.6053862389823577,1.4593014100030732,1.1870722445522297,-0.08438058933078119,0.8468096639932141,187
-0.4912852088242874,0.2224221546325924,-1.1536140369313963,-0.9962459334245775,-0.38977947221208376,-0.8270833308013212,-1.0379262737403856,-0.6756224774571109,0.361055032894926,-1.281524838027075,188
-1.3655841653942304,-1.5711178163317627,-0.1898188237353835,-1.5509704072963437,-0.45272582961600527,-1.023286685020751,-0.31616940041614106,-1.5083990602407331,-0.9565486240793097,-0.49790906150339675,189
-1.425513924031811,-1.4279567891534706,-2.2136283186114043,-0.6125122321166847,0.19211689938646215,-1.049741720937937,-2.102521874563863,-1.65674283447983,-1.2990823008620964,-0.5978673533457812,190
0.974803181124726,0.39141493004866335,1.154790173382457,0.9356177509546317,-1.4418464152004495,1.4671974046684584,1.1891327177930346,1.224873641837461,1.4960284454459898,-0.595255173771235,191
2.529402014530246,1.0387461168235217,1.3832286074597953,1.036224457013018,2.0133491252818634,0.2691789147988164,1.3218857725720161,2.0109304264570045,0.8678350521529599,1.6930770719403783,192
0.0400306574243825,0.8269858018041865,1.2256010254829381,0.5269349696398633,2.091615611474126,0.6736982900973405,1.3387969114068423,1.4674183248523205,1.6857756040081044,-0.20375027590489747,193
1.2402159474599013,-0.016655900261679735,0.05409801654265389,0.09495019705263585,-0.1384471951273203,0.21353047251469914,0.18771355454200567,-0.473242078199424,0.7428922414502128,1.070432245908508,194
-0.3776806673776918,-1.022323781889769,0.045316298084493445,-0.9503020894253726,1.3646535140012475,-0.45998832352667773,0.04622164073635626,-0.11361843394151783,-0.6775375789980684,0.5541678977460487,195
0.9440254590384032,0.9925035970946852,1.6002575482483277,1.2190333048413007,-0.6848027802399841,1.2926235186379333,1.6412480153129407,1.303162444464749,0.2434964346557924,0.14674808059545508,196
-0.6767826618971646,-0.10472202610264647,-2.050359822368379,-1.0293627620895784,0.16078583913985045,-0.6898194032122409,-2.0991284607798586,-0.6866145182131933,-0.9871628121074354,-1.2894490893109136,197
0.9635607698430184,1.086767608515013,1.186221034161893,1.0803552331013115,-0.43895045553498413,1.0562265918425178,1.1108164615757086,1.5875701702101614,0.9266420044739392,1.5940198811184407,198
-1.8815403116409235,-1.5390504331373132,-1.3482256506143537,-1.0679032283939272,-0.37803586662529387,-1.620952896584852,-1.2091360752300706,-1.2812919910221225,-0.6695846017463762,-0.24793739785619362,199
-0.08978253288889593,-0.2013433516753238,0.1912242925123686,-0.5534090319741989,-0.5593323244213488,-0.4663434541385867,0.21930587949155966,0.1997540557390851,-0.6337715282133218,0.5006340156267044,200
-1.4797094170345773,-1.0213127894305343,-1.8504533387266542,-1.9032708916514518,-0.4301550096891489,-1.842785237143144,-1.8891924088114354,-1.2481644800080125,-0.18225840272006466,-1.502459582851718,201
1.5692579835840874,0.7416876440940925,0.8682895984723997,0.838762482462809,-1.1457129430825357,1.8066534093149507,0.7589813876292286,0.7212543045942623,1.5243636309658477,1.9654026989569324,202
1.232648432991747,1.4484672239727971,0.054016789265799,0.9873013138238746,-0.22544097816778752,-0.1891271328738522,-0.003517035518124878,0.6891129643229534,1.173295494508726,1.5931691231463905,203
2.1862379249911807,2.1761041145932047,1.1154279532379268,0.6326640572093218,1.1015161025607756,0.9780161967238525,1.203199668218808,0.7867319915803301,-0.12094401492541684,-0.07020000586374775,204
-1.0863566351578084,-1.6124150080030493,0.19977205518421348,-1.4961644403277932,0.8969552360820878,-0.0003365438752387373,0.10651278014705734,-1.3331598011892192,-0.1232257461782802,0.3212786995908614,205
1.8307942434917144,0.7492576090984746,1.1552667861427919,1.4780527110065278,-0.47956282010627826,0.6130378478598242,0.9624438178101242,1.195161501292314,0.6333302158572998,2.0246281777137423,206
1.2835644667202786,0.7388159061922639,0.033795549227980226,0.7318362896447128,-0.10422713067004752,-0.19917859273799343,0.004208760461201111,1.526483744627087,-0.18541313163602968,1.5937116255935413,207
0.6265639487179462,1.3107262515156055,0.20819886494127893,1.3021223940961177,-0.3867835893882885,1.5815005480176492,0.2064728597661214,1.3425972779583883,0.7143116576057236,-0.772354562984545,208
-1.153826453323032,-0.7387511871062444,-0.26147368697515305,-1.3712649670144232,0.030870846074489977,-0.7106124654511006,-0.2747970216598694,-0.3277186950154374,-0.7912362421576746,0.49798086217907467,209
-0.5846994698248349,-0.940503335959926,0.7096123232402454,0.6432851489697193,1.6250186287370618,-0.200666211666521,0.6567735564512094,0.9188164631747864,-0.5569833176287013,0.3902866587096283,210
0.2594512242831779,0.4059573808691066,-0.47671579491913696,0.582113711684628,-0.3984999473311399,0.30351343842092504,-0.49946725594257746,0.42464665234086163,0.896330641655082,0.7625101772081511,211
0.11649985876502811,-0.16033727165771827,0.3975850808475965,0.1458654243534696,-0.7479244184684566,-0.8710237079417347,0.3471134080252689,0.47651118368313194,-0.19188472343011065,-0.5514759318767917,212
-0.5091667199217358,-0.2860907157999135,1.103327325379409,-0.7825106645535684,2.0738029357991135,-0.38654682271921437,1.2247287439378591,0.5512586657812715,-0.2873345623831678,-0.8296508221274312,213
0.13694196640628387,0.05243735740368871,1.0579423790357776,0.18015712201225353,1.192547133618798,-0.5646454387115893,1.2325991885317493,-0.5130236745869554,-0.01799093398288565,-0.25113994030402886,214
-0.3497809867624102,-0.07178766208085197,-0.5175598486515847,0.19916785106831192,-0.06792967937409511,-0.29061223169230677,-0.36404193817204766,-0.8810098836779641,0.4250322790440475,0.9939041543063438,215
0.7220007053228759,1.9999179203360655,1.5007090793348659,1.3865337083114357,1.9798123635780773,1.2905543193643543,1.5933547122828462,1.4515768609125308,1.2153678833734962,-0.6803429657018278,216
1.4922360164215425,1.809651346029785,1.3080136701279073,0.4588522871036034,1.9612117916405345,0.7360537825162554,1.4706339165516376,0.9672613487476736,0.971803218596968,0.3932655425664897,217
0.21035925804024802,-0.131755685763143,0.8869947306680042,-0.2652139206271329,1.304844857471548,0.6541391696944394,0.757476578493498,1.497403686608767,0.46860888587359306,-0.5603649992022186,218
-1.4477148044188897,-2.1762413788202837,-0.7692637472985018,-1.7039051280580484,-0.46404304663318996,-2.076352727964092,-0.6377238150653228,-1.5696345341259925,-1.1071530905075213,0.07855285663943623,219
1.4034811166253958,1.460961182901782,0.607947171154928,-0.001416951931015431,-0.8114348878656683,1.3784247904039408,0.8093106806612622,0.00358773427798198,1.6429836748539217,-1.0859594955803638,220
-0.4461911059620043,-0.17299262010755134,-1.0094257017447217,-0.3482291787952123,-0.26629803387891116,0.2866392048931916,-0.8694510795986281,-0.44563563528795735,0.7002521953129663,-0.6906915203541957,221
-0.60921789438417,-1.3643956898696588,0.9641997827647504,-0.2189355751124311,1.1597235600207592,0.08761706917337864,0.8390626428396912,0.20502265556684152,0.0702333184831172,0.41192819758834065,222
0.3818749445557985,-0.8309954448858303,0.7485885145747795,-0.008482870776660878,1.2476248674226005,-0.028167548349903093,0.6496513610053067,-0.04357155897046505,0.01813695396580206,0.4511937396347414,223
0.4626953378115206,-0.14797454485356387,0.9981852809160539,0.44230745226607393,2.090003163077048,0.8227069393331241,0.8576984440366782,0.5185008369638135,1.1876716409082126,0.5964143969819893,224
-1.1183565392109722,-0.08175901596070578,0.43225108069270646,-0.689247855002094,-0.3903641222665255,-0.19492363375345723,0.3986333619070781,0.26645479933992444,-0.018335564147541117,-0.5099962076585969,225
0.018147886915643285,-1.094601247415055,0.8576455491690094,-0.4282884939855631,-0.3869864735825168,-0.7631921979247247,0.9775974128281333,-1.1004529256223163,-0.8047047024049014,-1.0476118976276427,226
1.659296905652742,1.1354994611347107,0.593827245728036,0.9598197210153196,1.7843493053286954,1.4097517785326885,0.5848979702376305,1.1617719712505217,0.6290328635565781,-0.7296492246898618,227
0.05837151578179234,-0.6935233434349553,0.6585438156539676,-0.7291927877789608,-0.833928371026462,-0.49609901053468364,0.6701066089030152,0.045449105211536,-0.42506784524977226,-0.5183571801896796,228
-0.9298520902654015,-0.33533332631900414,0.06947396733126499,-1.2773532659826685,-0.8707645713185255,-0.04151765169739163,0.08771815200361543,-1.4857631568468306,-0.6617832276110684,0.10910956637234737,229
0.3362955679414943,0.5095024340185497,1.2970800988326543,0.4553076873626347,-1.0961757089567925,0.28803454527134154,1.2261804782903294,1.3123668686790708,-0.5924142499166545,-0.8608557561042831,230
-0.028026390048320637,0.2891501115300825,-2.0086497076419803,-0.5594379432682834,-1.328078310910894,0.31604642979926245,-2.0484896723833073,-0.5972019677657516,-0.43472048954548326,-1.3696624435977434,231
0.04412083381229581,-0.5212769543495259,-1.7601505526297094,-0.2731258410174269,-0.9618938788935476,-0.35673739430115115,-1.6852182246193954,-0.5857987054537572,-0.3028398538456507,-0.9434157738201177,232
1.0206823201094295,1.7633929981444156,0.6103824311937014,1.2721994571921273,-0.6298909456313819,0.8223614014903011,0.4794438489291768,0.6847933666931532,0.9443677486674962,1.0721994573452127,233
-1.4400209234003296,-0.21443594962260182,-2.0076799967103507,-1.6806352748364723,0.4158902751006961,-0.8893235640022696,-1.861409800121777,-0.9626585234837737,-0.26145447339711225,-1.5055201372622808,234
-1.038589949421557,-1.6662038771499974,-1.088696898557783,-0.8847488363724583,0.6055948239690683,-1.7060568236473732,-1.1143637867785463,-0.9073381163040941,-1.6160288420181428,-0.013668602929547635,235
0.6584516431900618,0.7538833121832111,-0.43037506604380127,1.37882500924974,0.2896454413974616,1.3541187555183103,-0.5113796049226615,1.1903662322734645,1.3472192710695619,-0.4857440891578826,236
0.034594331558170044,-0.3937292313913061,0.7913562045153817,0.8160878058337624,0.5847863704812875,0.21606288125776985,0.6641665103509204,0.06988035109059942,-0.04211876161926131,-0.35221985911994813,237
1.4133725556858172,1.0835152193430173,1.068042925817939,1.9381031399716449,0.6784568825685029,0.8260310809466771,0.9785834300048819,1.4507919904026556,1.3671324763681887,1.8743205625384842,238
-0.4227574184819991,-0.5186524864140472,-1.3940744480746692,0.06494677775303859,-0.41311908698640165,-1.086714751783838,-1.2349027642567902,-0.9156689129371953,-0.9868230059156848,-1.0277660880947872,239
1.4648548289598318,1.7670354735599254,0.8985482342636606,1.5230361464214073,-0.6094800819903516,1.0715421722972676,0.7726966700370641,1.5392590052359658,0.993316615747798,0.03244442472382314,240
-0.7388114797873255,0.13380759781586193,-1.387573572214639,0.47086333161345606,-0.9476639089584273,-0.6984320474384456,-1.3159037470195263,-0.2115080613836784,0.0597460575935338,0.34650228770293623,241
-1.220018752543365,-0.04446653902619513,0.1346683266853521,0.18494125807795014,-0.3249163777075781,0.3344542885908883,0.12340909996588878,-0.24839557517346145,0.02873692735388378,-0.35489001839073375,242
-0.026506841680673965,1.1902821071961287,0.23238490010297164,0.16473929481030392,0.24964597692444546,0.46725756212496905,0.40774946164648207,0.5592963988663484,0.34412316621676653,-0.800996151808627,243
0.7294902708623705,1.0068985264115335,0.06532232186102682,0.38845188116581375,-0.21089418488660328,0.30633451290361435,0.13180546665641835,0.548916118415278,0.5933809257648881,-0.3144974772160949,244
1.3636898726106574,0.6041467637610654,0.16573801496224494,0.6714434707480927,-1.329124368041517,0.757618839148785,0.1407579853336154,0.5552449887743838,1.4284704447900944,0.9520102378871149,245
-1.0140325991057018,-0.4378467115720521,-1.466173241358752,-0.12444349723790249,-0.9624803945981331,-0.5786232198776631,-1.3599870231058637,-1.1856019220625242,-0.47071901321770215,-1.5066736168132602,246
0.10038958380381335,-0.4608039027527886,0.9365551849449818,-0.23077536716059077,0.1804314273774308,0.00520470139409257,0.7311893160449519,1.0762161621667308,-0.7861486523222101,0.9810772177391591,247
-0.6712630316294566,-0.8541503811147182,0.3382282710269171,-1.0314819169182807,0.171402882114015,0.05344783446597701,0.2600540019277513,-0.19214432369676104,-1.0711507654009815,0.5983356120603702,248
0.9816152358012133,1.6211855821066257,0.5132909341041376,0.8371713770261724,-0.378970606806335,0.009816845046055178,0.4148234813303029,-0.32581435798525304,1.0870305245503022,1.5065541165351855,249
1.04601752222284,1.6699357696432662,0.8805621390358074,2.1778856545187244,-0.4867135671857641,0.21081496763597718,0.9014064425427863,1.2862365442035322,0.18172263292502167,1.5928747034811193,250
-1.6790779751346623,-2.1127142774734313,-0.35538423294694255,-1.5224208439405649,-0.24420479342885026,-1.5024434201078503,-0.4732225397637726,-1.2183963431498155,-0.047016961666353385,-0.2370410929043416,251
-0.8866225845844791,0.0907810802328739,0.1200456397034877,0.1057156402125361,0.28785988355715975,-0.5667802637243637,0.038350720751086254,-0.45680799564934627,-0.5506790460464619,-0.7893162939098395,252
2.0931489981341787,2.269244974683465,0.5748737837422344,1.653911309952516,1.8346045378059292,1.9801672506700312,0.40853892811841264,2.233546016122435,1.0822850211069612,0.4845296285874363,253
0.1450647855965388,-0.1899585030736286,0.2635211963416797,0.6975365725834108,1.1364797852739752,0.7348137982577003,0.19693328829660195,-0.896630086389415,-0.3529841009245136,0.40869727210512474,254
-1.4068938227901393,-1.8096295362301218,-1.083920226299215,-1.2949478093800981,-1.1165748092634882,-0.7496057707639301,-1.0323987990055006,-1.618298688812211,-0.9592752408492355,0.28148863805179203,255
0.47787776991165054,0.6828290557981409,0.8688902592207957,0.30031099109286985,0.4094937631294744,1.145787491992361,0.7757581697945601,0.1167832298520759,0.5038429914594822,-0.8425084318619971,256
1.6532895754740635,1.186045970306131,0.8214726963627479,2.348170122209716,-0.05149793662666835,1.0392732917976386,0.7732774103402982,1.4815303118994958,1.015358236384468,2.044326363478718,257
1.2672617203259087,0.8139549529958483,0.2467878073417058,1.946485658482469,-0.3988172725021262,0.5851390048110541,0.22181376014104548,1.4304824518790231,0.7420375494297593,0.5391831368114184,258
0.8443133374085436,0.2634574992250329,0.5089168437048053,1.0551674804303977,0.12471196836548804,0.0459322077525377,0.41380938090191655,0.5158655830360532,0.8156007978147997,-0.5169106018409468,259
-0.9329702525540067,-0.4955409077625894,-1.5014494783765295,0.05441914413958204,-0.5010833288009595,-0.4441187149234711,-1.582657822361051,-0.6517050273661638,0.0061173853569782555,-1.451538366434085,260
0.16959167303970113,1.228122813736861,1.165382653787833,0.02730630842146109,1.241626164059416,2.0171174733104995,1.3261742432676757,1.5670400820459887,1.424163488337728,-0.7724542971289707,261
-0.3112842724001619,-0.4977427318848384,-0.6692877056240019,0.2258235964415427,0.5678112888291951,0.0835711148917111,-0.549287239848955,-0.29542636606765327,0.5578434289673118,-0.9448288858589917,262
0.13106042941302887,0.8855216874651068,0.7016394051474317,1.280248855812426,-0.8961576325185745,0.47257040174355147,0.6649719392278779,1.9323669486737072,-0.01108769543130217,0.5371434751410853,263
-1.3838867608894914,-0.1666679723788751,-0.401305885463378,-0.2992418084721209,-0.6464464510098873,-0.7111402254951125,-0.20582256197719317,-0.7101719599711993,0.09983575410664947,-1.2751493083622476,264
0.037169323843918356,0.7403092051551494,1.330333361514413,-0.3172328175629262,1.6265158748100275,-0.70948556375967,1.245487545683638,0.4243401160975535,-0.35543052806443476,0.11387574842468506,265
1.2300562726920532,1.3221106475339286,1.0570126177154013,1.1531587559439043,2.178458701478171,1.3384016904652722,1.0280736459618867,1.8667060383960576,1.3270485834196752,-0.28131888342287836,266
0.8758386115434931,0.8640359789264342,0.8041011127699904,1.4447299759457684,0.527486680196233,1.5770918414311312,0.7057149462978078,0.6750531125403134,1.2985158125499199,-0.3781360020632558,267
-1.4975445144572341,-0.9641823929594475,-0.148265193938244,-1.0545302856625192,-0.38705790452936983,-1.6116399728165058,-0.11076861569336205,-0.5146586632584313,-1.2121828782272588,-0.24230900908739894,268
0.044660088082069116,-0.16842357768628147,0.795816995075832,0.00839412507759274,1.285046597258399,0.7582166023078276,0.6783585854100234,0.7898739229566054,-0.4848571395389447,0.7163682651067291,269
-0.7257051866344277,-0.1847389513401112,0.6171075684866645,-0.7739184717396916,1.8288784192713425,-0.017659148559243443,0.6427788663445064,-0.11607084700639492,0.1207130966923422,0.6028495708355228,270
-0.16474661864994244,-0.08809192772667651,-0.015053409421442288,0.2607710764897948,0.5074070871119969,0.65885427922087,-0.08872147624590543,1.061652431725037,-0.17324072396752022,-0.17128444717761226,271
0.6113102181482879,0.5946079829108368,0.5698871230104956,1.3846576120970693,-1.5576073330578089,-0.1440501687538538,0.614853161225456,0.2907478490948423,0.2706575716951418,0.07723228694957895,272
1.3891146194842396,0.7811375963089353,1.1241798875827427,1.4246417646582477,0.43384957446262784,1.1227655949394522,1.0770484729229821,1.0884896647316507,-0.3102378317031218,1.9162289153195275,273
1.0967193680488636,1.4016252540057548,1.2226614423743483,1.599563737058228,-0.6969655099501277,0.13546756940657945,1.1702042142409965,0.16853491320450598,0.2079418383474918,1.4690942000520568,274
0.12361561603840499,0.050120583329883894,0.7873740397327722,0.9712990677087936,1.3919933185848565,1.0475297105968369,0.7399350666858917,0.46763548487391327,0.18403531411064522,-0.41480929738414485,275
0.9630147558770457,1.1644648915190103,1.6601986304242629,0.954698358446785,0.16433097801653762,0.577855975309453,1.8524983844283134,1.7065767818221729,-0.2846376366548231,1.6323158433727478,276
0.5651142120041022,0.7106509705656472,-0.8177339646642625,0.7047413270676075,-0.7933977011803024,-1.0331525872388463,-0.9049409300026805,-0.6712313833658321,0.2659610918737392,0.46060236100068264,277
-1.755999357438223,-1.5854457909244988,-1.951223332803532,-1.3442286013068516,-1.09658084255409,-0.5354403545876953,-1.975102008170369,-1.2367550568974988,-0.23496053554524354,-1.1833793117214686,278
1.277137551940108,1.2212440171285763,0.3402595651945397,1.3607748935589896,-0.4305039655326397,0.8492667499985,0.3074539806997385,1.559056044950784,1.4368865204773953,0.2768738591788751,279
1.191551473527984,0.4776213645013978,0.16311195563786263,1.4884854985034277,0.43160763175372785,0.7442777877252615,0.2721871500108286,-0.1682877845391284,1.8988129752070106,0.34671767836506895,280
-0.11829496243671156,0.041091068537789655,-2.2970343253614565,-0.4956321689962364,-0.14744389692043014,0.0992309559545157,-2.280880716685426,-1.2207803916650186,1.1999119472240358,-1.0792024223344043,281
-0.2810590603139409,0.061420989913945734,-1.537826241513156,-0.214368079309327,-0.5396712779714703,0.13444503930221385,-1.4611342453092462,-0.602819807409479,0.503941389846742,-1.3944596845757817,282
-0.4664974433333706,-0.24378269211773773,0.059823771097134104,-0.350655959817018,0.047208561898210544,0.44891697137266107,0.08270203826268441,-0.7223088313887565,-1.140903674012653,0.1130947284614856,283
-0.8594946368844021,-1.706667301838543,-0.18843478442962902,-1.3488254084899811,0.03128728547041115,-1.280243001538977,-0.14563278894425347,-1.273656830115475,-1.0573114820673792,-0.03090362526654067,284
0.3224184373324763,0.37471640848165966,-0.8875917664849702,1.6500275287450785,0.2796434043884295,0.8010413949892652,-0.6757825882108679,0.22286553870626769,0.5265179735741767,-1.2188927155826765,285
-1.3297071811853156,-1.5825679059335513,-1.5489450699449225,-1.4975007694050744,-1.5574528976082478,-1.721989640667986,-1.4674302463236755,-0.33444124016074195,-1.8221247110256145,-0.38514341001553043,286
0.11804948019558381,-0.1935696690714397,-2.062973404059672,0.5940139879848523,-1.3281725253654986,-0.12400297438660268,-2.2125346414220775,-0.5677153481772268,1.060885448957348,-1.3775347642604068,287
1.7821574358520613,2.245440973425066,0.5238386748426016,2.492423160784816,1.9497845935946256,1.2761174666398678,0.5197159410065428,1.2699327282643749,1.2051031376894854,0.49922996572966905,288
-1.1688628941516077,-0.8587778564734865,-1.6644041926886013,-1.118480402543156,0.20454343480089343,-0.45581475377942726,-1.808722876683091,-0.7379453830201836,0.3496934245905694,-1.2678165693983452,289
-1.1022952858090118,-1.3620716164340938,-0.4099619542827717,-0.7733692324880634,-0.2998734767438487,-0.7063126061276277,-0.3777928169944551,-0.806359894725617,-0.3950248933242091,0.4834501046270616,290
-0.9396521509776423,0.06193019891751894,0.2802285443174106,-0.07041320590206213,-0.818158627520148,-0.7224476340932713,0.24728946272548247,-0.5495261733926393,-1.5383855714606804,0.8475633393267825,291
1.0245429774258468,0.14082140286098266,0.1779519405664156,-0.16961340311481155,0.6172484230234114,0.007699200775868498,0.20261356957205545,1.2548716331424465,0.0295358986509906,1.3860784484182944,292
-0.6300670456449273,-0.190857676171015,-0.1255180581094646,-1.26952021734256,0.03996446320823299,-1.1172037345993906,-0.22931069229568357,-0.1604352787818899,-0.6404455539692262,0.32213148762443233,293
0.7641148883920987,0.5083845433182741,-0.33228499022857494,1.1622852708753357,-0.051649058373902657,0.7151142180602932,-0.2486241965635414,0.05427244956988031,1.0637567321751655,-0.5951716260244384,294
-1.224942335606479,-0.22547979008891117,-1.6466316974322903,-0.5933680417760869,-0.9621473490063315,-1.3945959902486265,-1.7657641268170838,-1.1395889280247768,-0.7622162480344039,-1.2791165706044563,295
-1.629140029713215,-1.356076302943019,-1.061092523767107,-1.6203248962489853,-0.47118857564375016,-0.1983403787064042,-0.920012430673367,-1.7188260923166436,-0.5790329382853798,-0.07388704988821071,296
-0.8045500908043999,-0.1059193256538169,-1.3579935324086758,-0.15219937169790576,0.11066879208672908,-0.6230362565962364,-1.2950011638029544,-1.2333509871707204,-0.368260123492129,0.17107788004691682,297
0.31954605131492086,0.14344453325489126,-1.1170840800139676,-0.3838488475072428,-0.3483553439080169,0.3156287521589425,-1.0145275308097141,0.004403039405326936,1.0912844680599272,-1.2045142750816202,298
0.4661820071047944,0.24157452887655917,1.1667671496623475,0.29856570189147225,2.2904315401261206,0.27323165369225455,1.3007582169717034,0.6227168331612811,-0.668299632746088,0.5165738225893899,299
-0.7824771345124966,-1.3250023180291568,-0.4887057784666744,-1.5249204628866653,-0.9357576458333239,-1.4259649080591807,-0.4839345086467426,-0.4192293595923591,-1.212199397579806,-0.6906491912025741,300
0.07721765497514443,0.3038210803000301,-1.7709076454634456,0.31079886430723014,-0.7102419325155507,0.7602555043567274,-1.8260187785643844,-0.34455457662366107,0.043291512381629094,-1.378742777997147,301
0.8467754643415304,1.1060858987792206,1.4617987463688977,0.039988924076210575,1.6840160071460075,0.4035652701260628,1.4581965749029844,0.21040636168968319,-0.010399854323576596,0.7648493930898947,302
-0.2711868551812078,-0.40523715378248015,0.6851751657269634,-0.7194277956116888,1.8812826432827396,-0.17305906270872762,0.6250038885286788,0.13605238592834112,-0.1676344238773313,0.5499805091924961,303
0.6346157105112802,1.1658859507517043,0.4120161210685831,-0.09974831912584614,0.12171905760570101,0.9620069294653901,0.3941895403608813,0.991208030961447,0.7354695598496206,0.5787052250394,304
0.6560460022545447,0.3410703601349274,0.841627083621941,1.1252999296849056,2.05738907907076,0.9879476312954689,0.8961125415299485,0.8679601217407167,1.049902641980431,-0.8219283111628222,305
0.3379046415006475,-0.5023442606092847,0.6434225638551747,0.661154571484283,-1.4091654842273917,0.06583596743368725,0.6854868118995849,0.11985784413061729,-0.46848101675623366,0.8917935590005981,306
-0.35963825472487865,-1.4747926206853768,0.7654535674262184,-0.6450016345652427,1.2743835697743982,-0.40278336545430937,0.8362204346329827,0.24405853188766713,0.12482550598633191,0.7321306043584879,307
0.954253087057938,1.8067729806930122,0.838511305836136,0.4127525629751492,-0.14118156920750025,0.914379840208063,0.7908810608701149,1.6045594996999544,0.8645450829728076,-0.6135349922049402,308
0.09716989149620048,0.9120936715625096,1.4585164271743962,-0.1568853946289661,-0.9261105749094343,-0.5141214536808814,1.4708161171485212,0.1372095522199801,-0.8095159278954667,1.3444124634301615,309
0.15685765224261106,0.60376911149605,-0.4530403245662813,0.009520778627714499,-0.10666193800076806,0.5364226292355299,-0.31824269161042795,0.5319460059236942,-0.3464467442891077,-0.7860227414954175,310
0.8699872799659654,-0.32984093541813997,0.4233579487908046,0.5704679946966391,-0.08357058175817267,1.0570062945766128,0.5276578294759653,0.00782768191967742,0.22548203067017858,-0.37985460812440963,311
0.034921500110544734,-0.8378190058516377,-1.176435429621851,-0.129481559975396,-0.5729132026719321,0.028908615677955662,-1.3039933457001505,-0.9482631926568372,-0.4517387252100671,0.25362901732622634,312
0.5350836206782201,0.048501312536943564,-1.3511463608801324,0.012778915515698763,-1.0335115658637561,-0.39465880409208953,-1.179397794032858,-0.565456391821602,-0.4874013529550745,-1.0389865159603424,313
1.0219932595057424,-0.41278413844228234,-0.24183272774247233,1.5468099882414155,0.3142618578120582,-0.3275184192895688,-0.24486840031409862,0.3364742725081862,0.6959111858110123,0.7326164258713439,314
0.04176081370241569,0.46641570702838764,-1.0331497245915409,0.0405261847746019,-0.3447094376020057,0.7387812401813041,-1.039139114597532,0.789332504038204,1.396132483977948,-0.8145407340341968,315
-1.5317938378219669,-1.036071179200872,-0.3769800857159027,-0.8814567417394168,-0.8968801443689536,-0.6730722897562711,-0.2948996402889059,-0.6339044819569291,-0.2635047953806997,-0.9491429644456595,316
-1.235301813086945,-0.547731864947955,-2.2258700329527037,-0.6240793486305425,-0.061872263868452126,-1.2200832275861844,-2.008224721476286,-1.461877484411191,-1.2383313836668477,-0.9560440808908155,317
-0.2827985848697052,-0.8922386198608812,-1.4872803551398346,-0.8753157338233104,-0.86183831864277,-0.806210764961115,-1.4778375113459181,-0.19370692500658548,0.35540459850741124,-0.13319973671217022,318
-0.228070095824096,0.3274238797681521,0.142884680574767,0.6881064942081168,-0.5975566357409998,-0.29735663961636916,0.1333692381286875,0.8534867841076632,-0.33246897061013336,-0.0640070415245686,319
-0.56591502479862,-1.1138720313438006,-0.24623622527790112,-1.2269464421971334,0.31557135080320653,-0.9460486196097919,-0.3460031640420105,-0.29536854106505084,-1.104254540849389,0.05359468309442095,320
0.8095240777523707,0.7321675870825948,0.8965958895819881,-0.33453756827404413,0.9548902560597103,0.02011443451164685,0.8575153392329773,0.1843446209925177,-0.5812113690854888,0.6139087946840052,321
0.9698434852555631,2.2478556414072774,0.518167757083791,1.0216227288548234,0.09946445147260397,1.2611239239847616,0.3834508585792853,0.946710920322243,0.8273297224615133,-0.4794458795882022,322
0.4370698467533167,1.1291524726416626,0.6257164284533803,0.9890229375007504,-0.30430480613054267,-0.07336772977614059,0.5929333266027492,0.6694836966491458,0.9007631212963252,1.5639492043273684,323
1.1689189626418601,0.5007480591364764,0.9375490314781054,1.6980535915257473,-1.244592175897234,0.29125852687213416,0.9230951845240449,0.8896500485659797,0.6247090074217245,1.8116469007860654,324
-0.782062296553989,-1.936486586977384,-0.055907121573557594,-0.862520419861815,-0.30781589541862187,-1.3219622648014924,-0.045164064433972584,-1.2995068812099673,-1.0627937479633283,0.13435847211523844,325
-1.0176035468389841,0.06027789463597499,0.707501473175765,-1.188258744252955,-1.0804650781491674,-1.0436938048860838,0.7935340398831872,-0.9274988680196761,-1.0772222538979488,0.9010075240448951,326
-0.40052822938707067,-0.3760154546789378,1.122128070572352,-0.18244140103603934,-0.463298448134424,-0.9937577547580883,1.1071505388941496,0.802959455227096,-0.31800051992880585,-0.2098768322218978,327
-0.6762864305140581,-0.7713777081467801,-0.2340614952826603,-0.44453132231161674,-0.08964590690693308,-0.39999048706717466,-0.47608492974214434,0.13867820569350875,-0.059895247909820926,-0.5149374947072312,328
0.06871111491184223,1.0146179493527465,0.6663494192687671,0.5442179566434837,2.057189726842913,2.117267787867909,0.6024955606612341,0.02982304486894738,0.6433583516456696,-0.2077585409934699,329
-0.03879086579677904,-0.07989765579270536,-0.035399982832931665,-0.1517303362844551,-0.7714742937277803,0.4072914130088061,0.024344235585481933,-0.23870301298083207,-0.6265523280495675,-0.1754720851317939,330
-0.33159194404060255,-0.6302791792851452,-0.5515653803873939,-1.00880031883848,-0.2946024065960373,-0.576586658165549,-0.5756778946334715,-0.6841736941414001,-0.6075261358279593,-1.3049347081190477,331
-0.9612053678704473,-0.4103093472631061,-0.8957357609979841,-0.626601778642979,0.2903307784234117,-0.6126008512550523,-0.7310611647733893,-0.994227899009752,-0.6257617564535167,0.1910094534615352,332
-0.44402656427107634,0.44753136761929224,0.7033837004565751,-0.8571083592755047,2.0391193700201313,-1.176463893613977,0.7374954850786477,1.433063656290456,-0.566831651871325,0.0932966356129219,333
0.9397626428538433,1.1260763200086026,0.6190109916358479,1.4203146100431265,-0.09011665564263693,0.5983011196071981,0.7413566393561173,0.5237959513907531,0.7939990289189665,0.007739742032509378,334
-0.5483235639332813,0.25315949608308164,0.837824128659959,-0.4919267809334569,2.0967270734005323,-0.40085874796163146,0.7916842977375773,-0.24656217328614916,-1.3329282335133894,-0.9068903020482695,335
-0.07633744492661698,0.3554585200130522,-1.2950681004713616,-0.7657882553738831,-1.1460474239528717,-0.4156287039388009,-1.2137224118578125,-0.58225648336325,1.0673826711194088,-1.0025433378603341,336
1.3921762007014116,1.0136775212074358,1.4622150715786764,1.5191789364549444,1.9751913963135301,1.3362244526773313,1.4563879611879633,1.339861509071382,0.7131337595558223,1.9847969939803392,337
-1.4030775956282988,-0.6998699943507956,0.6546718815428343,-0.715150887733695,-0.7341504107188426,-0.8258063051432982,0.6575056624838715,-0.7984658359818984,-0.14672111008091449,0.13893879800729536,338
-0.7049574995650525,-0.3102706095799288,-0.7996278262098913,-0.5814720922009824,0.43860518385087377,-0.06001282144705766,-0.9315560888200738,-0.08927557244781403,0.6260349079360796,-0.8364095895282795,339
0.8452455879663265,0.16900738327068043,0.9270521568861512,0.9619911212057177,1.1889586328122137,0.4679523741397098,0.8103281518583714,0.51372255474521,-0.13716319834540314,0.14895199251054625,340
-0.13217346180377576,-1.1236134540574767,0.8407551954783863,-0.3681168456736117,1.8014673209738428,0.04568457749320176,0.8171058764959831,-0.49743681777519866,-0.4091555587128737,0.1620995637618683,341
-1.511124750250433,-1.2120617026420493,-2.887160044396065,-0.5995094469830873,-1.2006653042933118,-1.0729682229791275,-2.5684912313105186,-1.88244601542078,-0.9176956826056277,-1.5722362675627508,342
1.3476543870628332,-0.22640253518348707,0.9856629061752928,0.27170819002223,-0.6975697513750263,0.7825991619523123,1.000514537444945,0.06897330439370752,-0.3198361190615704,1.3831898524007191,343
-0.678434367955836,-0.7599386726298127,-1.0478985755314056,-0.5981662542239703,-0.9769269470622386,0.5617253307690007,-0.8529423205202027,-0.3408353506991235,-0.6682914360926111,-1.1197922643481855,344
-0.341269317011907,-0.17186844614707186,-0.03302925238950993,-0.48670103745184123,0.04708102389740487,0.6112726941375657,-0.09124647364391691,-0.45972378501837197,-0.7445792870308643,-0.1518921310743726,345
-1.357670414960792,-1.725438584299622,-1.9860963275485424,-1.8656982946035265,0.2500978809785024,-1.991332586578587,-1.8198796843964518,-1.9685747516986982,-1.661040645293125,-1.0224505016927807,346
0.4056374934596736,1.0354108344224833,0.6702067403874299,1.1940957707605038,0.17338765244869547,0.32558862326228555,0.7104752228872022,1.0104920649029268,0.3637614010665473,-0.14110643035995296,347
0.6571662190001417,0.28497857360440304,-0.00401116212586583,-0.1094531513030228,0.9971465214815423,0.3883969659877293,-0.04404334712925939,1.2917190860248149,0.11393142992761418,-0.841378692532962,348
0.059836927712320076,0.4078913427855746,-1.7417666593156986,-0.594464821931457,-0.6092550440004592,-0.3791591082355068,-1.6933914479160075,-0.6672724671281052,1.3353045021651195,-1.213745234757007,349
-0.07641971228366318,0.02696246358985488,1.0673641514531491,0.509785174711594,-1.2444028436454566,0.7816000581183964,0.9599464037563592,0.97419445747065,-0.1469390989753092,1.4605588128516511,350
0.35514180716720944,0.48054083159558636,-0.21589376799214177,0.06458304700234341,-1.5701745767686095,-0.06707584155179336,-0.275098419569094,0.9234454076734793,1.5362952415874984,-0.893627612344964,351
0.12048760997758445,0.35277019826770206,0.6497806305409812,0.6142406708461674,0.48471691856144616,0.7009769936422798,0.785955378654063,-0.4693346956991462,0.9480182739857468,1.0006826806295641,352
0.38260470047753903,0.8824441774493421,-0.12398250838118896,0.8103226321988548,0.5642406212214328,0.5924788007346606,-0.08868568579128722,0.2547291670777043,-0.4268597004152108,1.2323264276809582,353
0.04493363751168067,1.274439797108367,1.1513836913598303,1.4100227502679767,1.0710606037573975,-0.11752246849776338,1.1016543894057236,1.413067765303,0.1855526926326605,-0.9835199577918461,354
0.791388309418595,-0.7621874044883166,0.2559812068836471,-0.050752749432414035,-0.5817877719708799,0.26078221371851207,0.4223596916154504,0.4543546932709517,-0.9516357540347218,0.9972700148030398,355
0.5115824872217372,-0.0024709696724627417,-1.811015543551925,0.42291702489010397,-1.4816556375028869,0.4989851766162299,-2.0177299712719408,-0.6456871518666858,0.8818091608486724,0.3624639738206623,356
0.3360335794671818,0.6441880864817109,0.39817173915308457,0.6949250762714605,-0.5157347632244853,0.3729918406862396,0.36201838153184895,0.3839901592782413,0.4868281552430622,-0.20763130283933684,357
-0.034806006715282445,-0.37138787389949,0.5675118736144806,-0.9186721937796503,0.41211096658557267,-0.44597989391010096,0.5204868612640128,-0.11026672161633932,-0.037739491490354604,0.16678890528590862,358
0.5816101847066715,0.16943811421985955,-0.000283466954529521,0.16159359691839126,-0.20414157584874038,-0.1509164431758061,-0.0025996721123455746,-0.11939122710335814,-0.02628961969428434,-0.37477245930625114,359
1.110211447410956,1.3981977747025676,0.5713763609127169,1.3882523156165418,1.3989805188224076,0.9321697451413677,0.5345851909691237,0.734676327451721,0.5056243637324593,1.3950553862555797,360
0.8710001943214902,0.44951268434635616,0.6138190506539603,0.7075514311653957,-0.20518143215953977,0.5757784620566704,0.6506946396237969,1.2586942683191427,-0.29188339563511967,1.4774690465623412,361
-0.9965591918403311,-1.3655835223903061,0.5401484368771157,-1.1430497990194475,-0.548471859877754,-0.567140373626059,0.4666522065865999,-0.04515947814188337,-0.9828867411558706,0.5254020714496532,362
1.0339138213612853,0.0026622494453036882,0.46378564529018584,0.5915007235292122,-0.4388508542984031,1.005652859578988,0.4476505033563889,0.3132086914321104,0.07926863892781855,-1.0985458584849699,363
-0.6716377265287194,1.1483301113165125,1.3635272174672552,-0.2954995834386165,1.9658105049918273,0.5155653659923811,1.3277460931397629,0.5115122786178159,0.6043980604939352,0.2448112213383289,364
1.331425224546222,0.8969311635085544,0.2949137467857319,0.7759925447174203,-0.17091612265729816,0.633240342892581,0.19025962117361783,-0.22928323021526253,0.7422398444244489,1.3127642311745569,365
-0.6223001548130345,-0.25487337163143,-0.019824652251503982,-0.9276425240156756,-0.6242314574362045,-0.49154371898395754,-0.037197259942947536,-0.5009273147635247,-0.13451225322600724,-0.006134239627356042,366
-0.8179018959446842,-1.5975916163295825,-1.47563298704865,-0.49087109774491355,-0.31462600455752354,-0.24647733176749398,-1.47223947384059,-1.5387079650552495,-0.5041143706760918,-0.8314292645993571,367
0.7197608608256525,0.3307602820526687,0.019757468946888013,0.9962191779465444,-0.5601701465141824,0.8743905155436944,-0.08925991216996909,0.13555979835625154,1.1055133301326827,0.02860760242370164,368
0.331700405104532,0.9971039268322777,0.4734670201474065,0.8807793715024945,0.055246294598066514,1.2317494315473763,0.5636671388267895,1.3093681119441758,1.1466551081359468,1.5075286804180528,369
-0.08508069382518135,-1.5598844733073682,-0.37596093326764235,-0.3073467352072763,0.4394612560612414,-0.6313605809942018,-0.2518152606582076,-0.17440302832601273,-0.5990296210665145,0.06485947831304428,370
-1.7202860311995898,-1.3426202235808562,0.21102744165286857,-0.9334830084118679,-0.06230531307851339,-1.4559927111241002,0.17799733008990448,-0.4019351514053875,-0.4720313922335242,-0.7296934545471241,371
-0.9059634192008883,-1.1696016966614362,0.4549099441656139,-0.6249494612677056,0.6357116781628933,-0.5843987319125308,0.4339201222495892,-1.0774162925679311,-0.4996652117879701,-1.003752074839098,372
0.9513167932746747,0.2585562520448941,-1.1139024107441715,1.2638406805286402,-0.09525179301826703,0.47825015495172174,-0.998088853013652,-0.13777770256441646,1.0086508168863237,1.182111949542319,373
0.22417332494048936,0.12372480654790685,0.6936965206183694,0.6760435699909626,-0.3375365044601317,0.9687696647066197,0.5692619616362846,0.3883634009454595,-0.13525702934802775,1.7283639676628981,374
-0.482609735834413,-1.48350125242554,-0.4078856896908316,-1.356075187991026,-0.624392804704047,-1.2319087651024248,-0.3983350281165361,-1.5781762462499347,-0.9745240120119547,-1.2228221679056421,375
1.1762314694065656,0.5161874536299933,0.9905709804153204,0.9624274641972548,1.97258424301307,-0.066368604479218,1.0370403555349963,0.7418687525163363,-0.5145693219084779,0.7689061128076122,376
-0.325687920108535,-0.04839867335774284,0.14886614319844704,-0.3418028191039133,-0.7585773646363063,-0.24541661299150075,0.20305162989980263,-0.44526426906066385,-0.22969334458762325,-0.7121126533624136,377
0.617081916142384,0.469018382743428,0.1171864442006727,0.5609406091289479,-0.5240274470706985,1.1874135198732203,0.04696767884420283,-0.13811533592195913,0.9301448366164464,-0.8556904988755061,378
0.2982488857521759,0.6496799815051608,-0.7765904864895261,1.6813592923182794,-0.7659929764836177,0.48099905943790966,-0.9084060050067468,-0.42308034636022085,1.5828038786433463,-1.0238512709526102,379
-1.4087915960297974,-1.8893107531440911,-2.021008921825871,-2.0116335189589405,-0.2092971074664507,-1.3845908834632294,-2.126471694317086,-1.7344614505680553,-1.1233071803938794,-1.1487528352973118,380
-1.2082217114444331,-1.2681770711045441,-1.1628907929764751,-1.5137076876976119,-0.8706045088140155,-1.3644878984104913,-1.0507538082598504,-0.821435082178501,-1.3251125177910916,-0.4785669178288381,381
-0.10627132285788488,-0.5186496876641231,-0.846953240673838,-0.2697214180517873,-0.8387856855331923,0.20646304367902424,-0.8740183606577119,-0.8388332811795904,-1.0109725377023788,0.28658970088339575,382
1.5404402474479388,0.93694187855237,0.6776641827425547,0.9064326867054024,-1.5700567148947848,0.6539067107734136,0.5531871363924603,0.42777863313412556,-0.03734864316720454,1.8404430471308597,383
1.3181107617919219,1.176416513663456,0.37635744838484597,-0.00036787924600445443,2.016131588796715,1.0990656505456373,0.42721790422943573,0.7841115095110132,0.7134399279683203,-0.7851315225417752,384
0.5105153065242869,1.0234207827533717,1.2219736805227996,0.7888210612820474,-0.30212067545474874,0.8804462317295034,1.1683089228178263,1.2713926115231873,1.1878433521801868,1.1546463999685361,385
0.7756335327538701,0.6287893115040266,-1.0571499877181036,1.1062894290471421,-0.5396737962743048,0.44604266616375954,-1.1705664526030928,0.3013994308366885,0.6662910716498476,-1.0168531891474535,386
-0.3820557205113275,-0.9427892885614269,0.17590231725143846,-0.4799844872533312,-0.5401237178611322,-0.9605905263346022,0.11232717709948381,-0.6449237209221963,0.30066906312842767,0.3966602614307171,387
-0.28093782657186805,-0.3034392400970434,1.1906046287831291,-0.37298895913551755,1.8742509430285414,-0.62779848555145,1.1645940951564597,0.35967454880817584,-0.5691810542065594,0.14010590579116888,388
-0.6072858712829059,-0.7230861018261738,-0.6999093948597439,-0.5298941806254904,-0.19270249456859112,0.6266535334093333,-0.7844973676535714,-0.29545751835471945,0.24577471185717448,-0.8392117227060885,389
1.4133241070751241,1.6228761306360466,0.8030133720700627,0.9878305891931627,-0.38644081902590943,1.2792542277059686,0.8320348531867503,1.6862781064723191,0.9060884060841068,-0.9970684947823345,390
1.037609794158029,1.0435787170803694,0.37237206287937274,-0.24535606661562426,-0.921920698593039,1.8452173356821726,0.4613501842770995,1.4152900103201884,1.1252552780372382,-0.18445680109746365,391
1.6202299572919823,0.32081733426676706,0.585868316165616,1.4302035876713748,-0.7478102810379772,1.0139113070600363,0.5682253902590264,0.615417127389225,0.8429452193823241,1.5198668917293876,392
0.8838904826719027,0.5520338004494327,0.18691612789152678,1.2267475741986624,-0.45966433079229074,0.982092850141145,0.27758941583258334,1.0057584900631125,1.3237001963530846,-1.0486873023657233,393
-1.3464962423448363,-1.187789993840695,0.6871089193377098,-0.8715403243613429,-0.9276883031510506,0.20495768753221033,0.5013417540739484,-0.6039980308196813,-0.32474037301660297,0.19636496449582963,394
0.25712166469200604,1.082988979331068,0.8739998856797366,0.47120490811732973,0.5897285829927832,1.3707845141943271,0.8242656016175482,0.591847691640762,0.7243610837701047,0.10952260381805079,395
-0.5538878615156415,-0.8155703761943487,-0.21728879827791903,-0.8848808761580529,-0.5098817531847362,0.2666521065063008,-0.35211509561611987,-0.6215268758437098,-0.2949976503188323,0.2925768959346666,396
-0.9920687069441665,-0.8524691151053807,-1.279019728980351,-0.938588567165412,-1.1043846335703038,-1.0496591429269109,-1.1163185985666297,-0.5488041394464169,-1.172485671519702,-0.9673921001772154,397
-0.3126159632497083,0.03594229083037814,-2.8978872159154174,-1.0239948855924927,-0.31716768834638653,-1.0544966544487901,-2.6924041066977633,-1.3026983309098048,-0.1434408843452757,-0.9895632353187513,398
-1.0532515524723038,-0.9243435092024528,-0.41979497129811505,-0.44867968792131774,0.20475300750497438,-0.28792983118739013,-0.39469391766515804,-0.37080139703692994,0.061837190232105765,-1.3235780395782433,399
-1.8115066230382273,-1.5200871410111683,-2.15157466671818,-1.6461611552542577,-0.06130890638726494,-2.035800718445349,-2.1065389781975017,-1.5282296519696925,-0.5844849623886834,-0.3367953829749297,400
-0.9536923640819346,-1.7087785121480912,0.3691293352804952,-0.2356650501092945,1.7812670052715176,-1.3137226108521918,0.523867756232306,-0.03321035741686318,-2.052061876380968,0.2228250936198124,401
0.8157323534278897,1.3522875553493017,0.9205657364439674,0.6666723308576696,1.152724889385158,0.03571035146650825,0.8076588958387587,1.9965296572617133,-0.011954667950776265,0.05790257808225552,402
1.6266739902162048,1.4399634616111445,0.7722218374090275,1.5457740264454656,1.2363858659888671,1.6785028049812856,0.7322543083975981,0.9212368560332134,0.9554496313880652,2.3983004123340472,403
0.5306650741921355,0.5667464644686326,0.511483464995157,0.3607140777313489,-0.3099585905508546,-0.42103325858595375,0.5287798046016166,1.0431097297605012,-0.4951798939089054,-0.07898806230575905,404
0.028768675006340727,0.7595198652259301,0.7047769674681348,0.6206199113397055,-1.4407626488586533,0.3675321469974422,0.9032452515365803,0.44767194355346174,-0.47076239981664525,-1.0399764219238938,405
-0.06545160421901985,0.13228203385904624,0.3977824400696044,0.666923135848748,-1.0790377829107731,-0.07028794397633775,0.42545969893478164,-0.07145906571000471,0.2949880391105113,-1.1762487570961526,406
0.7161632902119053,-0.06564621645317548,-0.0006856784181801245,0.9888836954725007,-0.5765334107656204,-0.09430080652231876,0.01958921444016548,-0.007515957301288623,0.22694073380698776,-0.9259232605470358,407
-0.06285243055896572,-0.8097090271430503,0.5097551600530841,-0.6130399205836286,1.430263081470044,-0.838664548501499,0.47104207972423784,0.8184480964041414,-0.3230717373836425,0.6105223371569135,408
0.013164834250231738,0.4441112262701348,-0.9488341252159751,-0.17976661356540125,-0.587403634412458,0.5558778745160866,-1.0581867369694016,-0.17349947036611213,0.15594287802218898,-0.5489989812333746,409
0.4317377781731786,-0.21088320536871974,-0.09265817843065127,0.23410245433698607,-0.06204061837849739,-0.04276104355783761,-0.022487192271331446,-0.25618338108246275,0.4140130281852068,0.9181031566939781,410
-1.5415096916621547,-0.9238539119896372,-0.3633909329792395,-0.6023260599958329,-0.6290656329569746,-1.2737294605875404,-0.4767153877892487,-1.0772650131839558,-0.7802803887174938,-0.05493205456359962,411
1.995336775602425,1.2477995001748425,0.690287129868032,1.5271439849478394,-0.8970659380209243,0.7721424418678249,0.8137356583152549,0.6874348819019733,1.203393847192367,0.23843943399665157,412
-1.4179665909596522,-1.0889625486154455,-0.31344920014239386,-1.4672167130102771,-0.309955663646992,-0.3434998136094283,-0.33449760235233517,-0.942555219823775,-1.3331270840620792,-1.2416586344295033,413
-0.25549652656157074,-0.541998162161671,0.9003569943474479,0.33616122656031444,-0.4493922628248277,-0.5718476356492483,0.8284219897406047,-0.8066803932305866,-0.013057201430979326,0.8071312445198033,414
1.9412094600841172,1.8752316079100773,1.3001567105370166,1.8780521838692268,-0.32403362301788086,0.8678741274326212,1.4260146030270304,0.7762958667806408,1.0037792112785584,0.4765201446480929,415
-0.8320424946422624,-1.0508001068135129,0.1449100623155486,-0.4574530431608237,1.3537175630938787,-1.0412550791514557,0.2734448754976213,-0.7973492276942795,-0.7796831723372915,0.5172782005522172,416
1.089381723683911,0.5564557695356767,-0.23789111196870394,-0.18367569928577798,1.7875091024031247,0.38884626489830665,-0.22225066798782978,0.5373893760978365,0.05406024123918485,-0.5757296832104977,417
0.7756999568922176,0.626986735352653,-0.13466795874354842,0.42037711289746027,-0.5152876834017543,0.17657397052350876,-0.1803022732733408,0.3255559320985204,0.3808178651083811,1.4867075394408245,418
0.1537712353933982,0.2233639287687128,0.025461440775796707,0.40730356946843593,-0.6670726700522622,-0.0951038423945112,0.0077890046205295604,1.03552981146301,0.2912866871615907,-0.5697590060674003,419
1.600498343933383,1.1598047075918458,1.0054940782377217,0.03866105433231448,2.0833217398151667,-0.26274963422037567,1.0526319438927745,0.9374678709027431,-0.38514389578490027,0.054915562031958576,420
-1.3376943774595853,-1.325715750302634,-1.174589315897097,-0.8943589749894991,0.20489987074184213,-1.1155710190562527,-1.128927447097459,-0.8365255069862487,-0.12380040562786254,-0.0257258566072196,421
-0.9045984835487864,-1.0019338749086844,-0.22667175121200267,-0.7250440944153189,1.2100831980963016,0.173277500710739,-0.2255697834011796,-0.30153632967412136,-0.8604615400100319,0.5262262473550863,422
-0.45515175749404024,0.07804600604099199,1.1383816455146616,0.4050584617952715,1.3025560947211137,-0.14909993915529562,1.1472516188973665,1.4547857992444957,-1.2126881524749473,1.2812322450203548,423
-0.05004747604744875,0.12201825941101818,0.21787819198956582,0.2977943084461434,-1.0255241257983112,-1.2007507608948305,0.20241477817933928,0.1557205688303811,-0.2556037610474291,1.3578959837082065,424
-0.320427743024458,-0.2372525088878088,0.23734987274923358,0.15194780172617794,-0.09535081062476025,-0.10473909984395524,0.17857794445269937,-0.740796470255803,-0.5008162986901434,-0.5249820681854771,425
0.3582648318172388,1.251481584911169,1.2706919916008745,0.09429963909891015,1.844589774557443,0.08972416029497765,1.2828180490726742,0.5854251669522543,0.7114794285480996,1.172856036866024,426
0.12865189765074203,0.633381623158096,0.4833874385601682,0.31697537262338793,-0.8285206282041282,0.41980653171273663,0.39790866855611484,0.04326297895132458,-0.4154918032673329,-1.2634038685183415,427
0.5515253731019021,-0.5619774535183644,-1.6543569271678278,0.23399943144728463,-0.37786485909830625,0.20449943087082811,-1.7177544099855253,-0.7973290722725763,1.8867075950520076,-0.9198184078974583,428
0.44747300174181825,0.22466059284755135,-2.1794314051246233,-0.6410963642369281,-0.5594439536638065,-0.025879306355677034,-2.2227847699183503,-0.8743018632467217,1.4271842971449353,-1.212021105464979,429
1.169984904147252,0.9558356689813619,1.2465786149082478,1.477965212759369,0.5313137565659765,0.23387436065399325,1.2520618932867875,1.1111688749692128,0.9806413742726332,1.8037569499635118,430
-0.9620618255589664,-0.9400628308453793,-0.20138511257664593,-0.7428849286433781,-0.08927896297175986,-0.20170553242897693,-0.1929737315951332,-1.204690320106911,-0.43745413312617254,-0.32406688009084283,431
0.20133486761962072,0.019084785033124607,0.8420496474672672,0.07407770814557102,1.274700423874318,0.6043774491086131,0.8595073946652005,0.19169714336224697,-0.7740703288681285,-0.18072013678231036,432
0.8797991611524905,0.5797610491338785,0.03558733703700101,0.9592866545748933,0.17307076124107845,0.011277079056849049,0.10751636790636065,0.07922685550066455,0.6513778900798188,0.5740874216703604,433
-0.7054679390464456,-0.5822609008703432,0.01617222816964592,0.1766423562748436,0.06179936052438628,0.21295399687483374,-0.032586900942593866,-0.6198702604899808,-1.5466365639552486,0.6371266390776091,434
-0.284209977284376,0.3396300474854175,0.9716145059190471,-0.6875332219574306,1.997294441679442,0.42365968538102816,0.87787749685614,-0.1088170736590619,-1.6397019008933076,0.3539930761876289,435
0.8698901719954943,1.495180634057803,0.13294951826124568,0.7462633392398048,0.062160313741769224,0.26384508741355206,0.1532449536012177,0.7066211715559756,1.1315257671876502,-1.1656593318443722,436
-1.0202842826215064,-0.927894719664855,0.28783021622738314,-0.712187764893488,0.05272808866876755,0.40478129948849917,0.2509184241264135,0.0004235752462269371,-0.5274154751453177,-0.37184557731810797,437
-1.0335755490384009,-0.9171390791892404,-1.5437092470386897,-1.844216716667535,-1.1160287067307588,-0.5729785636544529,-1.4988415333561496,-1.9625064223929214,-1.063865651381862,-0.6634141324657463,438
-0.14683107842234522,-0.592984634976405,-1.0126767405280823,-0.4828338868479909,-0.4388961406707015,-0.49036724737282267,-0.9991403501205798,-1.0608118636102484,0.10005566163883106,0.08096970918713398,439
0.19580946898736928,0.030839974017469185,0.11664041798131208,-0.07743865660674443,-0.897180019043605,-0.3730161418633473,0.14100178385223794,-0.36791843361939147,0.258228370576292,-0.48654079781470494,440
-1.2612620242161947,-1.0436348672681683,-1.8992259822052429,-1.3283442897974345,-0.25622798102609523,-0.8024410628533991,-1.9190556055415438,-1.1170885734280853,-0.37138239275967866,-1.5128997663437307,441
1.1621688368915337,2.0795699266996133,1.0320494657286834,0.8799266887398993,1.9595843676848261,0.11216338390288416,1.171346653734897,0.9181118597212188,-0.022999312527770543,0.932066892581203,442
0.39771179220904385,0.8493385124326815,0.36255475373047275,0.6872946353624811,-0.38947001699712946,0.4859328596085739,0.3166393991983847,0.964275907290266,0.3488031282379984,1.3876194992785167,443
-0.21255835370353848,-0.5774236526443302,0.16016482860432513,0.17232833058884034,-0.6469649754540736,0.2927796119090613,0.08060434871258737,0.6401166719310929,-0.006618938362428661,-0.6448190875875413,444
0.4661173480753069,1.6953648606862566,0.9394612868378325,0.3315111696818773,-0.21781504832488752,-0.07362181145882629,1.070457005349422,0.13682161905925483,0.18387926292142698,-1.0909651234200894,445
0.19021349178401326,-0.04697240848114781,0.6712959856613367,-0.5029616117966738,0.08924751205939607,-0.9576666863030958,0.6534049033134424,0.5263496120108693,-0.9740940110529059,0.8382127175806786,446
0.7399344303212798,0.017328352565589178,1.369292267516657,-0.8895694553738995,0.48846475834247705,0.47375875659223987,1.3979351324579437,0.6435951683267391,0.164758833057002,-0.3156150396400801,447
1.0792617520983576,0.15406813486889592,0.5657539017409956,1.2090192948802891,1.4893616955261777,-0.428985381212863,0.54730808651584,1.0813126333497216,0.37379335404274117,0.5564725015467034,448
0.6622892939770346,0.4103568261723147,0.9411834281858749,0.732939583159262,0.7548240427690469,-0.6276574084361248,0.8784052869955767,1.3418156546176592,-0.0019957103670540377,1.1710711728194738,449
0.06744016165306577,0.7054206729654524,0.04162596442576705,0.37093139496400473,-1.0242814070396578,-0.10904812737649117,-0.0224274259532784,1.0944174178844848,-0.24444775082640247,1.2828700959946664,450
-1.2852366106879294,-1.1490183825305933,-0.41053100142744703,-1.4611819471067369,-0.483112430299125,-0.8986585799701576,-0.4122230901809263,-1.0645678739450686,-0.8247161193889303,-0.8796803592676754,451
0.31751214611763845,0.5805455132041775,-1.467819571115776,-0.014169777178473897,-0.7585002296763046,0.17804057178354138,-1.3303427297239443,-0.20151776987443104,-0.4069079342545281,-0.9529457148039735,452
1.558933568800052,1.2406980958637654,0.8342722827877431,1.1776090659858682,-1.5700567148947848,0.7649255853283075,0.8899931831257113,1.130579850986337,1.0670197764856932,0.5845566791480181,453
1.32925965695304,0.3721953359435428,0.47439508862628355,0.6090160716880446,0.2894426483496835,1.7995291857539844,0.21311856577017152,1.5426665578115797,0.5043400402229488,-0.4726312040200167,454
-1.5686690594245345,-0.9255809000991175,-1.0539901516012216,-1.8833465178414195,-0.16344179686265092,-1.280806671739156,-0.9900014980480654,-1.805419625496476,-0.4522394999255237,-1.06574011948824,455
1.5592745686361544,1.14359180911765,1.2132572288701788,0.965212086029853,-0.5763572876467296,-0.08105948192553503,1.2342221416759265,0.4215777899074775,0.6490673636825184,1.9331308892061951,456
-0.24913047836999058,-0.03879642004838457,0.29869133712689533,0.015342378698758985,1.1986661836864871,-0.3490278817534771,0.2844740896379081,-0.7553477934547905,-0.8424571725358361,0.5593633497017134,457
-0.2819804038676923,0.32478490830419515,0.6279677989369641,-0.21117986503451425,0.4167158229577581,-0.030332017535183553,0.5800904404606892,0.34197502932151025,-0.25013444778518923,0.34619479998944036,458
-0.6292091191019458,0.12812885673532337,-0.10728509445946277,0.2058730908634716,-0.20167950250585975,-0.12935226586974502,-0.22745095097934498,0.17652731104318242,0.7556125249906516,-0.03457071535995637,459
-0.2854493877607198,0.2962605186820191,0.9869580254117918,0.15013543608665358,1.2125498215238033,-0.40087492409217784,0.9347071303753853,0.2946002623387898,0.036625048665904325,1.250806731704703,460
0.941912697773676,0.38333026162992856,0.491781106438008,0.45496145249130016,-1.2008195592208581,0.19320896494413886,0.39688558998762713,0.6026209533498765,0.6249730248632677,1.4066968611450337,461
-0.9192128325419542,-0.560081874006092,-1.48423021650743,0.03805481016875589,0.287453380753117,-0.23578687531431308,-1.4992836846662123,-0.19367191620585578,0.22162473548384276,-1.0080895851651932,462
-1.2637828426407176,-1.7732187621303583,0.05109188244914331,-0.8164291930016336,0.3986244422577965,-0.7767342351204884,0.02113653834541518,-0.047752336908591486,-0.16616117072950543,0.6424490962898348,463
-0.055558591215219666,-0.23148392904499238,-0.5560492338314698,-0.4257811868218866,-0.34771908884072755,-0.2385441321916748,-0.5518860555406415,-0.7133203407024569,0.13630346174913655,-1.408219856778636,464
0.7966178284306178,0.7012154729165272,0.09695911906867627,0.6023862119913972,-0.13682544797305352,0.05463374443670932,0.19998800570480935,1.0382560611786804,0.5911551720483186,1.5854481838902164,465
0.48747246339536154,0.43680169533578694,0.8937445640301223,0.484935408521894,1.4070655889424217,0.00512513583251506,0.8240452413544688,1.0690701841062924,0.0707383239212116,1.0860090101596396,466
0.045263472642484315,-0.4940372690376802,1.2549849633896133,-0.3517435258439361,-0.6592044437337181,-0.2521922272667467,1.2361372555008945,1.5195332252581997,-0.34185587244819104,0.04531535026915079,467
-1.5623461633971303,-1.679489671317727,-1.1507774860759628,-1.080185680399004,-0.6463002921566616,-1.2549380419458878,-1.0529832853924317,-1.4437155473638619,-2.0145431986403453,-0.25586356219443274,468
0.6779640713397068,0.5381330476986792,-0.4836986490609161,1.1951624471566205,0.15153880667580433,0.5493509578875071,-0.3803055485018334,-0.1189150923725899,0.26272087239310515,-0.9489080205363936,469
-0.2710574939752435,-0.7794322995105261,-1.3556071989215277,0.04580242339400531,-1.2452242837644927,0.05782998787870963,-1.2955207678091818,-0.5610832776802197,-0.047355492683821554,-1.3257951110103572,470
0.6392269166806519,0.22860760303238337,-0.26985974816058644,0.3061389171478701,-1.047167961112737,-0.46259089056004044,-0.3995046879931574,-0.0967651344306073,0.8024040701078341,-0.3699641799454845,471
0.9023265913920819,0.5379242057601212,0.2931796230149768,0.613620426308797,-0.7479054547694046,-0.37417393225798024,0.39226161678233984,-0.25086891294884506,0.01992173245522677,1.6593330926337848,472
0.13647688035176153,0.42654164823414376,-1.882454808296686,0.476127456360119,-0.19202348560621352,-0.381948295640965,-1.9935702526198433,-1.0661940764126792,-0.3872445615547411,-1.1831844190152743,473
-0.09170628272674652,0.27575334468435164,0.6705233554598065,0.2857555159626153,-0.42327164848885923,-0.4284285693556533,0.9180140283146305,0.811573506165916,-0.17452669623623285,-0.4470682865243465,474
-0.5309785472491366,0.5436000213200693,0.01543684355475805,0.0888066615163261,-1.5588815863499152,0.9048853513044475,0.11118974399752779,-0.6660335556873269,-0.5588195508082165,-0.5994798881127605,475
-0.5586038255093981,-0.0005629673530613832,-2.182929157118391,-1.1073263774594477,-0.3866360260560262,-0.7746632429106675,-2.104731151935166,-1.2913977929740477,0.8942711057100332,-1.010623955274093,476
-1.1927424855386888,-1.0669175154543011,0.5758831839809586,-1.5176214922713016,0.38534247593491866,-0.0713403354474349,0.5748347511680176,-1.0956238279032462,-0.6185468822641405,-0.49852909211824104,477
0.40112403502732263,-0.6855578831247544,0.10023921423193127,-0.02149375707440737,-0.6338474946163024,-0.9240968244199463,-0.0542890255690478,-0.3215961539863932,0.34282114254105034,1.2603421670284378,478
-1.1579970761703984,-0.025401104321459478,-0.3462070943913509,-0.6777876849092699,-1.4819998466437965,-0.11691407749980187,-0.49656831164308435,-0.9359490116917417,0.055119622064560225,-1.1314561963068122,479
-1.3463387944113037,-1.4420699177526464,-1.5796466759376795,-1.936561708880074,-0.7818599775564989,-1.3640672910576694,-1.4497014967045883,-2.2114672116791545,-1.1374010906363754,-0.01926756255057316,480
0.9270539957230668,1.2403077940814478,1.2454607630508137,0.9610362122647482,1.2860032316220038,1.3326233221576924,1.4171962267225648,0.8080019675997729,0.9319371337232427,0.6372752425393609,481
-0.8717404549106107,-1.4307006893344538,0.2844124879207459,-0.21610928515733763,1.582374018219788,-2.016694513597885,0.34397320524866193,0.3892490583315207,-1.1973461482704337,0.24470533489795798,482
1.0005513712505518,1.0371838394105986,0.16020392992826693,0.36202725898428056,-0.6969174181277635,0.4438469791751365,0.12772597919310447,0.15608807901682265,1.2704301318051892,0.22786850044026496,483
0.808066891682677,0.4404898433828035,0.43222544987252465,0.7151134593575983,-1.0372267882975672,0.49588812859719544,0.3657471909686474,1.0527064981239471,-0.23722857240291928,0.2853692188052124,484
-0.6395515614476472,-0.6139471349189753,-0.8445666210811111,-1.0267904525024094,-0.6974631239605282,-0.17308639118163538,-0.8179721303042427,-0.32587035458650715,-0.5320889985084383,-1.2508150875793413,485
0.8917304818294665,1.1717652756030845,0.9094176344192397,1.5933367416154893,-1.1996297742821045,1.3808450980971996,0.7717844317010742,0.29024941813040495,0.8181330957336022,0.057469339432343114,486
0.6112049298308051,0.29965999357835416,0.6878574853924395,-0.23156977232012776,-0.719837836795368,0.21877119789167265,0.810106060869102,1.1847870067877442,-0.12100904539481316,-0.11505848764088378,487
-0.7703641960732104,-1.558575160863024,-0.7856474211259674,-1.4327747781346782,0.17304013480691105,-0.1578845570220493,-0.7428688732467281,-1.3715650524454075,-0.9593077533575263,-1.0300877845973306,488
-0.9502308634084944,-1.0509979582641713,-0.19722140389835552,-0.06922191916940168,-0.7581251671574574,0.3285192766233773,-0.309835747037577,-0.41137270486578714,-0.9103939060487214,-1.2523906206820525,489
0.26035810474383503,-0.10781856169844373,0.6527074747539219,0.6961677106241615,0.09969862274461705,0.4755638368533426,0.5295432148069008,-0.8570103720600191,0.003658476856815973,-0.1157523675790939,490
1.4086859451421523,0.8902615484186234,0.05867645672714983,1.0376985405643784,-1.5700567148947848,0.43413399893029236,-0.06181124868732746,0.574510582677856,0.34059480971322653,1.240111089256589,491
-0.17108740714775306,-0.18013025068697375,0.25110460675548874,-0.8488273688972556,1.4349215089069514,0.22668516985451292,0.24907896794250495,-0.5033014856077824,-0.38033679530041686,0.581703572083577,492
-0.05209176485915168,-0.1676214686063664,0.5860438221651547,-0.54532125970462,-1.2447485696034977,-0.6357256401920559,0.6096584335742865,0.0173526902478367,0.027392737476256812,-0.4531261790004584,493
0.9817331851224651,0.5729379620231259,-0.18986836813894592,0.5626108045710132,-0.4400525685957808,1.2707047378324319,0.02676870674493914,0.1952110247803991,0.6632831309534863,0.3178194352738313,494
-0.02797816211962445,-0.3997189139879429,0.8310031092981587,-1.0188546244116643,1.7642186219367417,-0.02614201934265714,0.7286142589275415,0.19894992209994866,-0.5662030344958817,1.1160297013955445,495
0.12449168068798055,-0.9104229389946852,1.1723889373494059,-0.13521506567731478,-0.27172903890965516,-0.7690380318232186,1.111613388257072,-0.3713185322570163,-1.3868949084434772,-0.0798034428167167,496
-1.7197488130073642,-1.0663367599907891,-0.9950377520057698,-1.8262440778676439,-0.6096034848701002,-2.1040370722363138,-0.9865233041552337,-1.6504309747491988,-0.5487632687929465,-1.1291036692017666,497
1.7268470089680759,1.8175134126108698,-0.016488612139142766,1.326847714254396,0.00435901061906252,0.42143972048151634,-0.008752269934660717,0.7997604815315336,0.47018012709623025,0.06236802037947342,498
-0.11699298726024954,0.7487017325489986,1.5147434201133443,-0.6182926703762264,-0.8884796562744344,-0.09940884299950836,1.7052809604264216,0.49957333977488605,-0.020748751160510892,1.0236068510631973,499
-1.0790541922450316,-1.614754813479415,-2.12296909694663,-1.6093570395828989,-0.023797387322046504,-1.951929111148651,-1.922202314741623,-1.6472337524459397,-2.2232716054074437,-0.2113382767029004,500
