ID,BlendProperty1,BlendProperty2,BlendProperty3,BlendProperty4,BlendProperty5,BlendProperty6,BlendProperty7,BlendProperty8,BlendProperty9,BlendProperty10
1,-0.018907089317440118,0.022003204688043176,0.38089412126137123,-0.0438490036333985,-0.11733181491392619,0.06667605128727816,0.3608663935586176,0.09999229611099891,-0.0835841816860925,0.14199599156984455
2,-0.17536357065831187,-0.16090413361613898,-0.23286500677395194,-0.19037781946724786,-0.40778084397638437,-0.14326033772094893,-0.27210372431081953,-0.3106799775724689,-0.06847690956701125,-0.10142890009910355
3,0.11496951544238088,0.10713559682471141,0.22648010886030034,0.06050570107271036,-0.14547902250075562,0.11902708907407278,0.19634463241403166,0.12136908508873434,0.05279919957904111,0.17756672466264378
4,0.15183691857763315,0.14829554019007163,0.16320125229688354,0.1095841520248364,-0.10976932159626851,0.05445988624764797,0.1309392480924998,0.11792924345762845,0.1119591100568127,-0.1295388312974035
5,-0.04139880952329067,-0.011971570607278714,0.390999764341021,-0.0663631633010262,-0.029683898249007967,-0.07722667731232402,0.37149668134778824,0.0639618951211054,-0.1665233658874159,0.18620779870539805
6,-0.16605658528543343,-0.17748616586450794,0.20572090174301305,-0.21222725793146724,-0.1489799994527381,-0.12418146426482668,0.17488320706260851,-0.047763921035464785,-0.14715327393564226,0.10211782436836891
7,0.09150249767394758,0.09348445323922183,0.17210480857698318,0.04491757010427411,-0.1634374565358312,0.10172206538928608,0.13976534341397384,0.05016169564018913,0.17793258184769245,0.12730028942196792
8,0.21774528329366993,0.26935658863586887,0.28264153391842584,0.19873506767310878,-0.31400958562183945,0.24011320708210482,0.25539762003565003,0.16861716841188223,0.19343950833651613,-0.016658208810264474
9,0.22087894296785238,0.24566786300033305,0.2865969171333844,0.21044561571700204,-0.15905168235290446,0.1640851324278081,0.2620003851030597,0.16496143291042498,0.14894343278693944,0.007204814571140972
10,-0.11818254012078278,-0.04435592635308483,-0.31437668873058766,-0.14124128570148797,-0.4373918248036066,-0.08506870289596247,-0.35384144495373837,-0.20891968620204326,0.05680340728468192,-0.34178681383560394
11,-0.04044529670177632,0.00911960244631782,0.3760015976006399,-0.06668858769828656,-0.1156701783626013,-0.009418419547199353,0.35184276992167396,0.05433992356553641,-0.1395179474258721,0.1521083021375882
12,-0.03977026172289633,0.021011664049348733,0.34629383671271574,-0.08032654801002836,-0.14389788031774287,0.012500133187985929,0.3206529082888001,0.06325170963959259,-0.1059717843016228,0.15995102320577215
13,0.09669146369531112,0.12511697621957052,0.3257338838614574,0.0729357098756116,-0.31461784690239436,0.19254403934798048,0.29959113662257764,0.10873624339805477,0.15590737929822662,0.17550303698547864
14,-0.14142434967414608,-0.09982119396254574,0.21371751559903696,-0.1756488763333346,-0.11170799087977423,-0.21326717612578672,0.18363889412481282,-0.029698763230878722,-0.2488843272544592,0.032578884826719
15,0.2703050791222321,0.4012208159951711,0.3172927308552054,0.2709935037446711,-0.14381303846457616,0.30482098868618634,0.2926293391027175,0.294535092362626,0.2558460295416962,-0.11838851417991103
16,-0.11576273821141969,-0.15028501187017262,0.22111478942953777,-0.1754070410161923,-0.12659042424251132,-0.23214668452645681,0.1929085331257845,-0.07457543514787868,-0.25229802378547594,0.09866617751624651
17,-0.09299256183799565,0.010581221295831833,0.17520646830318776,-0.10855302836608449,-0.3172792304110603,0.050361001649668946,0.14403494194647593,-0.030374833476184415,0.02861497978270333,-0.15267124334464688
18,0.12755380009852835,0.1259269791076103,0.1705766774504882,0.08920537526506944,-0.13022620221796344,0.11325734035065227,0.13808120587906791,0.14035687982465417,0.09402239789793443,-0.124172395965368
19,-0.07768902044358694,-0.032490472050988206,0.36035288230127094,-0.1110662873454702,-0.2220567901924575,-0.1570605294922387,0.3362985663890916,0.09831511582833397,-0.23975366430915734,0.15426667976338893
20,-0.10578793491948657,-0.09041093932527611,0.15896188233280717,-0.1357768035037361,-0.29596290043889684,-0.05947208075523669,0.12631837756187014,-0.006098214281916814,-0.0910962551959007,-0.1329192774294321
21,-0.16782451912290752,-0.22230409619310287,0.22532223258754858,-0.21685981053290027,-0.08249096514245813,-0.23225349821413865,0.19537153335966884,-0.06349192061185605,-0.19916397649383066,0.14112024331390627
22,0.06497631240016744,0.05594573849328044,0.19288366326190887,0.0358672474913293,-0.13026678822458138,0.07788102140748165,0.1611710555212209,0.03386242712771925,0.010109233629591374,0.15043361478204287
23,0.15955434541857572,0.224782088599222,0.3677747348258169,0.12130460941554722,-0.07823086042689198,0.04823000979364678,0.34704106845658256,0.18266638820083747,0.008322746508836687,0.14500768561417932
24,0.05531552178162813,0.03907130028327854,0.2086487188070556,-0.0028698803726410205,-0.31769712710011655,0.05013315528650231,0.17670672469530824,0.015266266779977888,-0.009333366982343216,0.15089679821297275
25,-0.1154098124803089,-0.039957746502160774,0.2615093602367937,-0.11958838740276234,-0.17118967557876297,-0.013519145036607227,0.2332252413101703,-0.03665610751115822,-0.04154567568687528,0.14024286455104495
26,0.05561099129202707,0.18680004445171328,0.30503117022023263,0.05420756846391894,-0.15335208429675173,0.18371241244034375,0.2786999464045481,0.09476366660559399,0.14809560559928325,-0.10255729072604969
27,0.09657557897097702,0.20338372525218107,0.003971140679179586,0.09775841251986006,-0.3750171294866853,0.027443018323258572,-0.029729445802854526,0.0030670410307651608,0.12578446184761516,-0.2762928262329003
28,-0.14834577206227895,-0.13269336611916094,0.18422942067192127,-0.17822419099163245,-0.34175715300557186,-0.09312757003790528,0.1510458300101558,-0.11564780983027378,-0.06294584953299953,0.1718212591859718
29,-0.08306362033258097,-0.05111143996739065,0.302055205157985,-0.11220236905503178,-0.1499479574897753,-0.07439850331018372,0.27596515146568135,-0.0282250559625159,-0.1676912477149557,0.14516817372708024
30,-0.016409448424705486,0.060936702059194436,-0.2058830746004756,-0.05023263620796503,-0.41100418283754103,-0.0026504215096050388,-0.2448847538135357,-0.14965087002632282,0.1183295056437752,-0.3513053661385297
31,-0.18947810156363132,-0.17774420991763296,0.19715299682939147,-0.21847857299666895,-0.09932221389281115,-0.2783696975926808,0.16694133154838564,-0.0968134780388048,-0.3085001646919563,0.13461923310948576
32,-0.17525065065047962,-0.14100881020259748,0.16194568711915336,-0.22449320605222378,-0.16507311194225016,-0.2719051693427543,0.13072308153017698,-0.07917932635524583,-0.24215870669933492,0.1326915276771139
33,0.09817185230229408,0.10045774932240792,0.006469054539272268,0.06274199861043384,-0.19562859617821693,0.12178056772032209,-0.029330118103710223,0.01909818483122505,0.22223361981585832,-0.19289878012941353
34,0.2682128006968669,0.36070652808465953,0.3283243938169156,0.2526623691592518,-0.2720751923253977,0.2876860185577912,0.3046140004046587,0.3175233371004651,0.21505100583941616,-0.0915573848066078
35,-0.052744372018523,-0.013827956446336609,0.3155289647697086,-0.07486853088944101,-0.14608084979539027,0.027335592038461254,0.28848940955771507,-0.003695650384844873,-0.13197192194714646,0.15090350429838328
36,0.07651309374781712,0.03600970484282762,0.2030620280701083,0.005394807677598035,-0.12951142492320544,-0.042997807970589275,0.1722884602265753,0.09213839277043201,-0.04333103455837595,0.13213793466351564
37,0.09108166836425835,0.10063414591694664,0.08072729990861349,0.05728905663953343,-0.3393567478754129,0.1411229858658012,0.0453306895354999,0.05530001196355738,0.24100158555125417,-0.11396713276179193
38,0.240505254605472,0.3519480579145149,0.30943422240636576,0.26124608484692646,-0.135137712771356,0.32985147303107154,0.2837889152991613,0.23152052300579062,0.3253017438076373,-0.09660375008576483
39,-0.3296390838644505,-0.3313408570777252,-0.07844287942249117,-0.35982855346665743,-0.23226160793942463,-0.24088836009816306,-0.11533113613426549,-0.37134227749322957,-0.21497226754344068,-0.025727631705616538
40,0.10410251480277499,0.21704734786004343,0.3353999493414117,0.07687757991756072,-0.137527474588105,0.15432086724654503,0.3101335160729213,0.15810533491407908,0.08477370646130966,-0.0701461697844683
41,0.26142193092799326,0.30339306211875017,0.43024458927602627,0.2274868881070109,-0.07000361685739098,0.26819379141805677,0.41182852137847537,0.29694028464317057,0.15012792504725603,0.19752067923438
42,0.07591901175331284,0.055783835477055455,0.20163338710710432,0.014349145447769107,-0.32544178990677497,0.06431495162406486,0.16919109113005426,0.04278334346304202,0.07423474286579346,0.13851190907639266
43,-0.2293914187793844,-0.10650684220382955,-0.06365682492991454,-0.23148423794566697,-0.2588638792521105,-0.09319152408855635,-0.10092457412344502,-0.24626017337341555,-0.10214424911454145,-0.2587427622484395
44,0.17778312116284067,0.1889737491539103,0.15912745566908204,0.1281428902495172,-0.14704512220141086,0.12907866772480192,0.12692947142381272,0.19067359762575742,0.12857269863821363,-0.1134870857558481
45,-0.18591583334386064,-0.19514300488880543,0.19388714258067052,-0.24934826444974245,-0.2692411229723153,-0.2699559419627904,0.1615172775856175,-0.10993480629809627,-0.2958785886814146,0.1285405074480448
46,0.11903759274735992,0.14265202990287595,0.14805719503335335,0.07655436577958663,-0.13209201656615632,0.028031328971023894,0.11935512927457315,0.06293024374949985,0.09624234491494521,-0.16040868154499455
47,-0.3932871870300607,-0.4004879838476245,-0.18304023962300642,-0.423608613750593,-0.25964313451406307,-0.4574155365796517,-0.22005401479580078,-0.42966470686609437,-0.3796074335027573,-0.08769780184371867
48,-0.07839148610884017,-0.020043664814220596,-0.25323833249762195,-0.08227773808769667,-0.28150802427047594,-0.04427594255563494,-0.2914777485203399,-0.1901239710875824,0.17351775200310526,-0.2946213803008406
49,-0.11921955037500043,-0.09895691149525465,0.290812445111045,-0.14422337610643066,-0.2781177238765651,-0.18459323411130701,0.26235462285437827,-0.02654977597427166,-0.24420894481646793,0.12219179735374364
50,-0.3549612834714959,-0.30186395514735054,-0.3290079491142419,-0.3552214968487777,-0.3041445797002549,-0.3935949197580928,-0.3670244075994231,-0.4085697727167863,-0.2780744211459689,-0.34231273687734864
51,0.13274913870323535,0.15402460848718924,0.39571271376477246,0.07865300544354703,-0.1832120179456549,0.015172958412140947,0.3752619460329327,0.13986601284458922,-0.04841219919896678,0.15870340785274917
52,0.27279503639111313,0.35844684643651403,0.361433000557027,0.24709778342547373,-0.05925385719406662,0.26071053707202485,0.3418170491175987,0.3248503342823277,0.20692583163930012,-0.10081334285814947
53,-0.11055218876260708,-0.0931070667212599,-0.15255345377535212,-0.1642550500323685,-0.2533124403128335,-0.17138937614493766,-0.19015033934657244,-0.18768500652628628,-0.013695749276106062,-0.052592449242554906
54,0.08826598965880428,0.08618788808410316,0.24676515429120838,0.0440114016694535,-0.1394281319726265,-0.008077994559908097,0.2187037749317764,0.0844482695944122,-0.044441694308381186,0.1698766169728938
55,0.17997742732170718,0.2728409883883032,0.3259625537783646,0.15581092085029935,-0.13000130397968568,0.26866710476656563,0.3015753902155045,0.18460546552642731,0.23360903885069306,0.004278037432488224
56,0.25804876046993375,0.3623849253753093,0.35554697540531954,0.2525279748261655,-0.12502602828509612,0.31315702319787464,0.3349357430116928,0.2970049434972626,0.20899582525561167,-0.1089373972266734
57,-0.046942179812655915,0.004778886166638907,0.3243542595734099,-0.0629840179130905,-0.14949476616239554,0.046900282850011576,0.29695544450887845,0.027642923904576122,-0.04968198910208255,0.1664030319483012
58,-0.188568672592065,-0.21177036750526268,0.2092874417613957,-0.21809526757584607,-0.10614461487000137,-0.13916266344789552,0.17703901654008258,-0.11195366934078854,-0.2339833333796426,0.12746158405216912
59,0.20501105562930189,0.32209866982621027,0.2742151299335396,0.21036439334265267,-0.3119061980054163,0.20074969192757086,0.24699665100041246,0.18355348401599603,0.20239231231000954,-0.13738708407610245
60,-0.17494511572432003,-0.22303888023816665,0.1956988281795169,-0.23942871398136512,-0.10956664036204389,-0.16281989046563417,0.1638698688112814,-0.14275862824770824,-0.22527830063821086,0.12491698764972581
61,-0.05328400025433733,-0.020641304503301816,-0.2819482145978902,-0.08931907305200659,-0.2652573351245342,-0.15203295069798983,-0.32074187023756506,-0.1825663691215922,0.03430014455674257,-0.3390482787764846
62,0.11535554508397627,0.11656357567762576,0.13060701826038135,0.09419157185291183,-0.3056184102548025,0.16050949006141635,0.09665863636512428,0.048768710038031404,0.24225978648148905,-0.13906495355331594
63,0.09126179709466964,0.05861106938764271,0.20946594395155715,0.04905158047416647,-0.15119182927974273,0.09568211543953331,0.17884500080860177,0.056585515023996225,0.08366205884895539,0.14859191010865813
64,-0.11970513834444474,-0.10034324762913327,0.15029634083260013,-0.1608744892841456,-0.2853374042624526,-0.19296650785370284,0.11997100965301666,-0.05324806540310756,-0.19082286049477215,-0.1002863027453047
65,0.002627834795640993,0.1109223900299885,0.36154819756996504,-0.01764921471639025,-0.11632538383695246,0.15406638489969193,0.33869639093323367,0.10564383505750685,0.08109320855231172,0.06741956708173658
66,0.028549900299488895,-0.006113031502180233,0.15322351631337483,-0.0225035508445115,-0.14739583779683874,0.05667984239377821,0.1212610628262627,-0.0023108570927861116,0.11061485085664646,0.04669983894759189
67,0.127346421407869,0.12988323339141106,0.22374933528592234,0.0602001774164731,-0.13574497154843757,0.0819321827067594,0.19493210066638578,0.10681638825437467,0.0611807924572183,0.14220044930959896
68,-0.026008541398549356,0.07054384746984277,-0.10379487923818087,-0.028769533450914153,-0.40193631688000697,-0.03626959872094093,-0.1416295806946004,-0.08056138734272911,0.02600048278328848,-0.3031554773854215
69,0.1212413316005927,0.1371115002391674,0.23517739290931017,0.06411391102811792,-0.1435468410676355,-0.011763513998285902,0.20772066675124412,0.08629336206048865,-0.00857547140450099,0.16899705667085496
70,-0.1656322299630757,-0.15085358852490804,0.2042846649245964,-0.20139169210250052,-0.15214499774770207,-0.1015182972507298,0.17276050584798108,-0.11195450386818528,-0.07962577993230124,0.138279583232354
71,-0.17026983043253474,-0.12950980170264015,0.18105438406479446,-0.19850876029849807,-0.33043616198141534,-0.18405421708524683,0.14823200822510008,-0.08321795666212206,-0.19490939113429095,0.13494560440396186
72,0.25491957376648955,0.35431421383718154,0.288836847657749,0.24007144976308847,-0.1360159605282567,0.26269188280102207,0.2641023946579064,0.2719988051463358,0.22200037177175225,-0.135282153300754
73,-0.0386048245844568,0.035635078262377995,0.39758925937332235,-0.07826421943796258,-0.16620977022377925,0.03868702898531917,0.3753581411184346,0.10833189307720192,-0.10195294424019696,0.15591670151465564
74,0.14084776629940832,0.1303910051539383,0.23435693652093037,0.0679636740956322,-0.12915341110687661,0.061309578373754725,0.20496637855367195,0.10508967091434829,0.06197601691749277,0.17990596005504855
75,0.056013225995825255,0.11809248213367662,0.028027259615015954,0.03557321934203017,-0.23256217143181934,0.04477942804914847,-0.004720388578315804,-0.020661046473311906,0.1667424462282685,-0.16132078041077502
76,0.11756847457370023,0.12966150536894272,0.11911429040308641,0.09372142421452634,-0.15611812360635202,0.15500603593231754,0.08604991536483486,0.06886538412050602,0.2295975582756864,-0.13650286331802008
77,-0.03853457165606344,0.02717047693446295,0.282302528758791,-0.0651221972684557,-0.30039079318799544,0.034420883620617015,0.25479912396133386,0.0202882726082656,-0.06805337582141502,-0.09191416341284664
78,0.27237859189598757,0.3653531126690044,0.365547045540179,0.25247895859379965,-0.07345328941798823,0.35645967473808327,0.3433785425478535,0.34891272625638736,0.2316142253586877,-0.08151761126586643
79,0.153419544080186,0.16730420732491114,0.15788331159605806,0.11609617898206603,-0.21165727108511012,0.18253530615065494,0.12516155582307142,0.11647254892953995,0.25418953783187614,-0.08946254684201871
80,-0.11792462170820883,-0.09425372569896417,-0.1876555851528341,-0.14796365239969944,-0.4001020419539856,-0.10491303050593137,-0.22705484888195748,-0.26675117875213417,0.07494178302168897,-0.07802535224167184
81,-0.11204371951542713,-0.06951144558398692,0.2469334208949101,-0.14620475632560703,-0.14488783218349344,-0.18584137172133408,0.21851153372776544,0.00022750936111437525,-0.19215962495738936,0.1600273175830753
82,0.25629590423114257,0.3438999854292961,0.3083865039402034,0.23375222032005527,-0.12307984540465955,0.2048586431589221,0.2838767146361938,0.23924688642774927,0.14903102052141914,-0.12183440048114313
83,-0.03737529035571674,0.0397237435815474,0.354492866630604,-0.055721972262597896,-0.2765525747354056,0.06836454012564408,0.32776025864490155,0.07662852206677284,-0.06081223107813116,0.16092529309527692
84,0.2801181164921911,0.3580955927184508,0.34113338698482654,0.2640958412237613,-0.13840190240970762,0.323919479460957,0.31866824758873524,0.3078404515015911,0.21183759713834616,-0.09059802700112951
85,-0.3743879074019001,-0.3288684085552307,-0.22912388050500043,-0.4040959261155639,-0.2651265982663171,-0.46531868447746305,-0.2673360269427161,-0.4251244425365739,-0.35386888039774833,-0.1236362618851059
86,-0.13026465162845624,-0.13362590694952758,0.26029113938906057,-0.17196327506506504,-0.09361828201205968,-0.1250824467015188,0.2300444590038857,-0.006464097466419627,-0.19925729116735202,0.1471688457516389
87,-0.12814982181143297,-0.12629393365659025,0.1626721225958867,-0.16004919873918566,-0.14579078994296313,-0.05466538365139151,0.1308145800889522,-0.09869463700463688,-0.10115777530206449,-0.10627692157042423
88,-0.06078627962724137,-0.02988023745692292,0.10579900482811433,-0.1094234563872114,-0.31279578603041847,-0.04599203094733206,0.07149469147240306,-0.043555935422554315,-0.05245695710416731,-0.1336527747268792
89,-0.01870464518479542,0.05675835349100722,0.29897625925566196,-0.048843247099211284,-0.15638977945565502,0.012780765883351641,0.2728439071444144,0.04754798486224021,-0.07456777804876835,-0.017117361340522885
90,-0.13595623517003141,-0.1985882652373152,0.23803572001103235,-0.20010757572319693,-0.08852300309762096,-0.21953314365631393,0.20792834194617638,-0.08914617930532498,-0.2711850628337027,0.12435748344731068
91,0.11943498552634346,0.15654276173100334,0.12214600605274861,0.0854602065860488,-0.30997164474280314,0.1737046539087832,0.08716631350951598,0.10240041179713488,0.26438271007827163,-0.1572838720864338
92,-0.14754207402443775,-0.08106090088876505,0.20110938469554274,-0.17811688340272092,-0.18647324836763324,-0.09946116739397559,0.17121910517549632,-0.09287660494875594,-0.16108909124775828,0.0672178100089047
93,-0.0599508456810125,-0.09698667751059831,0.24839662219917513,-0.09296473060769572,-0.27278692954754,-0.14488389026750292,0.21901377341355932,-0.0025494701322898994,-0.13818529645186706,0.1369047991467527
94,0.12220161427963827,0.12175212886302256,0.22245636459072715,0.06836253556851202,-0.3348114788604144,0.11601771882606338,0.1916137538166307,0.059618685750128186,0.1569524772421702,0.16857701660935698
95,0.06730926281500138,0.11464021630955967,-0.011374589531230717,0.030778335768914644,-0.20468641098555995,0.08162280617271422,-0.04833392384226132,0.0021056150203757618,0.13458934543764145,-0.21858423813591865
96,-0.1939958697364259,-0.20890516119447833,0.209039389030391,-0.24242127337178498,-0.1290529364678139,-0.29243361247137356,0.17880955970083567,-0.10966735972200392,-0.3029321584661029,0.12261714873539042
97,0.03778961156234084,0.13515918131946858,0.30421476358440724,0.016766555079493983,-0.1300049684574176,0.07293627749365528,0.27772692226048123,0.10497037721510294,-0.014947741181606355,-0.08754591338725692
98,-0.14309060381177696,-0.09233671222830608,0.2302848413261549,-0.1785892365509405,-0.31206957902524146,-0.17018875118414045,0.1996339374468632,-0.04250365314179638,-0.12547129126008794,0.15299613855531646
99,-0.07696931079018055,-0.03812203501822564,-0.27108918698469986,-0.1098654194738975,-0.26651117186223794,-0.15778872438350344,-0.308922140107009,-0.21455554556051815,0.04631905518016266,-0.3335431163628104
100,-0.056332380089219036,0.005933978579159671,0.2645594040993253,-0.059599870604835736,-0.150977932111382,-0.02225284276370587,0.23660645068942365,0.027617220977799617,-0.10597836207602818,0.034372325514348656
101,-0.4034104898428925,-0.3888203151507994,-0.2543931042159293,-0.42471013031800076,-0.2687878733337219,-0.33390809288067214,-0.29259887504645166,-0.4832965976565078,-0.2642250106937374,-0.09588711176768028
102,-0.2764488899288715,-0.2688566563525765,-0.03757184463979102,-0.3049504784765471,-0.3817246991758716,-0.19638882279305125,-0.07463290519314247,-0.2668052123664175,-0.17729099674646465,0.014338196183413032
103,-0.36614489798767913,-0.2956217073354164,-0.3320891897201923,-0.3717297515544522,-0.4254330954860335,-0.28817755191344063,-0.37011255458345693,-0.4123287740505528,-0.19135602234688887,-0.3481214055063526
104,-0.11429361633090829,-0.15072116461560436,0.2806403010377434,-0.16652298255078923,-0.15067875473780368,-0.057370038144826774,0.2527450324732856,-0.06195617109384011,-0.07312751603542877,0.1738899103107998
105,-0.13307293753841032,-0.1365364637334714,0.2353069150691709,-0.17698356724569253,-0.13320859362010662,-0.09877953508050763,0.2046120189538787,-0.03693068334774563,-0.18269319286858754,0.13219268335478995
106,-0.058496965973055426,0.006235432604844382,-0.26008923687831076,-0.0845401791893674,-0.438716587443865,-0.03730788839541255,-0.30111967941584084,-0.16569316222870745,0.10375665403860368,-0.3208959373488156
107,0.0396249685703296,0.13494316647591154,0.3145859353554652,0.05266803459587499,-0.14779419778853797,0.1580178010438107,0.28880555270596564,0.1364811645256625,0.11109295499350691,-0.07319432016458438
108,-0.06885237434294456,0.015876795622763895,0.3395314606878206,-0.09458610409606294,-0.273947454354851,-0.006683284645280452,0.31266900833997524,0.023204177017710048,-0.15059718611564654,0.16471552000808276
109,-0.1435495172082002,-0.1446499112113273,0.26966814263189276,-0.18902085864700435,-0.1177938516896675,-0.15783298570772653,0.24052564342794147,-0.044958211805709025,-0.24408510834406916,0.14302838476720958
110,0.015701063011911875,0.09777536524510744,-0.07364778201654154,0.012541214894506325,-0.25022994106189667,0.07783560494539254,-0.10976701955973223,-0.1141189717085096,0.16987468017750174,-0.288378207693214
111,-0.06042822680082094,0.011084471122389195,0.3839915210287881,-0.06804603902843498,-0.22959815992323573,-0.0881036720665298,0.360623936634731,0.07789630967464078,-0.14592402433175744,0.1411984923670455
112,0.033660104043042205,0.0056382013704505685,0.2042335200875196,-0.027810434685476393,-0.1403756110311456,0.04216918684353277,0.1726472343124088,0.04644300497984433,0.09072758419337856,0.16795307584908237
113,0.09485943396686358,0.09947503038275296,0.10762602563037627,0.06556059890943033,-0.1597804456858376,0.021420939450515597,0.0753346493331537,0.04178116736620163,0.07109721082151732,-0.13266445070191102
114,-0.3468023856142304,-0.3163118051816154,-0.16830127662219674,-0.36696747987687495,-0.4012016753446428,-0.2640532742966586,-0.20752108415182136,-0.3920109112590229,-0.1734019676896268,-0.0719855559201501
115,0.01846249533646449,0.026574930243072892,-0.14634078026625819,-0.025432519755114846,-0.23628801812587064,0.030915541459185514,-0.18386538751214365,-0.10486088968282892,0.11833194870576658,-0.24118301422355515
116,-0.06457167636421501,-0.005931229600305787,-0.2321027902116799,-0.08259854720489246,-0.252118134150517,-0.05650303468678519,-0.2707711505296506,-0.16895850525035083,0.14767747451028956,-0.307046327856795
117,-0.10579705523660965,-0.04877879601427182,-0.31289515225533315,-0.1391770566333379,-0.42962706266064865,-0.14850456398808598,-0.3517674869313634,-0.2230120272728635,0.036409997905368696,-0.33924810134737915
118,0.11614502295644114,0.1654213603207748,0.2516381714016638,0.0873192290061191,-0.2517090671160196,0.1906318362349373,0.22188364613666733,0.11926152285441693,0.19203965614464802,-0.08679313617355544
119,-0.04640590879959272,0.00608798907466257,-0.26567513292045564,-0.0627926691152545,-0.4206167507722933,0.021756678926170725,-0.3067966367576065,-0.14893759052636368,0.21203540863956216,-0.3160179334864013
120,0.2164300078351442,0.28421956372767054,0.2872485388378927,0.19524153481438544,-0.13992091968400122,0.1491081888433361,0.26249200734778877,0.22399745628544077,0.09944039966632734,-0.09210857235090741
121,0.10714927068427271,0.10680248489440802,0.17561763689207144,0.07274315635100104,-0.326053613004722,0.13764500208880515,0.14274302396777427,0.11812123302161237,0.14152891401287682,0.030434601744530054
122,-0.15896603801635978,-0.15227914855091473,0.211420780876153,-0.1968998843891565,-0.15842781801074035,-0.1688338317086917,0.18084887723907128,-0.09208623256421355,-0.1313369125786994,0.1637696925395713
123,0.13977580930251987,0.13883789092864074,0.15586689397823328,0.12212908827645763,-0.1433136256876808,0.17742427774513225,0.12383640086780012,0.12507417823475797,0.24288461138307782,-0.1182239711978581
124,-0.0783383336031489,-0.02503815718546676,-0.19779892125130893,-0.0911394167453079,-0.24955331077654153,-0.05712252960326314,-0.23634982150519246,-0.1790360144439298,0.028617414279148212,-0.2891514331042684
125,-0.4103178432498711,-0.3919417581377742,-0.25962582347706986,-0.43021047852178995,-0.27685070072018014,-0.32663107939599745,-0.29863993081359386,-0.4560577204645788,-0.18521099079302572,-0.10137639675428023
126,-0.04410661156085749,0.0023417065778110757,-0.08623959157578609,-0.09350913585462117,-0.23613522467905357,-0.0012001734278930254,-0.12311454487663287,-0.13854073056681648,0.1296635201646814,-0.0376490865550565
127,-0.17407956978109485,-0.23913610197359803,0.23633773508731015,-0.2130237790112206,-0.07990961349042469,-0.27502739912573837,0.20759028010951952,-0.0808481670792538,-0.28594585428176034,0.13076633263186732
128,-0.04895381514824271,-0.011181876907059296,-0.25669454830236194,-0.06265022954457122,-0.42362140504484547,-0.016809058600950832,-0.29593832831035827,-0.20976177905784543,0.19256213104274922,-0.31843603858334024
129,-0.14061335142196585,-0.13431549238649754,0.22127494124459002,-0.1809008971724828,-0.27314362788583524,-0.08220197632873294,0.18995979544814223,-0.06937548343497602,-0.18372432644038472,0.14375972514865398
130,0.29042736997804885,0.3838714523757816,0.33789440232570733,0.31899919837991697,-0.08196097814965198,0.3502361930267328,0.3157769244159323,0.28329202213091853,0.3279985079926926,-0.0875974271857527
131,0.26619579308615116,0.3635091118022056,0.3434737242768897,0.25889794692506896,-0.14173800925748692,0.30426970418389043,0.31945305976964544,0.3208839626955611,0.22581994660366966,-0.08503387191471146
132,0.255377107037589,0.34743275576038557,0.30891986302318,0.2615000798491709,-0.2777887910810153,0.21376244724556437,0.2845572193300545,0.26042147533066773,0.21489998075349215,-0.11445613139515287
133,0.06055094914722248,0.20410004357615108,-0.03679481751528835,0.07292688749633114,-0.24900337835591668,0.1299537142430649,-0.07218783427353581,-0.04009347949096109,0.16005680636607633,-0.3078397579516159
134,-0.18548039496870738,-0.20900335632626166,0.20116132040388268,-0.21166131960032497,-0.2678113294830553,-0.19895739872294405,0.17014209187746676,-0.09862039068129858,-0.15935428344306057,0.13650351491799118
135,-0.04218703658487222,0.0008784557169689844,-0.25352187671444404,-0.053464485090611635,-0.4226295738671395,-0.007873566003258725,-0.2922917561976912,-0.1531318520033782,0.12441712096885471,-0.29338795563832076
136,0.10870974915495646,0.09688009726699942,0.12062088872524046,0.059897385250973434,-0.12644021276675144,0.11895902843854578,0.08745109581767596,0.05581934548499823,0.14226978180531913,-0.11152005538212317
137,-0.1669879756121282,-0.1597242051387091,0.2222474086236237,-0.22169907474061135,-0.14267095367124671,-0.22636993231518776,0.1915775899068095,-0.11500275948502026,-0.2759908088558496,0.1399479428388688
138,0.11880870740027683,0.0782666163476784,0.19826486299702073,0.06943652761046493,-0.16222004077060137,0.08314131410373804,0.16836457733853094,0.027067494308755213,0.11770561089614495,0.17927985474255514
139,-0.10132668086887775,-0.09362028981604631,0.18637964443674582,-0.13585349677308867,-0.10240829649145966,-0.10741959259843537,0.15496811026193624,-0.056963774315434756,-0.15724105028717128,-0.03500223293327753
140,-0.011797205484851414,0.08885417933454609,0.4015099722453275,-0.04116906770400064,-0.11655792925838782,0.11701879132511817,0.3785468022833698,0.16185906717265408,0.05038800179156655,0.17152732309975627
141,-0.006981172612122499,-0.007357290553748452,-0.10577248957194563,-0.040921652451041624,-0.21415210359292436,-0.12612935867864783,-0.1421968331751311,-0.10825363440954283,-0.0027319243486250144,-0.2608223251888069
142,-0.3011396003890636,-0.2667561802468237,-0.24087876118991436,-0.3283883315434042,-0.40851438104380233,-0.24070896218632187,-0.28108058045956574,-0.35457027394070684,-0.07890807424252544,-0.11437799945385563
143,0.042630941773089015,0.13104214629897903,0.38219501319769633,0.028517784441596916,-0.27347086282447464,0.10781175954675049,0.3567438286681046,0.1649972718361865,0.05500428263218793,0.19304900251821078
144,-0.07941513640979148,-0.0477455849277002,0.18172328640330848,-0.09973946847700144,-0.14173664417249565,-0.040658590949576245,0.1501011263730907,0.04603844142157465,-0.08519250841197001,-0.0281189212994446
145,0.10373394508043066,0.12280697485917891,0.20367993216932545,0.06112034165250324,-0.1746044008221601,0.12143482915161052,0.1727085691743797,0.04066601719120344,0.182111381159072,0.18904163007447794
146,0.19104608559837954,0.2992992085252786,0.32756913081914885,0.18573892254559898,-0.19093533412021468,0.30910561786232105,0.30301279504982026,0.21387931318268927,0.2656398876907513,-0.024699732153737664
147,0.22818079406450376,0.32805958963607584,0.2611834952286871,0.19816020185827532,-0.15266409046461016,0.16455360659753837,0.2366661928856142,0.19349428129962187,0.15386997411343994,-0.1365852311310225
148,0.1773563754082197,0.2053362021996843,0.13208598276270278,0.1377331510602473,-0.16495052617305483,0.11647657185824878,0.10092909707673914,0.12003935516146469,0.16842596036825386,-0.09697800019404146
149,-0.37000815960302913,-0.3299467609747262,-0.20931114676273155,-0.38815433511697606,-0.26427178120034145,-0.27848312472129866,-0.24853729113044754,-0.3730240221412062,-0.13079643991112433,-0.07778705026906763
150,-0.017072665173065937,0.017054290430541963,-0.14863270403186624,-0.04897552971848107,-0.25775685560605455,0.009998617155001943,-0.18648888168204159,-0.11245061013338709,0.12164408153243222,-0.2772552921360185
151,-0.227081751727092,-0.15823678672925712,0.08887796190333064,-0.2522619480683812,-0.2115393232286229,-0.26925059901522697,0.05621857065344171,-0.19313427265732264,-0.21457406107100674,0.011504376074525702
152,-0.14852535238025966,-0.12795391472043538,0.1876239897662939,-0.19374366855100855,-0.15938097285629027,-0.09777207258563503,0.1553112139984516,-0.12071664707589713,-0.1916208629666165,0.09245840119091375
153,-0.29892556158129335,-0.2807108479813998,-0.20783695593605866,-0.3380688867867323,-0.2826692257609862,-0.2704096459522032,-0.2471440398482414,-0.39048427826202947,-0.25534003837048225,-0.06265827813370617
154,0.15091840416425706,0.18596324312904788,0.15878154681357093,0.10890639831766324,-0.14970907414814127,0.1507239520461734,0.12678340372432806,0.15040217997037097,0.18722366065206208,-0.13252204537767276
155,0.02420019669588558,0.038091093514698526,0.26158342756319675,-0.0194087649563377,-0.2805289682892276,0.041999570948927145,0.23062158314981418,0.11473956479664493,0.05576896822098765,0.17520995366076475
156,0.004833873517728238,0.017409711864494914,-0.014181407615794672,-0.03257723346748542,-0.3794070326228889,0.026848414018095124,-0.05079925159800669,-0.061298493941216003,0.16177957018506883,-0.016673567542667245
157,-0.25652066958721975,-0.26334179712725336,-0.17839963025499506,-0.2907929017360791,-0.2604472813505043,-0.36079862361012394,-0.21517602816023773,-0.31271150471823006,-0.20787117958684176,-0.0656500896831449
158,-0.09854605520664328,-0.07344346491415998,0.19887437096396865,-0.13131502546188356,-0.15807745785076355,-0.021662744415029467,0.1667154381873286,-0.04857416215235455,0.014946184502627746,0.13083108251178333
159,0.1289691427623556,0.1502968394392803,0.16405204817581898,0.0971791552188237,-0.3002090763842553,0.14677433701888432,0.13152118206209829,0.1553388422537254,0.1423269179247293,-0.13348953665730612
160,0.11101685408850392,0.18522702902917731,0.3327330758850191,0.07398969731992411,-0.28870704453465357,0.07398607436276627,0.30739476043248715,0.1509705865049933,-0.011576835108797034,-0.08041721546886893
161,-0.016820697668666007,-0.0022545066115700063,-0.21362941937946678,-0.05759116244139495,-0.25973356594884467,-0.06025100375081949,-0.2521427491969923,-0.17647423660561135,0.0884444140705194,-0.2978396754741326
162,0.15605966741700517,0.23748464950251535,0.34773566930176214,0.14128273413643955,-0.14930171193227948,0.2070837578200555,0.321102314376438,0.2279937315936882,0.19760013963779866,0.19351814778716725
163,-0.09069669014721193,-0.0690138888675027,0.33451787001752864,-0.10222033845523759,-0.06909726289013429,-0.15730033758043627,0.3102542601228391,0.042521004026241815,-0.2531539171945121,0.153122722941345
164,-0.03930380261623223,-0.03431967889565146,-0.21683805172536452,-0.07440492733775872,-0.2401702278925708,-0.14412150919366984,-0.2541908353210103,-0.16791697804793237,0.03364183199717874,-0.31591276210187735
165,-0.09203768780369237,-0.05945061816607011,0.12333679074627035,-0.12224414990129495,-0.15991391630187124,-0.0427162953865825,0.0906112078392125,-0.06977164489561516,-0.07326968216324659,-0.12531461672927802
166,-0.09349881450650188,-0.07969371628535837,0.16026269067179366,-0.12094018082722569,-0.1391935828984472,-0.0347575222181713,0.1277825338557803,0.004542677898742076,-0.055826128439691036,-0.09433421918900642
167,-0.08366429957033983,-0.022086024839594653,0.3848086742025285,-0.08964751651364566,-0.20131525793132554,-0.10740792947049083,0.36240758776076976,0.03483498030029741,-0.2173415084692336,0.16988614300778493
168,-0.012414985614753737,0.06827217344874481,0.36671924685534774,-0.0469733835171664,-0.1272720787899988,0.10676798386190844,0.3425386749657555,0.08330998690331781,0.0024161763981636053,0.15674567002824347
169,-0.05543790430656248,-0.025179986756936223,-0.2909269250967801,-0.08986616081850007,-0.3896357462681854,-0.06373738676010943,-0.3310224445866723,-0.20126387275611224,0.07568683358182926,-0.32819053060719683
170,0.27105492042712154,0.3641926596877816,0.3035003543778989,0.2696605185659917,-0.15069991128303584,0.33724006359221725,0.2782251850657693,0.28349613599990753,0.3215175878907808,-0.10770564490913093
171,0.1611418950513992,0.14552011523229802,0.14898882717453787,0.11558888398610145,-0.2680789133730519,0.16998754721408282,0.11603806124327765,0.112348475513111,0.18188436980050304,-0.13041026972962566
172,-0.018511036701408745,0.0033095907671785163,-0.1767528207972402,-0.03970200072283103,-0.23982979851786923,-0.004410132294303981,-0.2119611983189642,-0.18768057725047949,0.11307915849944772,-0.3054717298776908
173,-0.13775245572759087,-0.13811123531351455,0.22283982397524293,-0.17554785673928808,-0.10797282280194609,-0.1850324805043626,0.19261454838328151,-0.04095051445868836,-0.1837967319489764,0.03587313456285601
174,-0.016787624919501143,0.035669988809847286,0.41868196500348964,-0.02621789666877028,-0.04030923625609106,0.04042781631176928,0.3979879231500545,0.08668867303050631,-0.11541087384436133,0.1633109270955846
175,-0.16691336901593812,-0.1453747248549968,0.2175140761021337,-0.19240046263150457,-0.20707387742874261,-0.0849941658130342,0.18660634231765982,-0.08375776942164403,-0.08284123578659042,0.13874951196965735
176,0.12377867673012943,0.16208469695166094,0.25492598969265146,0.09440177594117327,-0.1310619852846684,0.14440622811960568,0.22666102300684288,0.11224178879123503,0.18136758057337676,0.18688113697892095
177,-0.14682825614005357,-0.11672739863437709,0.20213957116708947,-0.18855062644134035,-0.16381620201434943,-0.24268787069149322,0.17132355924834952,-0.06017794071954197,-0.237630236263342,0.14699803748924922
178,0.1210996711773884,0.10489353665778811,0.2490801781730667,0.08129304233535484,-0.16060828144794703,0.1273182354677882,0.219665886661643,0.15836334613984082,0.17976407387999882,0.15374575579835392
179,-0.11483228146312974,-0.09005145994411023,0.3139579241400292,-0.15549162183906717,-0.13607681884948586,-0.16366289418130653,0.28732788790645647,0.010954834474500297,-0.14299670349886484,0.13297080848423382
180,-0.012355888056145403,-0.006825338023088934,0.14918692576584025,-0.04992332575996672,-0.1754114162763134,-0.15344389732715835,0.11728377486963892,-0.0413709355407641,-0.13815267890107807,0.1542317351671183
181,-0.007502470456934418,0.08649383738399274,0.39799378204708713,-0.0023413233438944747,-0.07351771582174393,0.12263774052691301,0.3771339224878696,0.10679191381978215,0.04253387113600726,0.17526600195129882
182,-0.0833354029514426,-0.07771268872931114,-0.09846677452193942,-0.12225291067646049,-0.24695164280978,-0.1669738187297627,-0.13536985438604754,-0.15381917281461321,0.013538568266244555,-0.010018918012091094
183,0.12728015373266777,0.1386682447888934,0.25505929819232986,0.09090787356578489,-0.14618414969289883,0.13987269249838596,0.22572781834013877,0.14465602647984266,0.09242899385226866,0.18550924859272278
184,-0.029702804502689695,0.05145918976233732,0.4215048239532344,-0.03346021694476975,-0.033371920662443655,-0.03383924964203766,0.40329245320926277,0.11969154045985353,-0.11260630548331063,0.16158716692972064
185,0.004714145261396352,0.01891000017260791,0.03478893722642651,-0.05213030555541587,-0.3840498064110678,-0.11642774632943653,-0.0005083606545959185,-0.07804589109582416,-0.05686100228912139,0.05982582701711503
186,-0.030859914691870882,0.05498188042591279,0.37440641668157904,-0.04535071981931882,-0.1262359073217183,0.09340855724411146,0.35086754676230947,0.0758518649601434,0.027580697020172185,0.1796026305838898
187,0.0781928653423527,0.034484808264961364,0.22573382091869099,0.03868316318950282,-0.13340570135365404,-0.05487791131506947,0.19825057284198366,0.10051025371739097,-0.041794405515025446,0.11211295380178266
188,-0.030931550919535367,0.017282886823282162,-0.23271887603087205,-0.08810580748305319,-0.25298964825113535,-0.029753532914412073,-0.2714426556234759,-0.18284223498840602,0.17424032056412875,-0.30353740749232094
189,-0.3544056776771236,-0.3352537556508386,-0.1464031607501286,-0.3848054386344206,-0.2616191586875767,-0.2818336739614009,-0.18395245121911552,-0.376310534279894,-0.242003996273082,-0.07697930220101301
190,-0.34338084181334505,-0.3127861751896288,-0.3267859289996369,-0.3638592446079498,-0.2835394892861913,-0.39768971215037263,-0.36357915523530693,-0.4357922380301147,-0.25783673413475205,-0.3249447730657198
191,0.26491063972479,0.3678785655452663,0.30864633830292854,0.24499122929403416,-0.2962393513332522,0.2620368011676302,0.2824077294243068,0.2656128291583921,0.2524488054942884,-0.13544938599736933
192,0.2126060346820462,0.2532975030144433,0.39800672711811935,0.17612493961849918,-0.23391559300964881,0.21859988863764435,0.3765156461045791,0.26148951787970964,0.18927343361006632,0.18636724937980165
193,0.17335566316015805,0.18219706818936698,0.21484210411031968,0.1439521709261773,-0.20215475692191887,0.2051972505185884,0.18383630986602362,0.1781056434047983,0.2888609082181701,-0.0991699208881136
194,0.07316461524964302,0.0394123988738031,0.1878211833176313,0.012008993826129633,-0.1602918022814701,0.06903565215041585,0.15669675918085413,0.011227349838787815,0.12974618698287665,0.14925420781266596
195,-0.15610257580173648,-0.17739464690956508,0.19781958969231783,-0.21152026177678906,-0.11729194847109392,-0.12337932458283607,0.16599258378492898,-0.08792273542437745,-0.1762917766320906,0.13182749513600212
196,0.18603684722685498,0.2796088031790924,0.3505643446991402,0.1730119862463564,-0.23745616417915594,0.24070518054183276,0.3281432279307597,0.23778384683564058,0.1375057492029923,-0.019060522867518026
197,-0.11779995733098403,-0.03958539786249027,-0.31733791688910884,-0.13087023013539167,-0.28007717416269573,-0.10549269978894849,-0.35703657051736704,-0.21345224199090107,0.015576858994247544,-0.35106366667383915
198,0.15234854727529235,0.17237670382071868,0.24112461041537592,0.1073881504423837,-0.15763350021392797,0.12415726885600487,0.21174228807154005,0.16964724359588468,0.12250668123620478,0.18280237609745598
199,-0.37342685627200733,-0.3425440915356077,-0.1905794379877599,-0.39595243873014896,-0.260951102182982,-0.39207309405055635,-0.22856348785584468,-0.3855171030198248,-0.2290536249966224,-0.05066562498480698
200,-0.21718385653128403,-0.1991890156756253,0.05661148153841067,-0.2522571738204493,-0.246644940487873,-0.18575487127005652,0.022717859662608753,-0.16267991836659257,-0.1823797760965895,0.04132862429852269
201,-0.30159628654147763,-0.24165300898772002,-0.29993771389655977,-0.342503110867284,-0.2900606811491109,-0.2995857048376127,-0.33894392751511515,-0.35352130674361604,-0.07732900192097802,-0.32260223629274165
202,0.1268960621693922,0.12951635091498503,0.22481716108508398,0.06939251955113601,-0.3155042293297132,0.1712606900567366,0.19396901316041215,0.09147831529764106,0.20633216119449505,0.20611437818378198
203,0.08042128346748267,0.08372110034299607,0.15222959758127153,0.03319642115332666,-0.18391826920193166,0.04143014428858738,0.12017302564428034,0.03927179065047981,0.06421659144976344,0.16498482050045893
204,0.28363780337051625,0.36329646783507585,0.3390773213089222,0.2476191393051701,-0.14903797496889082,0.2860469177899261,0.3154283758569165,0.283491936089014,0.18853910600767398,-0.10476827434951108
205,-0.19586763372946803,-0.22586162633384643,0.17764827203087985,-0.24492291540842026,-0.2560573607181842,-0.11931610253684699,0.14481728201124966,-0.13520578761735824,-0.10531691844279711,0.13320415491258975
206,0.1037556135139599,0.11614133574455332,0.2611342008481632,0.05974776755322875,-0.15537524949871773,0.09068868378156214,0.231978155946579,0.10163314910783217,0.05949023296480327,0.1749329952919052
207,0.0730939355806135,0.05879668021580153,0.18656624045667014,0.021239372382705568,-0.16821007374622532,-0.06976521552218151,0.15547431139792334,0.09706002650668855,-0.036577720399387115,0.1404726016900324
208,0.1914895970967283,0.21228659262477323,0.20454526224619096,0.15095053287086713,-0.1543840564263057,0.22393653701888216,0.1729785293058972,0.20262659238343605,0.19800259218447258,-0.11052748525328959
209,-0.20444817699017448,-0.1657793068671647,0.08560574096659557,-0.2522616812466165,-0.1973136074325006,-0.23421843446389135,0.052188916327536417,-0.1357092193522922,-0.22106824897321609,0.02527585557116785
210,-0.01953093002575912,0.033386777478228824,0.4185966219489399,-0.02484809386976594,-0.07390744719092002,0.0319197586974127,0.39760857755556267,0.13900269789929154,-0.10355161339350749,0.17186825276256434
211,-0.09447472454552219,-0.04951331776104828,-0.15639739613868398,-0.12424103275891984,-0.2681731479763565,-0.08021682198344027,-0.19423326422436693,-0.18353057303189035,0.09624654591204229,-0.03729535681611473
212,0.09932251248246149,0.10869348169458881,0.14570861976562988,0.06134417718934637,-0.28717645251707147,0.001906339111205524,0.1140191149067924,0.09983053184675517,0.058125520787198015,-0.1296103303166316
213,-0.05135863016451658,0.004996128685822665,0.23038925665262222,-0.087430136099101,-0.10731870708780167,0.010468088092848715,0.20013111218467228,0.06154637890129644,0.018191753207665196,-0.11924284454977174
214,-0.04727617977810317,-0.03871952121988653,0.21669989759204755,-0.09070201059061112,-0.10680711384067809,-0.046085464450668745,0.1865018310699751,-0.04351005049858725,-0.00580859667627287,-0.014900829380656733
215,-0.29448941411600305,-0.25948511260056195,-0.13048359533089315,-0.31457831278978454,-0.2587844471438756,-0.22343834165661702,-0.1692785336557432,-0.335235885495051,-0.10295085278076144,-0.01928722213736811
216,0.28975798036734224,0.41508236336976867,0.3470590455499287,0.28436752919285624,-0.14236064743908883,0.3599037645776668,0.32409222697773243,0.31673725565487154,0.34965074926519213,-0.11286859322676945
217,0.24007464102180087,0.35015632308961586,0.33938547782641515,0.22771791817285436,-0.07797812657689618,0.302269873676003,0.3171679696348835,0.24313063648475475,0.29468466027838325,-0.09130840587538547
218,0.25647279729892647,0.3239079405523455,0.3632174487754509,0.23949324667136507,-0.200494320672167,0.317466289633501,0.3404339318111167,0.35843652281072047,0.28102990372082215,-0.10505448307503507
219,-0.3826741363360924,-0.39843940354164786,-0.19787978106145276,-0.421270290062014,-0.2688745098686536,-0.47094620869394443,-0.23462867357424866,-0.44333175517075585,-0.34512458294167825,-0.06932167159423863
220,0.25954533451987283,0.3720611016960891,0.3061289398545084,0.24919449199029597,-0.2770887180064687,0.350930944911493,0.28006031238886564,0.21932221004449315,0.36107306919532944,-0.13244868128631504
221,-0.031964546198090416,0.04662275838844865,-0.22502062784091148,-0.055211722757402715,-0.2618945040990768,0.0024658827953492057,-0.2641918114035948,-0.16866522922139704,0.13168606794277182,-0.31612794431183344
222,-0.03532322111494102,0.018686785567748165,0.39955198878119935,-0.04033315848535146,-0.08775693935712159,0.05759420218908118,0.37767996081403354,0.08743891132454551,-0.011485510377790664,0.17266977815518358
223,-0.18011306357037316,-0.2021452630106786,0.21112231142942361,-0.21512571076069253,-0.12021508600179187,-0.12224196861069458,0.1794491428326226,-0.11985430191123836,-0.10661176705296471,0.12716914361894638
224,0.07878146481107562,0.039439623290137726,0.2179982380661376,0.03305773748756047,-0.10223428515182742,0.094371390403865,0.18741401507140965,0.0956896591101386,0.12229917807893576,0.0860261442235073
225,-0.02131873471674739,0.019841692781701115,0.16646698317841002,-0.06034865810461598,-0.1394813396919028,-0.0777119906660535,0.13800349832754377,0.0350171108449544,-0.034429376945381396,-0.12474294411472231
226,0.006383710769088502,0.05764524615510358,0.3293681391412473,-0.005086809081390253,-0.13845312248306185,0.03024855435357532,0.305613877356429,0.035979272255898476,-0.07818348304448741,-0.06770461153537788
227,0.264654053406423,0.3617244631726859,0.30721321702960136,0.2459736245703965,-0.08721646752494094,0.2906716501979971,0.283405297696788,0.26481557867901984,0.19723177755922805,-0.12237455464835123
228,0.04917992983824204,0.10292940149786367,0.2954923587847593,0.02467830030138063,-0.30585729745785173,0.0028804725658384545,0.26943198831034776,0.09894354938440308,-0.03702698837998941,-0.07515005101439365
229,-0.18168124979140532,-0.1685548031711228,0.19319578620407518,-0.2387384407932298,-0.31115642803352817,-0.14877844380421923,0.16101297620298127,-0.14808219096281316,-0.21244707459016765,0.12133679866900349
230,0.17570584559294522,0.2725968607275646,0.33788300612197597,0.16671155255008574,-0.2855919476642603,0.1460713657235304,0.31416926857881755,0.23939546941845125,0.08070847971165906,-0.10358341956916672
231,-0.06502463479384013,-0.004719686713336335,-0.2876177755599705,-0.08233968863718366,-0.43404102018733304,-0.033836486767397034,-0.3271243078612398,-0.205462971522145,0.07252380270004433,-0.3411901701926403
232,-0.0421008438525059,-0.010278176852166032,-0.26809803244052155,-0.08475653352698043,-0.4325558730613297,-0.14618180153064197,-0.30774495057701956,-0.1912539943572955,0.00877176310534189,-0.3273693546413814
233,0.08372222842928068,0.10193066496618308,0.1983268167484633,0.049919160256708395,-0.22413954411996695,0.05900486262349958,0.16659945245154284,0.06261592323259846,0.1355453967263085,0.14741446582793105
234,-0.142891907077062,-0.04693673773227336,-0.24075007438831864,-0.15292744624130017,-0.2600124904645942,-0.06958862077584627,-0.27902798907836823,-0.24129526332953488,0.0984666936739318,-0.3159661148630306
235,-0.39385803854252255,-0.39597435413452065,-0.20519655268804637,-0.42629728156220903,-0.2609994536081801,-0.46518898707099265,-0.2425828162856063,-0.43409450658222903,-0.3851529492408179,-0.0791516860574677
236,0.17449740468974473,0.2087804931789179,0.1644839864851424,0.17136396655942998,-0.14235225003239593,0.268830727497007,0.13298712711986393,0.1508197573008967,0.3060569908310673,-0.1129717631713465
237,0.005124200706982274,0.06187167496064783,0.32775479806428676,0.002819894164953096,-0.2289439366188848,0.10088027697604285,0.3026019061994474,0.1253278423174029,0.036418714618571935,-0.010245517716175545
238,0.12288135478164808,0.10925623095577608,0.2318527545554554,0.08803630110421423,-0.2875782325710934,0.1404570117046553,0.20039359370048881,0.12853135555969564,0.19755681248017098,0.18725047023576247
239,-0.08142489346077908,-0.027724715483915974,-0.3147324870328063,-0.09660539280156755,-0.2872494339468341,-0.07728819555676125,-0.35344884385842823,-0.2552864239519439,0.04702783450138992,-0.3446326479849473
240,0.23691927551545633,0.3329650763981824,0.3178885817392585,0.2325351616017035,-0.17936103413030913,0.20166180114412247,0.2949463901821714,0.23039428292526654,0.15584887675720505,-0.08270570080428996
241,-0.18314621740948578,-0.15369851061530304,-0.2305668357310071,-0.21037763672876442,-0.4466664570754073,-0.2727837947931959,-0.26940446540635343,-0.2749540325171036,-0.12668666737203194,-0.08438192699938751
242,0.1106795750576064,0.23791954327616005,0.21273786879267753,0.1346048652394245,-0.18405806579503303,0.2041332018302462,0.1840091641557322,0.13607506499586197,0.22311528533960634,-0.1700165252995567
243,0.2833678298215492,0.3992669505897737,0.29445544361140863,0.27863414085126714,-0.14448766142627423,0.3327319803141995,0.270580159744364,0.3295144659697098,0.2742542376849335,-0.1446073231241094
244,0.12524618333916404,0.13890384511185894,0.12190686389094929,0.0886980907801751,-0.14983207410031762,0.04525296086521302,0.0897811754620601,0.11950131581369505,0.1134242375248653,-0.14780221876240396
245,0.03750282779809577,0.028550429255329357,0.06513527785475914,-0.01918868821323727,-0.39682039341056097,0.019448607802128315,0.030206514522758354,-0.03889710113572531,0.09064881246484147,0.08411037489517637
246,-0.07193960996875326,-0.02149736692135229,-0.28281576829075883,-0.06810823458018467,-0.41201106919207553,-0.03855963292898168,-0.32298575945101304,-0.22247865206104755,0.07175378844631175,-0.31752355258300313
247,-0.12165835855965423,-0.14260488790403003,0.2333891939779733,-0.15851529799722286,-0.1575527865206643,-0.09319524396036494,0.2050958355575292,-0.005392963616364543,-0.15608003867642606,0.17237542992588328
248,-0.141017987114475,-0.16574471457085238,0.22643728741869906,-0.19614456060409924,-0.13493890927348162,-0.09277011531273649,0.19545950390966427,-0.0882590011996156,-0.19048850131216888,0.15712152022051584
249,0.12178135941326906,0.13107406760524065,0.19942070353085461,0.07670056039344031,-0.18364504688510253,0.11294719667292119,0.1687770149485519,0.03346457528588487,0.17328316442155334,0.1905250297692309
250,0.09441078271335401,0.11271644832891092,0.2302599306069284,0.062619288627636,-0.16099520880934337,-0.018783662969965365,0.2014358029485821,0.05473386227403365,-0.023123024106473045,0.15376057558700684
251,-0.36519319087439506,-0.3404456651802905,-0.18478211392438837,-0.3864600154102702,-0.2577265142862424,-0.2657978986733167,-0.22314677920602555,-0.38569488834473487,-0.12929353466316806,-0.07302680741661738
252,0.04955200007572924,0.15509725718697798,0.3196269103959877,0.05751305136035678,-0.11799912222345488,0.02875780609687717,0.29665788547589966,0.13121194128674585,-0.021020801821464374,-0.09243021525264816
253,0.32415302904128596,0.41236574269116977,0.3476254948432942,0.3147192667299339,-0.08064266790684793,0.41266446940423673,0.32446509782790867,0.3339333112602161,0.3822182360725075,-0.07253676892174221
254,-0.11904189244027652,-0.12859231840870078,0.20487384471750913,-0.14614096193018478,-0.10768738624243124,-0.06686820151342543,0.1728034485334633,-0.10548136295923749,-0.15370372077175287,0.14277192312942089
255,-0.3713859766976406,-0.3648731955905029,-0.17164779745070868,-0.40012387281686346,-0.4149266803035878,-0.32441222827620586,-0.20943500988497243,-0.4203987269699405,-0.2695699720496454,-0.07086973024174248
256,0.1924862827080016,0.2835062946655076,0.3314998856024065,0.18053056748617258,-0.11492878777820215,0.22907904671593293,0.30746730543935863,0.23912759815426154,0.2303370220162011,-0.0900205249871191
257,0.1367950591245921,0.12965356944110518,0.23851474228886027,0.1066952530347598,-0.15295313982030434,0.12812178662772689,0.20877271506108852,0.12333397707717308,0.09306826713414651,0.18087447549977842
258,0.2068159641928078,0.2237147585717425,0.21570093474425334,0.1865363729182863,-0.1608493543250955,0.224644427250851,0.1868390480545088,0.20249192167619667,0.1990280752398048,0.0073840517345353796
259,0.1183386134272213,0.0986597921009218,0.13099564812529452,0.09014970123030408,-0.1465963292287189,0.11700027067619745,0.10236157332295437,0.07565512385142781,0.14104084542156303,-0.13700205637812246
260,-0.05486439828697032,0.02361935014445571,-0.2529785628314638,-0.06610214794256875,-0.27818366600028344,0.020620785183689483,-0.29286136406666374,-0.1838255973431131,0.196589793328938,-0.3252638986362528
261,0.28878269098872833,0.39515599221480957,0.37153974741860973,0.2838766111727222,-0.05750550931719589,0.4168626086110798,0.34925753508751023,0.3460166118238246,0.3842056379789047,-0.09047570397898386
262,0.14908223463522163,0.14997596161635696,0.10397223055962357,0.13147361389588208,-0.15168383576719413,0.09829081757633706,0.06999799563192144,0.115787479628497,0.21547634353770917,-0.1488435552404086
263,0.2383341836747883,0.35962750627807205,0.3210326696016814,0.25063369249471035,-0.273899849620185,0.2792314153997413,0.29636847433248303,0.33317805779567733,0.20505396748837557,-0.08800201485887205
264,-0.0973381640871982,0.01449064514705456,0.08575329339893845,-0.10320823024503833,-0.27809359596832084,-0.035813304166548265,0.05139791262291715,-0.07381177971560793,-0.029960589150120454,-0.19438948138390866
265,-0.03490720566936334,0.04867686252212877,0.4047394249193772,-0.0686598099805964,-0.2043754723775304,-0.08063337564761364,0.3822477656132228,0.1113798995006523,-0.154752904651825,0.15940170075049065
266,0.2951519229078936,0.3848990319369645,0.36969678791774907,0.27476530009966726,-0.210645976385482,0.3460103600631752,0.34588268580249903,0.3875146749317515,0.3297373175491902,-0.10516253874368275
267,0.2786855115009863,0.38278512234755024,0.34981822630751136,0.27853215394919006,-0.12876350402740555,0.36526799700655554,0.3278769410011553,0.2909168409256091,0.33561635750704744,-0.09713962542941168
268,-0.22427615559444347,-0.16517271735400985,0.11146532643772389,-0.2377923886235025,-0.20033171277116057,-0.27315695016592945,0.07996791404527204,-0.17721833932854092,-0.2675941082469844,0.016098819937579778
269,-0.0413757244269195,-0.026582123390916035,0.3513850434583248,-0.0829953554451952,-0.07506575316393871,0.03418203642935991,0.32537386778718713,0.07758848174731336,-0.09151562658924739,0.18051665086202928
270,-0.0817617656518459,-0.026292185315415217,0.3487096580225535,-0.1119422540916799,-0.21936115014248236,0.009374229617738816,0.3224086161130344,0.029671255551090292,-0.04260009068835613,0.1648928716396687
271,0.027714894247424127,0.09353808872335989,0.3813453229173691,-0.008038663716952055,-0.1276641122279627,0.10741931349943279,0.3566244060277295,0.1513739294851506,-0.006210838189979917,0.1517902563867688
272,0.256147069877807,0.3142931580581625,0.29165182063388606,0.25820764537165086,-0.27584040294793755,0.2988897505236079,0.26410516511408244,0.23241605649099362,0.2979574011627819,-0.105534045419307
273,0.12048959491660383,0.10070992073011165,0.2207687861979024,0.0754591637054296,-0.16283683464651055,0.09147169023519885,0.19036154200513633,0.10421831619259048,0.03772454528605951,0.18860455964069445
274,0.15537668855518771,0.22567459707967497,0.34978212153496235,0.13936354241972881,-0.2560160493885264,0.046001261993565246,0.32553159307783264,0.17110737078712024,0.022821370264502594,0.136399097472079
275,0.09417048510810733,0.18361542770662287,0.32176652655316373,0.09043991959440723,-0.08599621780473465,0.11941857195215877,0.29761486093259504,0.17271234834392035,0.06351895606644375,-0.09677377328474557
276,0.19661020144591967,0.2623697236775746,0.3873379950541851,0.18059761833168841,-0.12011714979311683,0.20265322502200256,0.36600194310266354,0.22844843171182494,0.08030153125869677,0.17507343066442482
277,-0.1753648257443361,-0.1384463680898973,-0.2402447480863663,-0.2069755183736297,-0.4365075590559202,-0.31503153794693883,-0.27904698165336606,-0.29523299157525806,-0.14409173132908792,-0.09601111985025779
278,-0.3256652566041709,-0.281708957100945,-0.280144073434875,-0.346767730827533,-0.42813165427897726,-0.25062682263454317,-0.3194199031121623,-0.36802541466578864,-0.09620636006691208,-0.26197435397166213
279,0.2571743189978277,0.35632583894157954,0.31883135938900775,0.25045803114739296,-0.13400071625706667,0.29804976749163803,0.295460367251696,0.2905043007240966,0.2534223411352099,-0.10181742424581763
280,0.14600945614066596,0.16981230274223136,0.15023201487386473,0.1299941593815559,-0.182008890338883,0.2115956023377048,0.11854415396549411,0.06260246713316997,0.28284367072651584,-0.05533322279500563
281,-0.07572602565853592,-0.027302207528381528,-0.3041312319551994,-0.09329327685567868,-0.27876276111944653,-0.00018452201423291292,-0.3425859970110263,-0.25507829400364335,0.20240841707079116,-0.3072447522263104
282,-0.07381175678631502,-0.027692783812847566,-0.2703296177173995,-0.09408502047109146,-0.29292631114974266,-0.019561344581273454,-0.3094112339430304,-0.24444660446966604,0.09068071199524375,-0.33022232652283634
283,-0.031212192532910965,0.033098873270638096,0.33177765767556044,-0.07489712579522001,-0.1412404979451134,0.03366105832587163,0.30515725495973833,0.04158062264024287,-0.12489376791152162,0.14847933415800263
284,-0.36104179589371443,-0.36476675806381165,-0.15313025640496414,-0.40328402693270804,-0.25193973687314575,-0.4188941870785863,-0.18984282130578078,-0.409734727410612,-0.3207791122148618,-0.06094518085130396
285,0.10638155629343693,0.20490722258971328,0.02518983248288298,0.117036738016419,-0.2099812492899258,0.16587749687347442,-0.008620086500628732,0.04983865054196768,0.2592082130238691,-0.2188931992064278
286,-0.35335125338210305,-0.34090833291638645,-0.1812083614811444,-0.38287859793911827,-0.42387513959267276,-0.3523811312087064,-0.22038867453524635,-0.3364988352665004,-0.3069277930399763,-0.06141479192092425
287,-0.07119644950798598,-0.01336124431377761,-0.3089311995075006,-0.08455150740343131,-0.436519210616898,-0.016186303715993722,-0.35002175444608574,-0.21246600396459647,0.20919598877475631,-0.32831812190922016
288,0.27867465431049454,0.3800403185565817,0.3138144630747015,0.27740063135549353,-0.09176093573528643,0.3535881029140835,0.28933247861445355,0.2653951393132805,0.3252978592074782,-0.08783011282635789
289,-0.06859501418753089,-0.03504033893670755,-0.23020009235093086,-0.09875000618335417,-0.24466505596145316,-0.036387398319609465,-0.26972104273602127,-0.16993258616282825,0.17730923819162503,-0.309233692896159
290,-0.17562364083888515,-0.1890087325398091,0.1770534075251624,-0.21407503291071328,-0.14565012681376044,-0.10902908692206492,0.14526063557066515,-0.12809060459528077,-0.09761335617010491,0.13362705937366814
291,-0.1990842262366932,-0.18419656002672014,0.1543259410257507,-0.23221031048367746,-0.34834305518069497,-0.23935533758102867,0.12121347553565531,-0.16613742487297944,-0.2877432341563926,0.1280865231890813
292,-0.0630756686823466,-0.07634041798532132,0.2006561976428629,-0.12254219431257352,-0.16012198763484053,-0.16942032082377612,0.1697853589835403,0.02617887739678726,-0.1376951872880352,0.1515139961812637
293,-0.15346481936587142,-0.15043680590241548,0.18907681783815566,-0.21615458022217093,-0.14206384448533327,-0.24036167755566407,0.1584599807471383,-0.06994207311170264,-0.21619633658061277,0.13070507825634037
294,-0.03894326614655985,0.040156077667001355,-0.24130916942392777,-0.05221889936067137,-0.2622516184561834,0.007774848734045436,-0.27899695589448603,-0.1954354628342041,0.13204151071597003,-0.3283918302579667
295,-0.16158493932124096,-0.08196327791782632,-0.30027941725259866,-0.17122409927846594,-0.4284140826042129,-0.23408126982508026,-0.33752979619843626,-0.28636315674155655,-0.05088449583093757,-0.3510616585191637
296,-0.376252621010043,-0.32858650889961094,-0.21172518939637386,-0.3962784757085056,-0.2713660273491132,-0.28720645129240996,-0.24993000676753652,-0.4319559282966865,-0.16307637121465923,-0.07923121503551189
297,-0.2912791674332942,-0.24524412408433638,-0.20141642716331543,-0.3130554880585721,-0.263550475993237,-0.2781154342905221,-0.24025652264252373,-0.37339690281549465,-0.1867036928572916,-0.08194052163633891
298,0.05600559476602518,0.1534844158237587,-0.04972280083115099,0.04282548940220554,-0.23262551701272982,0.11272496546749555,-0.08565250575519157,-0.029820358270277847,0.2479878522796939,-0.2941377140153889
299,-0.019111773887328765,0.046852932707726946,0.38500733458214365,-0.04510125551760846,-0.20930049534344786,0.036943098323412915,0.36154402869313285,0.1146916809284595,-0.11036724833060685,0.16027700146115187
300,-0.2708914459616807,-0.28498777682306975,0.016768759460443983,-0.3253121543269746,-0.361614350602387,-0.379320495275298,-0.0181773723298313,-0.21298507352551765,-0.32165601826205226,-0.030582639323025074
301,-0.09621625150851498,-0.029031272394704377,-0.29800196384764077,-0.12404826344596231,-0.40402375605395124,-0.07311564280450478,-0.3370419600000558,-0.24334522571538497,0.03351551997462798,-0.3700606364959469
302,-0.013904784527512648,0.05839378726819211,0.392813381878133,-0.04461238075229601,-0.06555232371965425,-0.03574680271190167,0.3715632926566721,0.08061144142839316,-0.1046158174728482,0.1604784099690002
303,-0.07773853265286457,-0.047631131305807095,0.33579994121704027,-0.1221457012050553,-0.07228829270379888,0.016842440014703364,0.30956458886731997,0.030048420978035173,-0.04776517629935695,0.16562294512219822
304,0.16658028819382786,0.2283736413146964,0.3734440534975174,0.1298832360607367,-0.11556956933232199,0.11840001327754424,0.35259836481343165,0.198193594023506,0.06367662021108011,0.13883762176556158
305,0.18260594209526437,0.1717038314547481,0.1803070344641844,0.13729851189916298,-0.12605630278339386,0.22646753966612443,0.14814220809338052,0.12484721202094429,0.2732109097922599,-0.11476126340812742
306,-0.1264768790631312,-0.14349713858830548,0.1971926066513432,-0.15500977199699317,-0.346622956309129,-0.15665613234600384,0.16458772946240696,-0.08735939942392901,-0.1922320725983384,0.16013890617775228
307,-0.13856765100880808,-0.15662640218222812,0.2608654600555329,-0.18412558643747512,-0.10734215266051472,-0.059049736765674155,0.23054549435778005,-0.021450714871283028,-0.05342909984959787,0.15320940301256747
308,0.26773840303792285,0.3888923813071039,0.3149664748072003,0.24933820907902016,-0.13740637128867572,0.2925851759298539,0.29146133199721147,0.3177507608197656,0.21849939173454946,-0.14141819709764247
309,-0.07435285758748611,-0.0034822836024981374,0.36151574724120605,-0.0920340637487207,-0.2723172951893311,-0.12450986117523155,0.33911992229989507,0.02375650622169978,-0.21138907519503314,0.13966872835671595
310,0.16631371060487354,0.15128483571769769,0.1354968469376252,0.12018719335856298,-0.14882126067524193,0.06900205712990282,0.1044668860181277,0.1225170687366186,0.09013529077269355,-0.1220517388336737
311,0.18231631173845209,0.17605147683800082,0.17033665247260998,0.1414250657748597,-0.13817885948010056,0.18955191074331212,0.13990472100793294,0.11031485108343198,0.2478194959818889,-0.11545724301390603
312,-0.15095354259646387,-0.14379481747192502,-0.18920940068671954,-0.17556240294286973,-0.31907578324427677,-0.13299280042291595,-0.2273249936880275,-0.3061589169804413,-0.04217605549282677,-0.09686788193588569
313,0.004664167964645305,0.03627358615161924,-0.18909500534758927,-0.04463632745650514,-0.4093475345716606,-0.09657541449246976,-0.22776094137157266,-0.14493672538419666,0.045787762379972285,-0.30534775652927104
314,-0.08866240787211788,-0.10892271736235948,-0.13988290970322792,-0.12011931330520365,-0.24380018634318223,-0.20605928822333586,-0.17551822121431915,-0.19780647172914323,-0.03544420219402511,-0.03107980344640482
315,0.13624063371080575,0.14754513211363363,0.10749883001600202,0.0926010171039946,-0.16777289054210298,0.17266811095545354,0.07365406292947996,0.1459321707621879,0.2011177706754257,-0.138597639812575
316,-0.034570380367952236,0.067052609569894,0.24826678751385156,-0.02982900917320963,-0.2950190947039344,0.06584579860698336,0.2184741499106111,0.06328175927952118,0.045203275524643205,-0.10547151208494032
317,-0.17018643825930524,-0.11395261239197585,-0.3424304946862762,-0.18972862102942067,-0.2786496446777327,-0.25372954339623743,-0.3795517135920261,-0.31888348599077987,-0.09151672228832508,-0.35629565981838174
318,-0.09807966937961488,-0.06925122727429289,-0.19079398782699775,-0.14042110410712194,-0.41521723056792803,-0.0895094113937418,-0.23163969227643477,-0.17102653793772005,0.02816999494517658,-0.13918398458669712
319,0.16970458855718995,0.23482398257691828,0.2882318373469892,0.1558702752967429,-0.19607999679629007,0.09326210437955829,0.2643340235857521,0.22358909177499386,0.060193236317037435,0.03274697593962261
320,-0.12660901657326584,-0.1279524133236929,0.19970353126162288,-0.18915892212665875,-0.14693979677589675,-0.10311079741547347,0.16876725436617024,-0.0588428537740211,-0.15561870814608225,0.143466813256665
321,-0.050042151041847616,0.013369561500501392,0.37935691951520467,-0.08795162184016947,-0.058844598976626195,-0.09517943146530938,0.3558525873608851,0.09577101934921761,-0.18753453972970435,0.1497224162143207
322,0.2599980635195309,0.37289972675786665,0.29975550173832066,0.2457566648743168,-0.13492202191397262,0.27927220265250785,0.2745056635358203,0.26829872534348564,0.21076361282143186,-0.12547911519070132
323,0.0878728195362184,0.10936045889795465,0.1918870066301288,0.06007892231999068,-0.17458746887288745,0.036765228408826456,0.16051640522234778,0.0819970350443937,0.14028730437682402,0.16161977032079844
324,0.08535418062167599,0.06323575644165569,0.18688977606446633,0.05511627477643177,-0.3462037742702251,-0.015327853985076745,0.15442551386382686,0.07184720861177696,0.010772311733448614,0.16331121301211327
325,-0.308143184250689,-0.3348527587144643,-0.04876178036642331,-0.3425681626683692,-0.23783284459647946,-0.34204957504741196,-0.08444591362458964,-0.31831214624608384,-0.2780816021404491,0.0076209164931755335
326,-0.18386372145907326,-0.15329251262853116,0.22592791411225432,-0.23188131669742762,-0.3141835407803448,-0.25190590288473835,0.1994839683308569,-0.13474953037253212,-0.286203506199149,0.13065415020622306
327,-0.04797463836797511,0.01982916886837871,0.3758164202517382,-0.061115054904789856,-0.11560361134202357,-0.11150825195482428,0.3525331123750002,0.0997049824091758,-0.18488030941825628,0.13431597017876884
328,-0.07206028605117587,-0.05095106026423002,0.18228370906130298,-0.10560058297794739,-0.16062376247544763,0.01928239393665665,0.1491288735996945,0.03652588713068772,0.053553683668996266,-0.050725327095106465
329,0.23592826111241139,0.3329122844979673,0.33528516972662836,0.23045192940989412,-0.07014904257720112,0.33126489166909034,0.31127062917480375,0.2664604414630698,0.22485263013069168,-0.10151877386462438
330,-0.25469401996269525,-0.20430829150766883,-0.04079416541194614,-0.285477975559977,-0.3912402704783262,-0.20981528718625087,-0.0774728813863188,-0.24020859390670823,-0.20945022898979526,-0.026708537609907657
331,-0.17156778380994675,-0.116867425245476,0.025548573912416828,-0.21076452311805283,-0.22166949724900187,-0.13280555592097176,-0.00991773568014409,-0.15775552729684317,-0.11119643288295511,-0.1595768318976576
332,-0.3733156932785422,-0.32856479074204636,-0.2098176806483225,-0.3902386650348344,-0.27242259149893044,-0.3266332232405178,-0.24778220743162072,-0.4227208346297804,-0.23353557995721874,-0.08475316258441912
333,-0.07125088316275519,0.018581806911377452,0.3571925778652971,-0.10790639328218488,-0.18617714951532616,-0.13357381588081507,0.33326020396595,0.09646054291775719,-0.17646443964743086,0.1443267755172286
334,0.2916373720518537,0.3665713174327834,0.31086139674478086,0.2769949536376397,-0.15236341253817898,0.3194147836933725,0.2858510251485167,0.24578711035057155,0.2763338818788421,-0.10597398577108352
335,0.05229046157416861,0.13183188896447184,0.3560808906750865,0.01741158153716893,-0.03634962701666833,0.012697987844263015,0.33377820526868685,0.14677913843403267,-0.07921164036643447,-0.08986533134686714
336,-0.1076981134138768,-0.05441567581285223,-0.33367006620898354,-0.13130002700052934,-0.43386302561606915,-0.06945858421831597,-0.37263336280899195,-0.26662952309616994,0.09421034676193618,-0.3464294746615857
337,0.18057504974696714,0.19739356427614285,0.3478242909601603,0.15221193315203685,-0.1007134771446705,0.21439878276634006,0.322784616956586,0.20086176180737825,0.13742115928475007,0.18623970909156107
338,-0.16917704477135054,-0.1409400461900483,0.23545165782590605,-0.19028443653540972,-0.308540508837686,-0.1425467122811086,0.20558291377226,-0.08845249901128183,-0.12344729951585465,0.1620654068717371
339,-0.08031721559589378,-0.02594175143146704,-0.28453113812338837,-0.09259695403848833,-0.26948485518691,-0.04759852897942074,-0.32275392021786087,-0.2015789215986974,0.12088078590291063,-0.3205240694278315
340,0.0979699701303729,0.10173690028927251,0.17074403773549496,0.06843567439261555,-0.2947928555786494,0.12046940786721172,0.1380405483879592,0.0722889589672484,0.099757517753287,-0.1027323508404876
341,-0.15114494636524678,-0.14383723795399228,0.23138123335003247,-0.1851730554241735,-0.27287101631401245,-0.06842535583967368,0.19962017465055792,-0.0922873055081126,-0.07668932527088224,0.1398246191582322
342,-0.35491022985981724,-0.299526418990945,-0.38151572706595194,-0.3484421529845969,-0.43191960378734917,-0.3119037865511014,-0.42012143636848664,-0.43379574298779344,-0.16826625386527105,-0.3624265052366855
343,0.05977883325603739,0.014745884245325191,0.1954444269046247,-0.0010196152550401294,-0.2827612764295597,0.06338180479759337,0.16376196129143938,0.007739683745535464,-0.0006381843505640639,0.130721961478945
344,0.12341002374161048,0.14279190341680992,0.10052514090182374,0.07769719344015358,-0.3214077005548621,0.13483378629244025,0.06610936769885689,0.09793976338223631,0.11752784436397468,-0.14561700104203346
345,-0.15201197023817947,-0.15447700359229355,0.18315281471952516,-0.19914888183748092,-0.15274950311033453,-0.0904234406144735,0.151128582228917,-0.10041760816400225,-0.18286915374119928,0.11485913057896524
346,-0.398681522886875,-0.37783565840521116,-0.25952583999799295,-0.4266459108721241,-0.27184258978845244,-0.38239883697607113,-0.2980810691415883,-0.45865347015351765,-0.3229145108207234,-0.17041979454003142
347,0.25591660820529927,0.3427248104498266,0.32434993566538806,0.24400907168243258,-0.1166717169106597,0.19899684562995001,0.3017972592549769,0.26744667112456466,0.16292222015719893,-0.1134063082247474
348,0.1376674826176265,0.14152678860166046,0.1336823125431248,0.08692697491511114,-0.29751495269363026,0.024801919989098975,0.10121209221067229,0.1293442494710626,0.07561418081013427,-0.1551428809595612
349,-0.12228578915037991,-0.03559349830368652,-0.3189647153672881,-0.15199475742410895,-0.3443324038616207,-0.10745389871602073,-0.3561946599406418,-0.27589067293425984,0.09876882539485243,-0.3626127690079095
350,-0.036505999908713394,-0.043609368515089786,0.2490898609230534,-0.0875519509928393,-0.3110708911287834,-0.014043375523802748,0.21734282706969332,0.03929660235503185,-0.07229411264109253,0.1527760107215721
351,0.16377939912939032,0.16366203958237424,0.13752645040035838,0.11326590605391473,-0.31068618662269887,0.16505039231191332,0.10271697399368396,0.15199192864956435,0.2606555705972675,-0.13549373723186453
352,-0.025406366834286764,-0.019557790370686723,0.2366142095182895,-0.048206284170132285,-0.16599234000218588,0.026580295781020613,0.20670574686093834,-0.0409195747259552,0.039449882512404555,0.1761868675235183
353,-0.13626725417662944,-0.10744087252158874,-0.17666158136269705,-0.16089226403371204,-0.2535056570865579,-0.12812241223186493,-0.21436353513819673,-0.25132314999233496,-0.06553104046553115,-0.06083034642279195
354,0.26566491029102135,0.3514283999446295,0.34561710834423987,0.2663133994111784,-0.05482407100006048,0.2040576591043466,0.3266250609855632,0.2819555864616874,0.17550418994317885,-0.10136801481868596
355,-0.12575417619903928,-0.16761927733931348,0.1983524449033598,-0.181841653626859,-0.18859320505282784,-0.12251795660249853,0.16625785058790954,-0.055418836813886596,-0.19832761435783075,0.1318024265084019
356,-0.14505445168426223,-0.126577175363777,-0.22443846217771712,-0.17954389837900342,-0.43583863631518605,-0.11334924313117845,-0.2647531511389032,-0.2889603263771494,0.06809545218378332,-0.09152399116080878
357,0.15666678657306177,0.18631586253857857,0.15363762811109494,0.12573697649566196,-0.16703551665553107,0.17433190923425435,0.12023904068299252,0.16022682622219264,0.2440484101887288,-0.11210233590023999
358,-0.05131524475841487,0.02228494979589679,0.36909391889632603,-0.0863922260779264,-0.20596074785243967,0.03224142679130537,0.34425570993647314,0.05791423293783504,-0.02469768434578956,0.1586090694229516
359,-0.08525377905346754,-0.09297162989712326,0.1892886076790341,-0.12246275114156191,-0.13588164235033817,-0.04409789015512344,0.1574953705467228,-0.011790220141956187,-0.008737091622145865,0.09729237701179905
360,0.10828202514611363,0.10047683353254122,0.2244903346627003,0.044577817567832634,-0.229992473079643,0.03762260185819932,0.19397199676648125,0.0797394397893767,0.03604799886700216,0.13972650981852497
361,-0.056029018560221466,-0.048701290957908316,0.246526322842477,-0.10178137848033719,-0.15563070509055943,-0.05501306300972142,0.2156862086207878,0.05572204152761295,-0.12485670118937797,0.1457704952442489
362,-0.17388949896975814,-0.19775726240801306,0.2112240040915394,-0.223655891791797,-0.150134173707539,-0.12647860684050682,0.180041396146154,-0.08030319327770385,-0.19254453463994636,0.14207461275493238
363,0.25651937164326655,0.31800319730970994,0.3047257494448179,0.23273599294242264,-0.14684742447307153,0.3008684183256618,0.2793050247474207,0.23455468480274644,0.1998482837974973,-0.11798446329677414
364,-0.0034385657036524186,0.11380565719577374,0.4436701381421968,-0.018685953277705725,-0.03499729513912353,0.10705736799472687,0.4237184399213094,0.18550663969029868,0.03177077956176366,0.18205904749518154
365,-0.033988181160443,-0.00043433975853046647,0.1857231477626775,-0.07736082645527365,-0.183817712962415,-5.748552944107033e-06,0.15415418673523873,-0.04888500335743906,0.03996123122734563,0.16826301621543394
366,-0.14599532070238008,-0.1331991758593143,0.23032777132112248,-0.18830116502172256,-0.19844282660218626,-0.1472003310205412,0.19952878468599833,-0.06874482462543718,-0.11330476493783448,0.15989401066487363
367,-0.34187434916659787,-0.3273305161195108,-0.15855136295414818,-0.36358256562404256,-0.2595581963631559,-0.2566623382624602,-0.197127274223744,-0.39612844389058566,-0.21149593494269592,-0.06916762165045376
368,-0.04994771006143073,-0.006288425971712641,-0.19150676138041223,-0.059659823435468384,-0.3086056821653482,0.014435761519356438,-0.22712336477280926,-0.16671137500868882,0.18788102253128502,-0.2680063267520083
369,0.09309503333647418,0.10439575772730203,0.21894993843173194,0.060948149725766676,-0.1631391675219398,0.11825313760825518,0.18908677813084807,0.07559636798741765,0.177523770307199,0.1779275780049412
370,-0.13377398660055562,-0.14700653196524605,0.1989667618375064,-0.16963039683264336,-0.16982105778628043,-0.11470728174777944,0.16746206062989133,-0.06972537686996683,-0.14287945107977618,0.15343406998832076
371,-0.17082152994544164,-0.16901868085328187,0.2173937731917459,-0.19869830484359485,-0.14202136429622647,-0.14942555562436377,0.1871901313218738,-0.07417989115782064,-0.0947866173939238,0.10773872570020604
372,-0.15314816167149092,-0.172695134418984,0.1876372792732972,-0.1904951004792217,-0.15323432242811297,-0.14948557974523458,0.15631092885614928,-0.1461527184208733,-0.1768760813176089,0.022319313534189478
373,-0.07276690598656277,-0.06226250114573095,-0.1304008532208667,-0.0914653344544274,-0.253250715210098,-0.01657678459348788,-0.16784905908791892,-0.17896122267702919,0.12507257450575593,-0.02043826558561923
374,0.007186828529218037,-0.023191496029211667,0.20512948529216857,-0.0370121061002493,-0.143946599557377,0.026299224177873226,0.17467663777288278,-0.0078052337575664765,-0.02529602115023688,0.15357069485763053
375,-0.17778172446835216,-0.15919076842123747,0.0775301701514628,-0.20327861313471685,-0.22792368527945794,-0.1883358082672515,0.04343978367132073,-0.1569421793368191,-0.10363892083456316,-0.16749848858343053
376,0.0018148229042169728,0.0759868951505116,0.3824761965679715,-0.023370132743646632,-0.1199170779493457,-0.0451203799683042,0.3600597533829393,0.1124806533105227,-0.1488872105702559,0.15690031712573727
377,-0.06887302555516328,0.0408237185091207,0.18250097616990013,-0.07521490078177906,-0.3270290038997379,0.009193053186118405,0.15385835862421082,-0.0008296361395883078,-0.040922717570442746,-0.13075662453888404
378,0.13560853062509537,0.15258323704829446,0.13059515382079723,0.10299224955768449,-0.14909261619572733,0.06036346790475555,0.09782988895101807,0.062692149123736,0.09639524564005586,-0.1487163816131445
379,-0.04373428353341824,-0.018280237311617764,-0.2133831397326058,-0.0673434927539196,-0.4053289888411986,-0.11954775009511276,-0.25143798810108864,-0.1551771260466548,0.06457008848783907,-0.305209146350522
380,-0.3648375004441453,-0.3584720047924179,-0.2738698060307543,-0.40672021026595884,-0.2629704306040104,-0.41330350311893893,-0.3118545008691094,-0.4342920856079684,-0.2928643472953756,-0.3092981724595889
381,-0.40387758014931063,-0.37848917792409553,-0.23450648184216094,-0.43494613497427737,-0.42771432649670826,-0.49001821161585823,-0.27275992742400956,-0.38390950746449537,-0.37927323930203616,-0.11865478277270025
382,-0.14454494232402681,-0.1464878400158509,-0.13095962764993963,-0.18929266058875882,-0.42676952585488803,-0.13997140860670765,-0.16999387368647856,-0.2621602328302137,-0.11605424326147928,-0.0389741339672971
383,0.09192796543492476,0.07423991298268673,0.20494628452679597,0.02991284668355587,-0.3503705107922426,-0.03863089634641992,0.17394800635186547,0.031049408663414324,-0.03166277656856975,0.17159181899541487
384,0.20729144942615774,0.22340608323522293,0.18380964735921834,0.14750426875005607,-0.2112621745794332,0.22069715989988792,0.1523639515760622,0.13933792655319133,0.2026310949163197,-0.1284442414432141
385,0.11599993954304044,0.11824542185918618,0.26294350847888026,0.07531824149052913,-0.1484848714642366,0.1284451271666449,0.23631097126623923,0.13242955253066135,0.10452231469132811,0.1642800399331683
386,-0.026338992207435297,-0.006125676532620528,-0.2343992560892152,-0.05007430280027991,-0.2794451033256784,-0.11150660636739529,-0.27226249722110496,-0.1441554882103464,0.0649633118903512,-0.3046139099169476
387,-0.3176234937920215,-0.3137454390440715,-0.1145739704509714,-0.3509568513357839,-0.2635158728294029,-0.28050249121959925,-0.15213191167176565,-0.34310668552251267,-0.1604430897211806,-0.02316122091999895
388,-0.043147674472076236,0.010543652672314385,0.40362348158237515,-0.07507793412579078,-0.019627741340893845,-0.10305034156417325,0.3845677989179661,0.07207502923007003,-0.17796949967397158,0.16729220696688696
389,0.03762164985811367,0.04510034986492806,0.10571485411746528,0.00508061492806422,-0.1553434760937833,0.09595933627870412,0.07212186261859288,0.03649335077390625,0.13788020881444796,-0.12838128562983742
390,0.30731252573516943,0.41326636425676355,0.3380176084356894,0.288697132227983,-0.13857895910955165,0.335374911870288,0.31254825165523603,0.36392725928062264,0.2629481592115166,-0.11803274388659957
391,0.2725283459777599,0.37789343114839613,0.3143515817818321,0.2384529499197343,-0.29909762723909106,0.34359812755427965,0.2883969741923085,0.2907434005425582,0.2874077478534982,-0.08179220154064848
392,0.06421454653154579,0.05624988457457469,0.16649552606571016,0.03403022176364989,-0.3299556835124051,0.08522314318769508,0.13395975643068758,0.024209007046561926,0.1404185531764066,0.14270287649886582
393,0.20838674027338944,0.2303689522815111,0.24529440679774517,0.18620975024840547,-0.1431240372332605,0.24257696724567013,0.2160324551324746,0.21217601997203395,0.24502259513180746,-0.1129865006642361
394,-0.16574253449924647,-0.1775405245094719,0.20539955962739032,-0.20484411632399513,-0.307613988095258,-0.09139848861647604,0.17440094382407878,-0.09938598143015187,-0.11214396991627118,0.14623707479768622
395,0.1429439575273539,0.1837452084747635,0.15756630125233628,0.10774574982769303,-0.20961624712479754,0.1869115369983254,0.12477341880256332,0.10192539726851724,0.2622002181045495,-0.12423761193440197
396,-0.2677021217825435,-0.24338130216110687,-0.0529255602238603,-0.3025718082324367,-0.24971241257639676,-0.18262174138724152,-0.08987813358184438,-0.2650092099635881,-0.10492723088465761,0.027485411894895506
397,-0.1147099747089666,-0.09658624073318145,0.02390797153537605,-0.1442880153067927,-0.3547786371314856,-0.20871208690184972,-0.011272731278732628,-0.0767273145602323,-0.1728209712531421,-0.19232435636085565
398,-0.12503092024148277,-0.048950574377241596,-0.36454317699270233,-0.15230338865680282,-0.2840867945379544,-0.1304381405425845,-0.4031733640353361,-0.2858287818897729,0.05395464868572519,-0.35166894631835866
399,0.07635364081782603,0.07109041961494089,0.0936402624865107,0.049332567963954466,-0.15586309060816217,0.08479267291212089,0.06072314460520278,0.06198167273900945,0.1056791412433451,-0.14773214693481318
400,-0.39912926239592794,-0.3715389952764616,-0.23431685561796156,-0.43053202342333163,-0.2646822653683021,-0.4445950076532903,-0.2725116177321918,-0.4297817844917795,-0.23111495260872017,-0.09506267306073624
401,-0.1913420760371618,-0.23479389898690695,0.19120675962049272,-0.2158267476821467,-0.09983758098658413,-0.25483163211257853,0.15994947063054088,-0.08453876501137803,-0.3018547540303562,0.11329298829647394
402,0.23894094379939124,0.34326043279487917,0.3499955817315741,0.21676283212116165,-0.08355545381818974,0.15782412910467936,0.3281081933906018,0.3320892295946978,0.127649860199178,-0.05724094524628165
403,0.18443182934752045,0.2364924208939232,0.33931907425856833,0.15376596846134505,-0.2341227796055707,0.21801221668752868,0.3132032022070348,0.18558030174496376,0.1246135780492521,0.18044507037362023
404,0.23242152431989327,0.32816216760747485,0.30883983726809494,0.23129798915199618,-0.12322814448422137,0.20333177936144842,0.2853361824772829,0.25097682104144825,0.15691377440920173,-0.12238519762736111
405,0.08304013235155505,0.18400825898743656,0.3372609963181068,0.07764189616370509,-0.2787908675887738,0.11325189248426004,0.31150463255677874,0.20786895808036365,0.017100166653134075,-0.11343154278700207
406,0.17357083027057518,0.272549133781784,0.24571468277568553,0.1727325692363204,-0.3023149672013068,0.11798460280073231,0.21807438102814358,0.1555986752689542,0.1269173344855643,-0.1531885216536717
407,0.12597996001772138,0.1136342854465846,0.1388224659799191,0.09964817637173318,-0.20189513225405364,0.029552848660088005,0.10738431830618045,0.09124749653627062,0.06751947644600809,-0.14828881553660334
408,-0.12490047963577022,-0.14144276148586554,0.23262096476995087,-0.18774752264365557,-0.2768055806191507,-0.20065450164958332,0.20149342927517333,0.008652634706426854,-0.18727445591772618,0.14981466923806486
409,-0.04492371463267886,-0.016918033453749093,-0.21105308204394024,-0.0881449299480408,-0.31392107669377856,-0.10105067076378016,-0.24851048941903486,-0.1508834991039465,0.04057976905538663,-0.2859856796719511
410,-0.061468366130114305,-0.08165996452190405,-0.03553987722807794,-0.10012318915981044,-0.22887759486453985,-0.14344557618993004,-0.07081350162314193,-0.1716148438784555,-0.049158433553637915,0.018914973753994868
411,-0.3541017991255846,-0.33056575550309386,-0.13723274457944457,-0.3691070241615164,-0.31505129761593076,-0.41404133136024157,-0.1738609502698396,-0.35411651721827475,-0.31168397383563406,-0.054479427002080305
412,0.28132496242238236,0.3615337514051753,0.3022058347779981,0.26781625189423797,-0.28144789376393264,0.2880106979484678,0.2757521176376534,0.27711890520342775,0.24935637704065772,-0.11764897974046495
413,-0.12041595853464826,-0.09955589784511543,0.12072533093713211,-0.14721572499660085,-0.1715729822852028,-0.06659527309818802,0.08786078702640943,-0.08629994184642431,-0.1371208254819738,-0.1173189301560491
414,-0.09096929945029109,-0.07029219798531261,0.3184994142298987,-0.11291939383142902,-0.12027421156726992,-0.13729023050341027,0.2929908390823912,-0.029295922737468505,-0.1740432542106196,0.14908428936548024
415,0.2544926531309275,0.34125371492549794,0.3215080823030003,0.24947217110247166,-0.13036154919274323,0.30707359385076494,0.29719399994100226,0.2385805278387918,0.3084892420064349,-0.06625011565990424
416,-0.16313908149641332,-0.1881483544711393,0.21204300566397838,-0.20772106118144018,-0.09067660112745646,-0.24048172117515776,0.18269767379357926,-0.1143843213034117,-0.24619710826925112,0.14881316842507952
417,0.16681995561022567,0.15979561463142078,0.1324357000286902,0.11679741614926575,-0.14582145859891993,0.18135262971521837,0.09943345073159815,0.11411063072963779,0.21350842493743794,-0.11994424410041704
418,0.09239210938777354,0.08963916147260309,0.16505618129430522,0.030004218883970202,-0.18131973798671153,0.06923793438947423,0.13265181366794132,0.029242150484008134,0.06675500894786102,0.15281441203842405
419,0.1316607582573872,0.12527098991991759,0.1541510046784298,0.08971720083567525,-0.2666620958635999,0.07722265391201111,0.12185187197803238,0.14226532342688847,0.12856419180535927,-0.11112976329611857
420,0.2466167866758291,0.32515502886560976,0.3431237759025527,0.2175168753411365,-0.18565206065345374,0.15428504637261065,0.3217116952497845,0.26280931191188106,0.11081364246491043,-0.08606306388717422
421,-0.3647614629043867,-0.3222945129136776,-0.2012989341682334,-0.3832237473275748,-0.2700619992696549,-0.2943992628399912,-0.239913384459699,-0.38810142465988196,-0.15459652253877199,-0.07003470039283988
422,-0.15845668693803883,-0.17120415778118137,0.2056946775744357,-0.19946931076560315,-0.29114332071100657,-0.12138231590225734,0.17367575600536034,-0.08418000770797063,-0.19316221921828713,0.1383362642391417
423,-0.035615155597178205,0.02699300249120662,0.3922262095280442,-0.05198925275892896,-0.05429268648088481,-0.008601371971076244,0.37018895097460636,0.12516530165589823,-0.15007612105018198,0.17876604636034243
424,-0.12718348416785807,-0.11293127008483994,0.1682515992487521,-0.16661993929282315,-0.3197076077792378,-0.2465951248056455,0.14033473058405965,-0.07460958503013337,-0.21609321149026517,0.11511839458420625
425,-0.17687744062539834,-0.13168933100168867,0.12224198521670848,-0.19207457086241564,-0.2090314255871637,-0.1054552253585801,0.08972446132015444,-0.17938755927564776,-0.17873822467934541,-0.00816176917516076
426,-0.06381107715718337,-0.015805934108088504,0.2701018146400389,-0.10724483280736186,-0.130483696681037,-0.008986139082349798,0.2404031038059622,-0.00035055471328937493,0.0003645503400262484,0.17790540146384592
427,0.22620315326131135,0.31971923903575594,0.2910866089807953,0.21733600752188598,-0.29062629006790974,0.19570586078925278,0.26410918251286764,0.2695739650230631,0.15504108040725728,-0.1502643077676178
428,-0.0634467768305691,-0.001950064554016695,-0.2705549309442441,-0.09277603455122185,-0.2753625403060469,-0.023931181526593903,-0.30881613547535136,-0.24032518182091067,0.1347212235062203,-0.3293901474486649
429,-0.08247914752472063,-0.03336686851535875,-0.3208986114203489,-0.1102034747919487,-0.3306743766537439,-0.07343026993381407,-0.3598915682157555,-0.2368813476770355,0.08442062202662748,-0.343860501504728
430,0.18151227569539619,0.22802774252901403,0.3614066538946439,0.16832352918246807,-0.13535809879404703,0.1988368510723637,0.33880912528394935,0.18554796366936577,0.18731264519172086,0.17762722740973347
431,-0.16566146557272154,-0.1550716098188345,0.1742661519670028,-0.2099982331563528,-0.1570255617193339,-0.12582290277478436,0.14249406974226386,-0.1424937944536977,-0.1512098506508568,0.1270222962591887
432,0.08784819678600697,0.08935783687288446,0.1509509582747568,0.0467469763987709,-0.13123457302364128,0.1195577427724237,0.11870145708086488,0.06002624242437671,0.08784988752840572,-0.10729147140842366
433,-0.049686627060886224,-0.04590698084960221,-0.07552125132582965,-0.09412637270993574,-0.2314813612223765,-0.1449917779963794,-0.11097259657856462,-0.13616314682631447,-0.004296119562751333,-0.03687195437396573
434,-0.1595838037074082,-0.15524678387766278,0.1685983756998839,-0.17537649968992008,-0.17629199076461255,-0.0974028768276205,0.13565163697124372,-0.1258013921897274,-0.19528098003151384,0.1561877433170602
435,-0.03239914894410978,0.047035573785646045,0.3967220792832946,-0.059849376876720095,-0.08625435710327012,0.04715006407276445,0.3745994344076746,0.06802417569530594,-0.12745397413434678,0.15779580360304757
436,0.2854579882933763,0.3845734372343277,0.2960987738779939,0.2668501063075637,-0.13350880724553083,0.31556889709399716,0.2711266305082254,0.2941151713527077,0.2601368162853379,-0.1220825606915501
437,-0.14191951204277342,-0.12076594809204133,0.20582989107024896,-0.18287511327456363,-0.15286388971049836,-0.08706225298131187,0.1748516886012803,-0.04497624392900068,-0.13531502940004758,0.13210924001562696
438,-0.3750388646305074,-0.3347387315450865,-0.24124972677281908,-0.41237926768717004,-0.43238354099562826,-0.29998002197113327,-0.2810209926828622,-0.44224654527962803,-0.2752469814821801,-0.1432786210914163
439,-0.19438165014267872,-0.18653476693156001,-0.21178529391120127,-0.22666590551811594,-0.27369394626932175,-0.16063202778767183,-0.2504533667692599,-0.31682301290345394,-0.07056987463413922,-0.07215340760604039
440,-0.05236359592374096,-0.021433492509050467,0.1470558473042698,-0.07538608248437906,-0.3101318429052873,0.009332943289672047,0.1133352862565904,-0.0363302503019014,0.0571630394748166,-0.08260693397302576
441,-0.0843685555774012,-0.02963059086060804,-0.29031006930786085,-0.13038529351679817,-0.2675748686601169,-0.12331167495943385,-0.32955213551376095,-0.23731003842184473,0.0585976434940747,-0.337481547528909
442,0.0170255975576159,0.09139476650870892,0.40129187642438224,-0.02242655048636011,-0.05646597671437914,0.026027080364457333,0.3796263430139959,0.13345432623033227,-0.099906218568794,0.15728194883849111
443,-0.06240705012600389,-0.029702748693925196,-0.09665033417737212,-0.09291475576628883,-0.24622280062271962,-0.07313109876400592,-0.1333267455998508,-0.12797912051567129,0.020842422378689385,-0.010915208433577295
444,0.014555814652188692,0.0976016101443371,0.3105631620987106,-0.003350262191949893,-0.18247990405888403,0.04237162485276835,0.2853509674761172,0.12520016477166118,-0.030022059754528208,-0.10223241496795366
445,0.17686072213610382,0.30556432518054844,0.31845832282402897,0.17077243871626857,-0.13116344714881278,0.23341440308950334,0.29332886741586894,0.19269628825529717,0.20553440871360085,-0.12019768200674319
446,-0.10881044489523761,-0.11023898870522619,0.22986553160115997,-0.1567627226788222,-0.16074510827875788,-0.10538842058057796,0.19915338690904738,-0.038135684100556455,-0.17734760557109808,0.16274660367385207
447,0.06146512746616528,0.1521814579806946,0.33569408101035036,0.030843963524653573,-0.2275608103440092,0.12565302381119348,0.31174057458804905,0.1784456829179768,0.027416555959581812,-0.05611737969279429
448,0.10451979626651564,0.09541546195000028,0.14478745959639538,0.07058782919850315,-0.26329733993698246,-0.01627743518345226,0.11296000081888424,0.11329851740334229,0.03777802346354764,-0.1142562247615464
449,0.09553582766633872,0.08406393928536882,0.21882567884770343,0.032840253168798794,-0.12186972645495286,-0.07003850441805892,0.18977750126678217,0.1087999803738815,-0.037809915134976446,0.13882718097380398
450,-0.08337816727665337,-0.06118059965193412,0.1934970817138193,-0.12192170396136048,-0.331045028084308,-0.06761481994414087,0.16110758070851894,0.017646383234027452,-0.11448469307841491,0.14629841571557778
451,-0.17211580931929804,-0.09949436029052516,0.05411162069065889,-0.19219951415273173,-0.2300926680567672,-0.09843757807248488,0.020247833963513484,-0.17822012931025744,-0.11319953618341438,-0.17873562284979294
452,-0.06279726206923253,-0.034593450493456857,-0.288900450098714,-0.09716348374722306,-0.41948821623396637,-0.15364523656167517,-0.3276105362691042,-0.20139181797947803,0.013857860171481828,-0.3358973495807773
453,0.16999882876685546,0.17304280835121566,0.15064468054722813,0.12707577232559708,-0.32453374494708465,0.15326477082722834,0.11714848898565422,0.12187956268845546,0.14914326127967747,-0.09853549180972299
454,0.18896111342753552,0.200656669519655,0.1796209253685226,0.14535817017111397,-0.13445483625118704,0.22448443935851192,0.14825483926211236,0.17271157901619882,0.2018926937523704,-0.11668709740907501
455,-0.34103426537301873,-0.2570174524229303,-0.2543090505107226,-0.36007438963787153,-0.26182212765269774,-0.24635401978761529,-0.29055088765533754,-0.39885112844519366,-0.09698509731720151,-0.19183414484731864
456,0.15664490372116102,0.21083155425480538,0.3254529085108808,0.12103618652411452,-0.1944121292555543,0.09240061157743495,0.30111189383294024,0.1539811059291063,0.12423601044491606,0.172606079047686
457,-0.07412632787363704,-0.015188610414909931,0.3187330917509261,-0.10207147968257413,-0.26359863208164325,-0.04092771268200668,0.2908983301870811,-0.000652976883728229,-0.1602924269963184,0.15659361789395732
458,-0.10090733111441863,-0.05283563889078646,0.24715491063777328,-0.13628247554404282,-0.1681468450827741,-0.06176211398785303,0.21687463308735477,0.03395830433755331,-0.1168467914872704,0.1519112533321314
459,-0.11032192122273154,-0.07094956574570066,-0.07562718571617943,-0.14044922828573614,-0.23064206672873455,-0.07069978028601476,-0.1132870853370398,-0.15477589992378982,0.07574961069910602,-0.026676513392602352
460,-0.04415303410188498,0.02985359472241189,0.3800606180934598,-0.050672941415012884,-0.07830286097314598,0.04720061144454957,0.3562285291733531,0.08146642983378038,-0.003767194984976019,0.1676462918924535
461,0.07042829380665072,0.05420348563262434,0.17140935561082005,0.023602771871294115,-0.3668987293731605,0.05087012165140581,0.13870826554027693,0.030990883593096097,0.05771776819908325,0.14276045376788815
462,-0.06009805282162284,-0.020227711320990993,-0.25322302446259815,-0.08409521620397298,-0.25675866348746323,-0.059627048953343476,-0.2919891049670844,-0.1713355745475531,0.11650983193801112,-0.3144042622205294
463,-0.15125625275551147,-0.1781919931914091,0.22443703510808466,-0.19900657673667688,-0.23636967786252105,-0.08556984079936636,0.1929872586796033,-0.0560562592987337,-0.09229567418166829,0.14342785882098008
464,0.06204779094578616,0.10300959318171832,0.1058345598995365,0.04474584381193747,-0.15399490076048883,0.1258997158746813,0.07207510286491448,0.035435548479127554,0.1856335742077797,-0.13274506285882692
465,0.0838962118688269,0.0637743924050167,0.19869221796698322,0.040812413132576886,-0.16668849127807706,0.06753835279049603,0.1666782153282116,0.08582005545026283,0.06418658763593998,0.15270016138055809
466,-0.03280890415794291,0.01731429048365407,0.3939468314008119,-0.0675583305724663,-0.04439468658917356,-0.08067258069067385,0.3735183645751645,0.09943469340761402,-0.15608954661067131,0.15644082863102682
467,-0.043336487566423054,0.015381624436398678,0.3868661845911152,-0.06166535679561114,-0.20810869676693655,-0.0727915132935748,0.3642219291440676,0.11412537816344526,-0.16439442518848346,0.1652688161146827
468,-0.40672668275933965,-0.37436509406675067,-0.19182137835445467,-0.42127803793216123,-0.33231832451372134,-0.3870703895093872,-0.2297305277227204,-0.4369454634300116,-0.3618555623844024,-0.09399206727535359
469,0.2687520638726526,0.33428597653968173,0.2983589745317492,0.2523618408381598,-0.12183689216168547,0.28605864115830326,0.2735884989229245,0.23917471782389632,0.20911282177705504,-0.1027002029644577
470,-0.0008644703931122155,0.022205232560719157,-0.21263202348838717,-0.0415483634239171,-0.41260988895640227,0.020336959485620643,-0.25208838209087325,-0.15334039842044778,0.14931560691364965,-0.30152514703071653
471,-0.04910403846197697,-0.015292179184872357,-0.18461695826933,-0.08047734958323227,-0.4158343122789623,-0.036371790655442604,-0.22357128337420495,-0.15086280578840028,0.07910652719740896,-0.27651687450516294
472,-0.019089747692243142,-0.02415325874858909,0.05595092606436736,-0.06280740291051057,-0.3745309478751677,-0.12875576221761298,0.020398116193131033,-0.11307939302250247,-0.07520501830855686,0.08706065186357437
473,-0.027291938647610925,0.028363726438514814,-0.2305509229936471,-0.04447430598823954,-0.26015307505201557,0.019842496197751247,-0.2695527015756993,-0.1835206861567371,0.11629641349135023,-0.310108461371128
474,0.08406882173185148,0.1868498442129416,0.3242914376948227,0.07358014817864156,-0.1550143550738774,0.1532739989849521,0.298987928831391,0.17457910663771115,0.110053131041155,-0.11097475399198764
475,0.0763185883078199,0.15866264076531622,0.27640458493516085,0.05745747193146333,-0.3189921828020321,0.07771825388705089,0.24870360696058458,0.09138921269548561,-0.008797256866732939,-0.10146397508988714
476,-0.022922156822615225,0.04275385716652447,-0.2378118143160819,-0.05807343301334966,-0.26882574151928984,0.036148878968981,-0.2786533259287838,-0.18855879044599622,0.2563254204980434,-0.3054459101378457
477,-0.13151068043220415,-0.11736531683511386,0.1622973453261507,-0.16847372732075594,-0.14531604882770588,-0.050344059337670055,0.1305685896518538,-0.10152861854154316,-0.05328772188997255,-0.10374541268202564
478,-0.09987232298444337,-0.0964951916299166,0.16758474216558317,-0.1386179208161189,-0.2354534416994114,-0.05187278065010337,0.1346962814331123,-0.06699363857476226,-0.00808567207722799,0.15039780497805233
479,-0.1589314189876081,-0.07548919532815868,-0.33414372457951447,-0.17938130220437665,-0.4429007117035715,-0.19056401397924927,-0.3729806152399642,-0.29959168743562326,0.005403516497090477,-0.342228673391217
480,-0.4045635556332887,-0.35333480948732365,-0.24377812565015078,-0.43453273800390857,-0.4140619803340282,-0.3660949210422484,-0.2833118575042768,-0.44217157212519176,-0.29155379732245246,-0.11465513699055685
481,0.2657345465320251,0.3655519831171874,0.35950385720990075,0.26605927725836853,-0.06272572185935887,0.3306797705584632,0.3384434886176655,0.2904268130916563,0.2783542927503173,-0.09197334730835216
482,-0.15606811032612966,-0.17810512055075112,0.22251607876534774,-0.19176314334665445,-0.2548200215952259,-0.2832378202700434,0.19172587762072246,-0.03668387531293349,-0.2975333367570261,0.12888442922796184
483,-0.02477155970829803,0.023254694478211047,-0.08191138257317854,-0.07026328972057239,-0.38686257403015434,-0.005245620122608985,-0.1198890856064363,-0.13811219591248602,0.15143052869140328,-0.07003250596734678
484,0.24459744857475352,0.3374818360204488,0.30808974493175323,0.23448974176839377,-0.27850338490914917,0.2697942218291818,0.2838539074230877,0.2718534347405701,0.19160999171801074,-0.1198035223983922
485,-0.055545483971108034,-0.0156751097143919,0.11694938742874084,-0.08965865894258962,-0.28222403521319706,0.011412446772844476,0.08254575297650302,0.024912136610741653,0.04434213057731484,-0.14238787194438784
486,0.2522017847628286,0.35846621566343106,0.29501007511370214,0.261189005869608,-0.29975880235245866,0.3120224442682542,0.26856097712243976,0.21766261236918694,0.2549484636413757,-0.13548677717922408
487,0.18032412913234852,0.17613920711659103,0.2042378811601231,0.11116704807506173,-0.27744192134403556,0.16279515573051784,0.17501339487517087,0.16114116445717652,0.16309739280379532,-0.1057073250396483
488,-0.13701989235986178,-0.14395210834442684,0.10639342220983794,-0.17710052146483202,-0.15541077013990523,-0.07464834547140042,0.07268549926001122,-0.11778872018543285,-0.11991147364812083,-0.10288279338804074
489,-0.06759872886117191,-0.01334932008333145,0.23233979169307495,-0.07894173099359825,-0.3016370879020225,0.0312825032864017,0.20228429146116778,0.02384355320131437,-0.07435057182190641,-0.10348240279124554
490,0.042608891558962414,0.1376070848213069,0.310553778138996,0.0270568892672034,-0.15677962879567553,0.10993175637076558,0.28419272877202006,0.08284225655125343,0.005057189313920851,-0.07016090733617864
491,0.07260975056972363,0.05904170038822487,0.14269328857387076,0.01727643259685041,-0.37144779448815757,-0.057860576614273684,0.11005199169935098,0.049111922266456665,-0.006180337822631943,0.12310121210887259
492,-0.10589545525479349,-0.1079631253530915,0.24878088934706777,-0.168233081025978,-0.10693772833711557,-0.061834751186369497,0.21835240979610182,-0.0598672042180417,-0.1294851155322505,0.15539848952630453
493,0.11438059242912124,0.13337163201426971,0.18240519863361482,0.07465523816354591,-0.2895621849184873,0.13090017338381665,0.1496593543250042,0.10930151634937468,0.20368134104886892,-0.1374249127057332
494,0.2380295095413527,0.28544110085691243,0.27896174007213026,0.21737897517977967,-0.15108308454283126,0.29982575607920126,0.25414031969325457,0.2225640223902945,0.22293115435481736,-0.04430277246380365
495,0.0038720918644938873,0.05780484143746323,0.4285848911312351,-0.028435747416216905,-0.02698875126293565,0.06558295045769258,0.4086905720125811,0.13175366367141406,-0.08317080037877234,0.17394994096364713
496,-0.12742520823803027,-0.17087773417484842,0.23230295055050676,-0.18768096476898077,-0.1255133737822931,-0.15110998456568536,0.20267954754168582,-0.09044097152044261,-0.21902275696587714,0.12670070104440012
497,-0.35882843617087,-0.282634420869714,-0.28801394885776666,-0.3758037732741557,-0.3341796870524558,-0.3919313382726979,-0.3266280373496724,-0.413433663894224,-0.23217268841492467,-0.3427592931258603
498,0.12385265309067472,0.1462428364192574,0.09680714850441774,0.08611299846756659,-0.14876940729066113,0.015157020225987416,0.06492654384834085,0.0915317799791655,0.054683500011353914,-0.1513236057441254
499,-0.04615722383005472,-0.005008046317507064,0.3545718613115729,-0.08348054842841601,-0.2802333310850682,-0.10595084979494929,0.33064141972160144,0.06211897808689981,-0.15255378372456696,0.13649378876040585
500,-0.41911639839332193,-0.3978197557935421,-0.2631385596554612,-0.4373625382480151,-0.2742977621735836,-0.38166025576133866,-0.30230841522669083,-0.4876050084775594,-0.3441688120399822,-0.10972449889753944
