ID,BlendProperty1,BlendProperty2,BlendProperty3,BlendProperty4,BlendProperty5,BlendProperty6,BlendProperty7,BlendProperty8,BlendProperty9,BlendProperty10
1,0.08625069805892079,0.23750694397553115,0.7102113782219052,0.39986577580680943,0.5933983839512018,0.698277522680608,0.5512341560431034,0.3278886660163449,-0.3662738046050688,0.16106322039883003
2,-0.6039694057624925,-0.8033962374453785,-1.0769521913310942,-0.008439679865247922,-0.7124349976861025,0.018669294645119343,-1.1583470928739936,-1.1846572278112544,-0.3968598555068977,0.1561971305721898
3,1.4554611895434995,0.8207975828452645,0.8691561222169699,0.8854854906226509,1.8007872438516488,0.8831608046271946,0.8947788801960181,1.5037321843159046,0.30863879197242733,1.9679597747333875
4,-0.05039600072849547,0.4931347575986894,0.3779445339245386,0.35982460879904354,1.6229645102828387,-0.05221144030836925,0.599004482804989,0.7093168575859647,0.5604202184097443,-0.9316916709170037
5,-0.21551107611555223,-0.659673353225451,1.063257562734286,0.004169007823490831,1.8664485221885276,-0.1979438512129777,1.0557644449695995,0.09619769883157896,-0.5472657048295023,0.9016963998446813
6,-1.4155709566372792,-1.5647639423143347,-0.039242953920044094,-1.3669862800259023,0.27224093896662227,-1.2149168774268089,-0.02119576909446572,-0.2889762948829977,-0.8125406669996739,0.22029923768855184
7,0.7850028263570489,0.20645924786873052,0.028009707950578153,0.2757106029733596,0.14211190641812313,0.2713750174562297,-0.055997529440936805,0.2078648411526517,0.8325196243274725,0.44405882069352237
8,1.4172713876130816,0.9745027436389302,0.5608963287632809,1.1431477120173796,-2.2159620358331957,0.982720861311813,0.580619801847444,0.6486163281359649,1.5255498582414067,0.34162596736474654
9,1.0081094140716746,1.1174113787021043,0.8660455397783895,1.5257870319826277,-0.4550210173652026,1.0473236753985518,0.9111530386459336,0.1304857302970642,0.8926200727894661,0.8547852500345146
10,-0.8780438861062998,-0.9224302445303393,-1.636925109908712,-0.6369046450229099,-1.2663953915055612,-0.20784944159417523,-1.404312990111452,-0.3058176371957985,-0.4755257698233862,-1.2250651369351988
11,0.0034823407251029564,0.4234969177000661,0.9073758893637398,0.35101346580680837,1.5894225498845627,-0.07322322944301743,1.0189653291127723,-0.11081300020686893,-0.6206396293844869,0.9220880851552743
12,0.9275039633977213,0.2930777228659898,0.9837710102452405,-0.009192495296246384,1.2505288282647302,0.27129020225289185,0.8609660474852994,0.7458559189226268,-0.41533611522391,0.8430529905763475
13,0.6794400827745231,-0.0803372289197294,0.8639513692157532,0.32887903162815885,-1.909896917736792,1.4389619192867522,0.7625230286572929,0.5005589839341078,0.9183147051057051,1.5827089916311912
14,-0.4064452210695328,0.31580384295943753,0.5253466688273755,-0.697729382406426,1.8613912875441094,-0.39532502302775085,0.5044690473666332,0.20782122179398715,-1.078597623086586,-0.21394758439290867
15,0.8740303992004982,1.6371777510226302,0.5126152396793977,1.3602381300847677,0.027206335320254103,0.6747131687176365,0.45048974323001856,0.9246178421423553,0.6177951836431217,-0.581820545927168
16,-0.06726679565174334,-0.5321863310741747,0.6152931214079926,-0.30472060985308963,0.7865722771960663,-0.8737388390572747,0.5235238135010262,0.0983610223794455,-1.19061245657499,0.07540331404269685
17,-1.1392588743884158,-0.9298144066760725,-0.19129633329874565,-1.3767923580682975,-0.8392820717369558,0.19287642820365128,-0.11549878442785713,-0.7156565689571245,-0.2332036187295185,-1.0768873223579316
18,0.0912865194645215,-0.10143261288736531,0.46580999990759236,0.10901972239512911,0.22489306330215378,0.17307299063014467,0.51680396717323,0.8508528056379479,0.07554035160957741,-0.6939778191937203
19,0.0387603679048193,-0.1669146937118533,0.8242374253317164,-0.7107927226282784,1.562766550246446,-0.9815485981886681,0.8577647124909438,1.063948250975867,-1.2761661405940792,1.1625490401500793
20,-0.3396572968981972,-1.1302111706445923,0.41264740543826883,-0.590607101384844,-0.8077014069033094,-0.5451596827635056,0.3234429373052776,0.39060547673632334,-0.801866423831109,-1.2798355476950078
21,-0.36073972719935166,-1.7797066966855037,0.35507559196579386,-0.9273971963047656,1.541370691588429,-1.4997006163414142,0.3182741660789373,0.30201043713506487,-0.6062129353565611,0.5440022190938587
22,0.27441470676309376,0.727600385769587,-0.049695725589135556,1.2599169657318992,1.3049072027210575,1.1827354614233268,0.12560444950241922,0.3631997994108966,0.3570570789534231,1.4846224711090534
23,1.0581442337790496,1.109426911007593,1.2201761791652728,0.8327956473105247,1.4447762301792255,0.2864774783603975,1.1702420910877844,0.6730816969427679,0.24847139149523612,1.3904481101491641
24,0.1900265174365417,0.5808742326629734,0.3968500915142098,0.30987622332584785,-1.1920086156241034,0.24481268077027246,0.2459786881197479,-0.16314030020254927,-0.19127191796737755,0.1430065034357267
25,-1.2385438389079064,-0.7902158898998421,0.06045603066758845,-0.7970919167822487,-0.46263820702367464,-0.3769115136168148,0.039090278816101554,-0.8509236698175807,-0.14025858376523365,0.07757591191957965
26,-0.20860665717347965,0.06144922046539011,0.2119599845501762,-0.16292426364493412,-0.10924290682703197,0.16374472921313366,0.39728843720543383,-0.6218894368294717,0.2707604856303081,-1.3315756010806439
27,0.9404344062531375,0.7310964155736297,-0.08783726135080692,1.3248947334111636,-1.890830122717265,0.33506219988849956,-0.005164342458211635,0.38600663844891875,0.6198786846542527,-0.9877176559924272
28,0.06834262254196137,-0.4876117147485044,-0.22942995988592438,-0.6118606292547307,-1.4877846837486899,-0.32444298594086346,-0.21463278623679183,-0.9483272763946132,0.6978996446118754,0.5888964544441565
29,-0.6577762975857451,-1.2254081970293826,-0.09594235511426097,-0.338330056674719,-0.29739902644404037,-0.7295170473679341,-0.13426417422221296,-0.7336611335865155,-0.5418427379879703,0.26042247085574527
30,0.1768918826105094,0.7780152113565347,-0.7993673045410119,-0.482464228593108,-2.6365479522862754,0.5710682871153364,-0.7793590453203031,-0.5242199493382781,0.26275712999569245,-1.2966202737887982
31,-1.257131739133218,-0.40235517139090454,0.11057395753760507,-0.47686154352067794,1.1501424898673,-1.1230031967265282,0.1897048636651458,-0.10334612343680455,-1.9355684133170192,0.45999358307988586
32,-1.0535990472134051,-0.5260841022424702,-0.1877806080557915,-1.1630323096440098,0.6210938134789137,-1.4100973115154403,-0.13895459492712736,-0.15151302634896663,-0.7909950906560991,0.30803901676205936
33,0.7072287582443795,0.6288074905111526,-0.5441459758486303,0.5644358275450738,0.4100106634329238,0.021650850415378224,-0.49157236430525314,0.22789046425480977,0.34294611545195103,-0.2796299507165508
34,0.7161330636210409,0.7444550178831884,0.1614425098621091,0.38068813794035067,-1.153678427125409,0.42565739322536517,0.18459820201115185,1.3694377222545568,0.009858004889413846,-0.7108434732417598
35,-0.7353966520062246,-1.0988392874904795,-0.06295964213096654,-0.5861258025264738,0.373962466449788,-0.23872118049289223,-0.013786616027633116,-0.9904255000184382,-1.7282151185967611,0.23628273341496817
36,1.377287539914634,0.44901213981582166,0.47372064579581336,0.5027392041032053,0.9744249121205002,0.4119653361072924,0.386328054364969,1.0285916131380448,-0.2560970086318922,0.7088028548653084
37,0.14262938618717363,-0.13030900170207635,-0.6175815585326271,0.15114502059951615,-1.7117300180756643,0.24018544342920448,-0.581156457943812,0.04027490352789042,1.0680533369622176,-0.32129034944317203
38,0.342695305981014,0.571044921380057,0.3346423835620979,0.8237392321802602,0.5344697624792618,0.6413321179055596,0.3910216791559963,0.1911147511263805,0.809423569713292,-0.8423349395842965
39,-1.7069572505177322,-1.3965874265398905,-0.3430947663071249,-1.3427733890514986,0.5062996187083606,0.22941700434355008,-0.26221674653741395,-1.3563837569231258,-0.7137725811437831,0.22460255194356923
40,0.041387140868677064,0.8097225911971605,0.6565557717596286,-0.2714022797674369,0.011808895755517296,0.3343319953845987,0.5641749754056252,-0.21705026411918704,0.42325717543256286,-0.5180938951977205
41,1.828412229339841,1.1942927507087955,1.6171884562337315,1.3022628431203318,1.7285763866477262,1.4670225904050505,1.671967189807697,1.0749661418825338,0.8102078125363928,1.595063570544902
42,1.5012233736652265,0.5164402568789729,1.1553421092013272,0.6589556045807844,-1.5854991533767413,0.416237890534333,1.033858157897104,0.6340583599309308,0.9306121378633895,1.9000775868333004
43,-1.423095324942526,-0.6506422069056315,-1.093823073123759,-0.853881096908778,-0.38456894653058044,-0.24587705960096834,-1.0776002012391974,-1.5783851784237442,-0.7316735031688497,-1.2357369607206472
44,1.247980838989564,0.23603045212753113,0.030116579227156593,1.0035525903925198,-0.137579738893295,0.6094183476474362,0.16343878867938577,1.4005700815821012,0.46256538169490413,0.013531736870479734
45,-0.42807477514234343,-0.6162483670571052,-0.078686759948428,-1.473070089048497,1.5838398192092964,-1.2420578349763416,0.02483943965420119,-0.24700958465815218,-1.5124244326397878,0.43327084342359234
46,0.6555789764111403,0.6234423662340416,0.22079048473799628,0.5658624520339601,0.9184933034473147,0.5635666924763328,0.39767927814103876,0.13848349051403958,0.7441788538001116,-0.9521075468705441
47,-1.369095090610719,-1.6823399904024618,-0.8788322032708366,-1.3272444158907697,0.18195838448890256,-1.5449340690746773,-0.8148053668295718,-1.0557599730218223,-1.9517878649489486,-0.2555848924381595
48,-0.04838788592200787,0.010984838218274649,-0.765575306592831,0.19590658419263166,-0.29782915052867137,-0.38822692946158555,-0.5429367217934028,-0.026161456789012227,0.592905273762953,-0.5536246736025703
49,-0.3009953545562534,-0.5499114246874189,0.5907093615917154,0.3185251598359522,-1.0403157437322093,-0.45954534902832395,0.5802857495511813,0.06199092766698772,-1.261439366150886,0.10373139092482174
50,-1.5838307944446797,-1.0771417923916102,-1.8801271971418776,-0.9948182522947852,-0.4710140296823169,-1.3266830752780272,-1.8623514917860051,-1.3857733003245418,-1.7021145035405185,-1.7287079065561433
51,1.463857548813018,0.744445106695926,1.7616066514576427,0.5225008596567315,1.782019932640508,-0.3962028920052204,1.8581867123041143,0.06932911889976245,-0.2815866612219714,1.7733322039757031
52,0.20377941378241038,0.8093575342879369,1.1916909577029295,-0.06331576921342788,1.133779925191782,1.1691259822834563,1.230644801067971,0.6295906165388266,0.5593999865903939,-0.9408732810997305
53,0.2751960927554528,0.19252229084162278,-0.49492725177570107,-0.3561849391679585,0.2982530518310173,-0.38285972855008243,-0.6261444619716819,0.3741410864854169,0.41573603583932217,0.5536727909081439
54,1.2242472865291367,0.636031476418942,0.24526851528622706,0.6401568141795214,0.8773286625878677,0.08375866506087247,0.275304182680927,0.5871542893218791,-0.5192023406354296,1.958760533427617
55,0.31112774503734525,0.425222489452047,0.2952150847866966,0.31430373551817153,0.1649767377173616,0.8336422558836685,0.2496924812208154,-0.09805128499693676,0.5789716382337373,-0.2573159224486564
56,0.6844769276901198,0.16208671913467657,0.3957894068522795,0.30705393468902487,0.1527977571819417,0.7370435850208762,0.29458394334385046,1.0477019925034843,0.01450823618901009,-1.0490759973413204
57,-0.04568553283778552,0.3557754867475013,0.5504510173248148,0.24787186552898496,0.031773157227268166,0.8080613181612729,0.46981216205004495,-0.027857341116519132,0.15662822977248392,0.7722618722978253
58,-1.749929592946815,-0.9262381269614192,0.3699954570126841,-0.4352575773346252,1.3222108066246987,-0.3102703844405419,0.37579121760528106,-0.21451652086364578,-1.4034140665508363,0.21887544161156158
59,-0.047750265179687765,0.5464197523565064,0.21116310632841087,0.6829087842595262,-1.918589998464553,-0.1279080303091612,0.35221139751441216,-0.018989665651167036,0.668108838963694,-1.6796108837925683
60,-0.8608594555096205,-1.4223352866505747,0.028208071795106083,-1.3654391662068226,1.268158257638054,-0.5808502213691885,0.13340303129241157,-0.7810301139056725,-0.7765836995196382,0.7009485532783476
61,0.007540094821604993,0.10202920427712217,-1.688020377298217,-0.6896618992872192,0.3034301776156846,-0.42485896210236457,-1.6420688799727332,-0.516236568688699,-0.04133512507060509,-1.1489179005201144
62,0.12219012814234509,-0.4879771954425242,-0.10847595111547928,-0.12406461377882902,-1.126268884597158,0.4147319313357299,-0.18421780439440572,-0.4685578089496993,0.8651702545336749,-0.9959566401789952
63,0.9218478591498667,0.3515130525775038,0.6887116900887171,1.1495564287573812,-0.009797679985066948,0.89871331094557,0.6319736783445808,0.694588844032943,1.0545619121432404,1.2020512607598384
64,-0.3599361409687425,-0.33818640119214893,0.5805179007983516,-0.48392082918072443,1.136696231701354,-0.6811766969344214,0.6416853970186044,0.14458328579026816,-0.8184153786702644,-0.22702462511497307
65,-0.45252312404592504,-0.3326549826979081,0.9557046456879487,-1.125964196452406,0.4628565242758953,1.0490914105435714,1.053656790793544,0.6824954527810647,0.5150796778203057,-0.5802511373352557
66,0.4128616082011453,-0.3499462611752196,-0.16300139937626396,0.08767060364520547,0.9448575921941124,0.2038932854512817,-0.2901833749714803,-0.13502635992807757,0.4369746814463256,0.03245714115037937
67,0.9211178206477824,1.0473994704748535,0.7359256731874398,0.5508249749020354,0.0902073291018473,1.2226182480906873,0.5543092171127019,0.96081859184811,0.8479874582367068,0.7890816283775043
68,-0.6213044431320687,-0.7492568970836104,-0.93963721012548,0.17467583126313843,-1.2850423966105995,-0.19961627281414474,-0.8809868569494687,0.045648504107624666,-0.4561412424941732,-0.866421932926983
69,1.02229011462162,1.2596117700875742,0.3921416346458794,0.7206710432051204,-0.35029805361015326,0.01295695351166631,0.40879191949048327,0.7684494674542798,-0.06389925943549066,1.6327878331337797
70,-0.2278958085777965,-0.3523403254326809,0.15073237952430146,-0.41384955893685826,-0.06658185668438513,-0.6126872313483295,0.23163707369804876,-0.4768362653026064,0.25787689684353476,0.6123399890818909
71,-0.4690082679737143,-0.37579090039499363,-0.25453211921329505,-0.6582787905541307,-0.8581573502715706,-0.923078269527835,-0.2209605663113932,-0.35503063331051404,-0.5459610958167069,0.6332991055880739
72,0.652300340943358,0.4427837508252362,0.07358492428508721,0.5319173791472641,0.5354875007799507,0.92788467167741,0.13894766437877448,0.36846115095253235,0.287047499812448,-0.8900848724004311
73,0.2455209541201816,0.4732595619114562,1.5922974986191005,-0.7155861031521334,1.9388048884943776,0.7419893794480187,1.6425445755224668,0.41106639941717543,-0.24676559493351,1.1748053836335977
74,1.414821388699979,0.9506704712458619,1.098858676900882,0.9284130330232964,1.443166760244134,0.19484973430875957,1.1356215367961244,0.9173368859503479,0.3278390490575413,1.8726823328660507
75,0.7621337280553846,0.5725046993266222,-0.12440886481416671,0.7259525540971064,-0.45344707259116973,-0.14243090813831438,-0.03483599493438634,0.3867781407451588,0.4788576305214799,0.37867342245339625
76,-0.20088181929652166,0.2788145347249013,-0.413687882304216,0.0404479952115699,-0.07742777308305086,0.5607786292755651,-0.36222673985690684,-0.19552963551224403,0.3106751977894656,-0.8579155329903242
77,-0.4238030644742442,-0.05442025189483038,0.7556325149331383,-0.402833384812081,-1.4438511910668432,-0.1734443711086232,0.5024265526731807,-0.4764999718835828,-0.6441465698362865,-0.7482162669228287
78,0.6242994922575658,0.9977858764811979,0.9860857278821,0.44971395387481744,1.1274618015701419,1.5342308573345103,0.8277528572532996,1.5245561560240555,0.14616092875336123,-0.40721384402500815
79,0.7458550237310727,0.9103810377698652,0.16329732472433034,0.7296313825114558,-0.5859454786788983,0.6412252506987052,0.17734625752742386,0.7690814941908125,0.6364656567874343,-0.03545408114520234
80,0.3790095613265287,0.3577733104034724,-1.1054586700989069,0.25032682350179275,-0.6938606943004575,0.0814978746471077,-1.1605232896997821,-0.5113679615328492,1.5078878097788584,0.7390080913342163
81,-0.1699241399092692,0.6128956404124231,0.9099595080571391,0.07338444986237318,-0.3122271414257944,-0.6443025304756239,0.8099450691462318,0.888248518323071,-0.1188810041054697,1.2557686318306445
82,1.2258825339887076,1.0464453777658589,0.8555432638735181,0.3124822969417231,0.5976530732750476,0.8155639805045966,0.7893952739780306,0.4045741041754478,0.24679916346397146,-0.4776978223523295
83,-0.3578403600705257,-0.24491075935105583,0.7518214008751225,-0.6851389257239057,-0.771765607002585,-0.11140061168577156,0.616568682596258,-0.02327933155076943,-0.41534943087612913,0.4211823897567417
84,0.749331875210799,0.7597263392082946,1.1784555925312143,0.5858380222963153,-0.3470315271274428,1.1764811053160775,0.986976796088285,1.3757673213876973,-0.23345157562385938,0.670389709866663
85,-0.730008096101868,-0.560182863867665,-1.2166001654770358,-0.9400584969428796,0.32720104849346526,-1.5348459767903806,-1.24690661471594,-1.22169012556156,-1.0565547067213958,-0.3088918280860946
86,-0.07642048404031537,-0.7358383919136069,0.9540413100622832,-0.3044040448337948,1.3016259237146823,-0.07374064613750654,1.07188913851226,0.242556576321896,-1.849350845731195,0.6435110694238885
87,-0.7245733375778655,-0.7796865444731106,0.7844770262327552,-0.602000483461767,0.2977455586447796,0.5126704868102061,0.6787437982325935,-0.5982412596590441,-0.4932468484532563,-1.0771504080444918
88,-0.4540602731175617,-0.024923090008309823,0.3601378693239224,-0.3573638274251465,-1.3831246256236807,-0.24805896332044078,0.3021988921995149,0.0024317626681722914,-0.304409283734833,-0.4506416718911366
89,-0.1886828730957457,0.015370557442824203,0.2501849939467587,-0.29195226165403676,-0.3299796476659462,-0.5272886559946028,0.2879382125770593,-0.7991718891913345,-0.5451117531958408,-0.5566733140455912
90,0.2956758433868934,-0.4774970065780629,0.8012875605181536,0.06784635359586973,1.6748977314632867,-0.3193344702282767,0.9342563979486859,0.10108535469810676,-1.1146359008893025,0.7305474808116015
91,0.06921472395958829,-0.28735686345893136,-0.3659821211766461,-0.08932127280010815,-0.9772061474372253,0.44705649132501885,-0.31911042848945004,0.15968043379741623,1.1482071686399256,-1.4124866939257825
92,-1.1208465145849718,-0.3831250526400879,0.15254959303473004,-0.5348017195658978,-0.3749857298024098,-0.7356719646300119,0.22660412974553593,-1.1230829970246599,-0.9072351122971217,-0.547101019027782
93,0.25613724664991205,-0.6319315443578175,1.5659547752280278,0.6097793119559323,0.9218516171726359,0.061308901668280576,1.5438590294384682,0.4993221493810474,0.04549917054502383,0.7361444664926231
94,1.4281771768567475,0.6514750359582111,0.8199933952588595,0.7373942024468728,-1.2355634809793228,0.35761794496593446,0.7810183243607023,0.47491480806199793,0.8995863560593711,1.931051881975431
95,0.7611854226780251,0.6772088065642459,-0.40738931682233714,0.49859331253586175,-0.04094871900796763,0.7690007706931213,-0.3487136475954825,0.4143651686407847,1.2939258266172218,-0.8175095715402523
96,-1.287127821978631,-1.044063432309159,0.11962645310487903,-1.3730487177608708,0.9126239891617028,-1.6177441882226038,0.02500757027694177,-0.02198572402356161,-1.4153748196355511,0.2957091518853789
97,0.09969551527803462,0.08115832959204063,0.2785816351467514,0.11713377602391854,0.06400307444864871,0.04393124457057406,0.09683721351298223,-0.07714932781128583,-0.17937298604140878,-0.6249941677989138
98,-0.6751825174320971,-0.39470315051075366,0.2199580931993937,-0.7023551984467059,-1.1500376791521536,-0.993159090893612,0.19918398121960018,-0.32341257240392174,-0.27125801583637005,0.12783481223157658
99,0.1257447296418914,0.2625448939536852,-1.3334054739689334,0.008316391329776797,0.2174972209061669,-0.8364818139134699,-1.3241170997626561,-0.4029294663737284,0.19475133660610308,-0.870930216433778
100,-0.3548921991993031,-0.3362217136859973,-0.2957520010279315,0.3388663762617537,0.8151547955310192,-0.14587152173653506,-0.3056577254795383,-0.1566330252826406,-0.26779326698082323,-0.4772952639789666
101,-1.1594671973834678,-1.658321652073055,-1.4807151735851343,-1.1268638005205116,0.7002870587658165,-0.9685565375100003,-1.4405909274449609,-1.6790822001409245,-1.0685607589876382,-0.2599416921799285
102,-0.7154513321916992,-0.6935222124545299,-0.5580211073582286,-0.7183093718229763,-0.8973454028804919,0.10051994656003227,-0.567231054665471,-0.6223964754808768,0.02673976447649699,0.1274366081841893
103,-1.6909215595345954,-1.3119722957579902,-1.177512292993957,-1.4458656290696625,-1.0025771670974157,-1.071979926314092,-1.1229386644437187,-1.3008335691333441,-0.9954157735299766,-1.3714666943888008
104,-0.8796835283597758,-1.0600251055990766,1.0390168569740181,-0.38331233986271734,1.0846951933805047,-0.23634824453115663,1.0801349062242833,-0.6085149022280283,-0.028846506437633045,0.2767319558957895
105,0.38582847838239925,0.29226824642228294,1.1980958566568904,0.3102947498906056,0.3943295837562314,0.13196463127184802,0.8215645899070615,0.5732457310005536,-0.9109590691887978,0.5827606784795051
106,0.19937491147205566,0.7131809504566078,-1.5140611990537236,0.024403712000911043,-2.213987970906812,0.30682892330278305,-1.53749014988354,-0.6856238660875545,2.04344698526792,-1.0414071379503145
107,-0.534602645212345,-0.5892949938921211,0.03258221296770137,0.1899794620742183,0.6005643036978594,-0.2247609334041713,0.22483359589173552,-0.015639157785860044,-0.052808080582876255,-1.0573911505221814
108,-0.7645314551820415,-0.07453705241355674,0.044144934148263086,-0.7233648816977049,-0.8569135062729754,0.1301018782329774,0.056051365922347315,-0.42739013958368305,-1.032069810168394,0.2051703111963498
109,-0.06113148929798262,-0.15564748261186276,0.9749634387125461,-0.4007307818124401,0.8281918796853702,-0.35108609194031243,0.9480363060928173,-0.02532160085096837,-1.1724275125366712,0.671706712202163
110,0.5523687554134707,0.4867316399648739,-0.9538976388364125,0.7973130985077032,-0.2927710894945601,0.19620394688086462,-0.9388265543089491,-0.3582141728549807,1.3197580842580743,-0.7627937921281509
111,0.085031182497637,0.007417417708370785,1.6070792218560603,0.2748437164507413,1.2437654289469329,-0.4204247358639975,1.6214683876748073,0.4165255035153275,-0.062381604164251654,1.059567866253387
112,0.4847265559822763,0.27070448722166823,0.41783416680447655,-0.1813258396292953,-0.05139820876070997,0.3081468676901642,0.38176349849413793,0.6670219106193909,0.5726004634093202,1.2632091885372043
113,0.0987301015826532,0.057702347396717237,-0.36617146749984686,0.37466731317550345,0.45451931136808793,-0.40084689724961436,-0.29843461761636925,-0.067400137455061,0.04902943180624274,-0.7821639786674407
114,-0.31173043142676266,-0.6296613458508213,-0.9817851320385819,-0.4793483777201939,-0.886018496932209,-0.5645883312982485,-0.9903853168168703,-1.2009604002084826,-0.09848162857918057,-0.135587410582922
115,0.836745710067827,0.0331271330864106,-1.1084310079438082,0.565056203647264,-0.1778146015876591,0.8810569410898246,-1.0763382203061127,0.17726265462342558,0.6343507686636435,-0.501126374248378
116,-0.6703047764724005,-0.20737612232296318,-0.8323161336322896,-0.2311221608413728,0.6237806664277944,-0.7980407451260312,-0.672414991300267,-0.44513485055399393,0.2647309755785548,-1.029794759789272
117,0.020217625290674866,-0.42881481475522454,-1.3826210605699498,-0.7368637529579385,-0.5506935508133944,0.14472303380437837,-1.3599267927506815,-0.8239775906339103,-0.12903874907202342,-0.41025656998248716
118,0.04360660410070512,-0.05571274309357676,0.6617369110205638,-0.1508443195685489,1.8519154020130917,0.6153658879428554,0.653004109739756,-0.04351753250807598,0.4867343592073385,-0.4584161803813877
119,-0.04652128098265553,-0.129267792505403,-1.7737129301623262,0.15076948742772175,-2.582596573546312,0.34875741233958046,-1.875409457068256,-0.5131208361877636,1.096267296637129,-1.4791896131360436
120,0.6815986505579503,0.2927991796442818,0.2872854314991667,0.6300123011234167,0.5246504034209487,0.4280506369822784,0.3038850160456702,0.44356555104460754,-0.15508572081586505,0.6037539531759131
121,0.19120260464455013,0.10016456385774772,-0.02879186308415322,0.27484002075044317,-1.4015659988699882,0.9773216592547831,-0.052649433807745546,0.37876148931960385,0.45627782900951513,0.27370804432036105
122,-0.5469252362737878,-0.9125789222446626,0.24085788860765983,-0.8875220160431977,0.11630515408217774,-1.1134401899362363,0.2657356936140722,-0.5679595248382445,-0.3621567631871591,0.6493802513819164
123,0.432268554826543,0.1204967538200731,-0.23844869932677604,0.501514880925953,0.003646750706303216,0.37447039715570174,-0.16286873448959202,0.5404974367344431,0.5165239357816602,-1.1742983392135395
124,-0.6034946209064227,-0.6960005831219657,-1.1020598830363488,-1.173762283343339,0.3695050475480162,-0.687287877344297,-1.1199531710747588,-0.730469679754094,-0.5348466503466329,-1.1488401404934534
125,-1.8803955437927922,-1.7688521980826555,-1.852594482429637,-1.4494514051960223,0.06423030511217274,-1.5607961157076813,-1.8043685012370163,-1.4814412117250293,-0.8388951493322934,-0.2790740241094995
126,0.9198509894096458,0.7197282080777755,-0.18186652977232629,0.21527058066413013,0.6390632621719571,0.4413288960697164,-0.1321108408960994,0.22973542097446067,0.339027512200207,0.42545540210747934
127,-0.794642433469636,-1.4267614053405564,0.7580801175824133,-0.2907908590170141,1.8229544156038089,-1.351351053878908,0.7302598464232037,0.21547051415659485,-1.0448812521524127,0.24740479966436488
128,0.515982301828693,0.27538585944765276,-1.053181984694465,0.773871444909501,-1.7483334985488217,-0.4430356361132479,-0.9203683454770412,-0.39792729282763584,1.0795821688528766,-1.0239108487381392
129,-0.31435781338169105,-0.6859967010999249,-0.17951369950611154,-0.5773753999954123,1.660532896221771,0.09331781954831418,-0.008773775015433702,-0.41474148947115547,-1.5028995961601426,0.24794281350350486
130,1.2541677366931907,1.3182658094899176,1.3762727509495127,1.6924452175210627,1.6368332487611645,1.3937410797346972,1.4526956233002468,1.202800001360346,0.39363523827974933,0.26456307758993985
131,1.5273506572933084,1.230655327396417,0.6592124972699493,1.3420819944827416,1.8424042899646758,1.0137034697490348,0.7562958209439247,1.488860374640189,0.668090500935976,-0.09183167654698757
132,1.3533290757515928,1.147366971501042,0.9779436693801294,1.5112987711024566,-1.006331607948476,0.7539077100562513,0.8546982079449956,1.6051049631241678,1.7824460852204858,0.05563288197809587
133,0.5988607794890304,0.9190191284509727,-1.0011421417826332,1.178050573419669,-0.4305355952043893,0.6931773351053598,-1.0744609790182387,-0.1562408129822025,0.41925900700613067,-1.1895752492135787
134,-0.8860583444625841,-1.7454087551355593,0.03079526138649486,-0.8372424484128231,1.4759114527564252,-0.8608672238097435,0.2286992589108476,-0.47652137086772417,-0.301036538822251,0.43735440590292496
135,-0.22672136900506049,0.14820074086473023,-1.172885922551472,0.4229176210011438,-1.7392981007707635,0.4699835125614826,-1.1634098605047205,0.208962469137221,0.30343907371031664,-0.2762758438063556
136,0.5024842130097515,-0.2361379706484684,-0.10833503340844367,0.33931076544997113,1.060234952679536,0.5742219804137569,0.0013287422091584435,0.05509555724501132,0.5428792734297402,0.11424875445106472
137,-0.41325266927420706,-0.5726044148103436,0.4973525131093007,-1.2000056238503134,0.8012257277877947,-0.42767011325127224,0.4106591515976217,-0.41889019556777995,-1.7058825781060427,0.6076195542991459
138,1.5095764513670167,0.18026699305517432,0.220798284645893,1.1462482776292142,0.45846104164227913,0.292112483846313,0.24578767260058249,-0.23027377842179492,0.5174129651690168,1.555654223752245
139,0.09993728689173799,-0.4284353793627265,0.47435874549805523,0.2176569914491805,1.5997450100430228,-0.5571616402347742,0.3495186830172175,-0.16072823324377197,-1.1795424402858794,-0.1826090464433549
140,-0.8930810892820819,-0.26012162357675717,0.8382742907619599,-0.4529454721642637,0.13932645668891264,0.7144299282107449,0.8422702611754155,0.5408942744150806,0.22392001367544398,0.15425683271962087
141,0.5440263497037319,0.4644515631289897,-0.7635046178677785,0.3592517572457644,-0.1748234248296102,-0.442567892788492,-0.7942778700891213,0.09303434243804005,-0.06578002546577216,-1.041928060204905
142,-1.218552156773042,-0.9339467238494575,-1.64021475059778,-0.9915743705945532,-0.739703134554137,-0.4470231643514615,-1.6705961659308473,-0.7377211113078299,0.09947794597149011,-0.5322963098425482
143,0.7579448339906573,0.7868765727546851,0.687645100564876,0.8216429507507099,-1.101218444820654,0.3221971199858302,0.7245796723123096,0.7942932448122281,0.7218720255875644,1.164505933738533
144,0.05832064777006765,-0.3298614931266079,-0.1219702856927902,0.06011918546101609,0.7112751351947295,-0.19691326955368935,-0.24602470310172955,0.7824907337590448,-0.6674533074272775,-0.25608072644667507
145,0.8225587240483068,0.7931841663440058,0.4400076581645896,0.5666695728488506,0.30330020703921556,0.6702480192271878,0.40782342052028153,0.07740346790688336,1.2838746637005747,2.0945408312677434
146,0.29531947946117526,0.9969931007206619,0.25495443996923434,0.31924154085424306,-0.5289036536980398,1.3722168878760213,0.2970783017999089,0.4379690803302602,0.5255884506259764,-0.05601458595864661
147,0.2932566164323636,0.688743139827716,0.10721774948920063,-0.08421684432276164,-0.18588502249776157,0.06406795263037031,0.11294661204509669,-0.16870033609819013,0.07925004999059741,-0.36512026017613786
148,0.953653903325246,0.8733437853952122,-0.1803603824628377,0.9379394221018713,0.14971225709180594,0.8878152944449569,-0.1952273565693817,0.863184688985442,0.7010730340420185,0.004668358535087482
149,-1.636501425054767,-1.1791285104452138,-1.286388255728889,-1.3125451761374227,0.3071676387312711,-1.3269885681681974,-1.2756196788020526,-1.3590755889837638,-0.3829478486602998,-0.16116671216445022
150,0.871954957618587,0.9887826310180349,-0.4409053021019565,0.26343917377832926,-0.3763659662847034,0.736345436108341,-0.4484191813294572,0.2862891160883685,0.8234094809686413,-0.6714264866850922
151,-1.062012065000203,-0.4735560252315662,-0.13942609114998616,-0.8158210661127868,0.8076581307728506,-1.4248633369562573,-0.10293351372462606,-1.0676272224596985,-0.5630306971129535,0.28390148582831987
152,-0.7904139030947162,-0.08878284464438474,0.014027547672899966,-0.3596404406781273,0.00964993575625881,0.14256173455347487,0.023436351164394718,-0.499784496087467,-1.3287524748353692,-0.7485052829717069
153,-0.23782183207307048,-0.08153671741611279,-0.956939698047732,-0.42939765569748184,-0.3203334658480445,-0.4573366844926979,-0.9837889433052135,-0.8099087120826723,-0.8305711380988772,0.802923242234386
154,1.3524202653549664,0.43373871186612306,0.6021467202676022,0.7978727286961463,-0.1335786697713665,1.1540772483028927,0.4657673649650765,1.0643966918594385,1.9407333446905488,0.1799051279840892
155,0.8830791629473879,0.385401338821566,0.6750071928756168,0.5382617328289743,-0.8984265854736184,0.2958447280974997,0.5498487404191913,1.0742935690633546,0.3279513892120621,0.6044987838439243
156,0.809012272260394,0.41196055160341455,-0.6758584604489724,0.534924892063975,-1.8203097048732195,0.06883695767736515,-0.659239695013894,0.457692189250994,1.2291730894210657,0.47941061696717757
157,-0.03874405431595675,-0.2568327359915501,-0.3917719441202177,-0.20750311826909962,0.704734029912889,-0.8310427801274216,-0.38811873590573687,0.2702431459942377,0.009288881051657873,1.1116942775301353
158,-0.6103672016991734,-0.54603818613632,-0.11671083861863951,-0.058457747781733196,0.25863882120843934,0.16704387372459756,-0.13224697669922592,-0.4648324164753954,0.5884844627768292,-0.11348569421211246
159,0.08464835137705858,-0.1343028590247768,-0.10542957144471274,0.07470765348606712,1.0423324076366094,0.47865914898039263,0.10515743369634382,1.109030405541634,0.21404604243452877,-0.5840667788418676
160,0.3986145616545784,0.2691171487306574,0.510361860625116,0.11746061146634092,-1.8516034618118575,0.08508682944456976,0.4384871304012856,-0.18625190143136083,-0.8246369916124661,-0.584053871059795
161,0.6622894184502167,0.39220057744721454,-1.3171174310258424,0.358283841944197,-0.2551396545135978,0.17281469367279048,-1.356145106704203,-0.5661627016948863,1.3627636217784949,-1.3038733837134742
162,0.6272877371846753,1.4818315980821162,0.33861199764397387,0.7516781994774793,-0.30785611026392173,0.5817783611761945,0.32732148364764385,0.835342327843368,0.8582358951940461,1.719140242496931
163,-0.5475055712289534,-0.6209633618947564,0.4440539028055748,0.08335118907531486,1.5830999069041602,-1.0007342864994098,0.4475221643679449,0.6506503228418516,-1.4092398018139547,0.4962709794583333
164,0.5547068451410675,-0.2945471503138763,-1.2997865179367933,0.7265972613179984,-0.011657215781327588,-0.35630793073956246,-1.2700332495699491,0.05504285522884357,0.23145524582506363,-1.2161031609752397
165,-0.7450704156860399,-0.5163508960409869,-0.3896916996958414,-0.3233826222901712,-0.2219748058976011,0.0692282192818939,-0.42244773279795145,-0.7422391171164637,-0.3372093355157479,-1.1759394071662157
166,-1.0275239807883667,-1.0362930623455475,-0.1173886430321264,-1.0677000511809067,0.3921213623621888,-0.5703053229767207,-0.11569588943829008,0.1255294984074045,-0.6172384756377107,-1.0612782344849692
167,-0.49222501775110883,-0.4147740737377027,1.2675594185039047,0.006219940743988,1.5978584504094038,-0.7519031619102461,1.4146829432578167,0.11729941918289333,-1.3362766503967622,0.3800568352653681
168,0.07651431335133937,-0.20925491025274431,0.47762701648140626,-0.582941381023788,0.15060778481816126,0.5199434158543119,0.5451776346278779,-0.2235319109037,-0.2739641058845726,0.2817558231313158
169,0.27645350491507314,0.048112161195486926,-1.966792814023095,0.27229359133493913,-0.6650727342797969,-0.04224548117136427,-1.9623456294955561,-0.36655722977959726,0.49158403965934183,-1.4989147699448915
170,0.4989975174750458,1.3711208762779983,0.6948879019001065,0.8029304212178138,-0.346168210423614,0.6735362344658754,0.5266179170925247,0.8700592671650245,0.33795095653333823,-0.5697062331750548
171,0.12334040760376257,-0.13273453607432484,-0.23663425655943007,0.2191342652391464,-0.6389161925368325,0.39547370525967135,-0.11713464823556836,0.3388608417767018,0.2570857748576502,-1.166058049267428
172,0.2122329214800995,-0.07023226929958863,-0.6110576227225062,0.45194329733105165,0.08968953523097084,0.29005820388058984,-0.7322265716191849,-0.3414083059338114,-0.12633920921028371,-1.3444120368052082
173,-0.8556467191196989,-0.5665841791930083,0.16493725109498525,-0.1106952358493392,1.3991938888586672,-0.5809715378023316,0.2522519088020155,0.1471150535768447,-0.3999198490824659,-0.24366847275536163
174,-0.6143900359887536,0.4223193173171533,1.8292298888073177,0.5918176191826294,1.862743606178563,-0.031030560847406442,1.8096211074452049,-0.2597584271599985,-0.9616812603479913,0.6928813281008067
175,-0.46544231055938035,-0.6481964609400837,0.6303346864451547,0.09076176849619678,-0.5989983868114938,0.14832281361015168,0.5570262132549264,0.12253408036501169,0.36386123738146364,0.6314216815504574
176,0.9249285918561355,1.1054346477808576,1.4477644931210356,0.7413340292945291,1.8007347381692766,0.732986002268349,1.4053376381818694,1.059865202049824,0.6751089685563274,1.6840776777457347
177,0.09689355695429928,0.1800164209450821,0.06397133286401953,0.0801438081773521,-0.22249352248192955,-1.0328509853973264,0.08971524230060073,0.29959802568195054,-0.6229255385408716,0.9517101618621167
178,1.1665516186083793,0.08098259513458707,0.3646327723250205,1.0178679455477226,-0.45244782203274325,0.6025951146561968,0.33137254473122985,0.9641326498104031,1.1023468713033089,0.9931885940328867
179,-0.8023486656601087,-0.9586261539403758,0.9350052670963385,-0.8904620436621018,0.7580087709955133,-0.8543672052863951,0.80467310776551,-0.06008777733104793,-0.46293896659792055,0.13056783316374482
180,0.1429614031714657,0.1661667354539461,0.09544049294176628,0.5364579853048064,0.07280148503154522,-0.6678764930044938,0.002389760828982213,0.09564782412280128,-0.6538174478752989,1.5192475193711166
181,0.14758408790667593,0.39935851198015826,1.4455745433617102,0.9035440898953601,1.4631198950395001,0.45947582332086684,1.5003296910414772,0.7348857856494961,0.4707528027993044,-0.24868375423456573
182,0.16227723485155793,0.28293121190549325,-0.6880021371059674,0.0768849342402836,0.12428020893197667,-0.20216560335304853,-0.78705276516368,0.23482059388520643,0.18436955588667148,0.2999066044924119
183,0.7707458289674631,0.7738234374365344,0.8856583648757685,0.8655294703466762,-0.2143084216562038,0.8421094290086093,0.8999875928234543,1.0539857717477095,0.21213569331246107,1.7167684012855098
184,-0.8623713933429976,-0.18601484230063992,1.6452082549323421,0.35127006436285174,2.0370708668488007,-0.320527285691999,1.677608516025535,1.0962813632477544,-0.06916135153287901,0.4983707704504682
185,1.436439589425453,0.9435778048790263,-0.15715615463249819,0.6504328522778641,-1.2075390924854634,0.218071194059676,-0.15098002069728209,0.05446235267500221,-0.07550258971141476,1.606926642186228
186,-0.329561909587538,-0.4105450821740246,0.24105476559105846,-0.6451868250603414,0.3784288249038154,0.4351049084352328,0.27556819157829,0.4000243560230037,0.20801197249852882,-0.04563417340811991
187,0.8251635333952064,0.19681828366167015,1.285672422134312,1.1933112123464293,0.262133929766476,0.34963596550366016,1.20122210898297,0.9563635516349194,-0.05191261428130127,0.9360088203354758
188,0.2093336117314231,0.3677080208934131,-1.1193591837124752,-0.4413797514383867,-0.2290914088897676,-0.49165419020655465,-1.1356173047870992,-0.5041113111342047,0.7569925777456901,-1.211850058488596
189,-1.204108456713271,-1.236084342642097,-0.3693611253784469,-1.3683368899533896,-0.3342345599356261,-0.802999941054183,-0.18109156313689365,-1.416709394423516,-0.8674357047609321,-0.7346296473390951
190,-1.4877613469495794,-1.3056690399480566,-1.6532435904256504,-0.9784377512270592,0.4796910928514163,-1.0997242012997979,-1.6712611429594981,-1.4854890253635995,-0.752367218356581,-0.6184577727329688
191,0.7234019786784358,0.5334040991569773,1.0365824880594188,0.9806490461560736,-2.1019091730128636,1.3840538247094174,1.045686137759546,0.9472751638194336,1.4456807991592155,-0.5048237542156696
192,2.049964599524322,0.9612935344986023,1.3465103046210796,1.1508403617973764,1.7802524081917406,0.5460778542346691,1.2554284320451112,1.781933656374284,0.8526001381748094,1.9564981967167574
193,0.27870651570411437,0.802275572023463,1.4034557476385046,0.5278636872662827,1.7096306071009444,0.646908515750247,1.4189095430889873,1.0351170335582356,1.3661708532447294,0.02073226271249966
194,1.1837980421160814,0.011276651424074545,0.18189994186025174,0.23971909544638856,0.10414235350432727,0.1877179514120028,0.14914754780082598,-0.34268695373958286,0.7450180529325591,1.0750087761254885
195,-0.34847449901911026,-1.028082963652802,0.14217405307857678,-1.1066885068911099,1.362287434555904,-0.20583009826508727,0.1330865604239261,0.05879908992463213,-0.7624446741708205,0.37623673425532417
196,0.7384014542083486,0.8258424723179868,1.4595891595021306,0.71700788515651,-0.6344835758357904,0.9578231741312513,1.5271717276461116,1.414247023614202,0.11355263648922588,0.2561218987331875
197,-0.6675113091682117,-0.11415107843656588,-1.6934240173703952,-0.9301515153041622,0.4275452830392377,-0.5413387424290755,-1.7715732409560467,-0.5464632798633794,-0.570709647750327,-1.4903135469318565
198,0.7893862871631389,0.8499336173755461,1.0537990999584403,1.0701104346027457,-0.3041395694823336,0.8234766076623127,0.973473682608737,1.209807449735916,0.693611911719461,1.5615195687693402
199,-1.6245108842236131,-1.0910666708459011,-1.1165030114814958,-1.0008785742452662,-0.20320995255689173,-1.5952239027501376,-1.113035923315738,-1.0269516311350873,-0.607391550424811,-0.12798946622530047
200,-0.3451721400824623,-0.5026992667419076,0.019973109381880308,-0.762725938935656,-0.4998010118851096,-0.5906432016648239,-0.029659179887239446,0.014608723388933353,-0.597019352355307,0.4699184309385312
201,-1.5242761130189058,-0.7575463412793889,-1.5675419646542017,-1.5751547889161428,-0.2981318715189353,-1.422323747376557,-1.5997122293639499,-1.1643264937935132,-0.20649825395682286,-1.4850837836584216
202,1.299941762717825,0.6320782961390454,0.6928245272806696,0.7271110833395935,-1.5251647953114305,1.3982780209009837,0.7176839337206129,0.5654524130714004,1.4090840419931414,1.9451122545913417
203,1.0424726641359996,1.1012110363258951,-0.019055157428124646,0.8198688436072301,-0.005954178904228763,0.20364856621071287,-0.09406699635239953,0.4120725584646668,0.7973736175464442,1.6132217378926534
204,1.9326382862310474,1.8151649469261064,1.0955997442182719,0.8236013807914774,1.232495006718675,0.7116750532394609,1.1747523749900337,0.9055746173337351,-0.1251602724200698,0.04999972998228164
205,-0.9174708249676372,-1.4935310751454025,0.13269798717945613,-1.6079225549168115,1.0828208716039749,-0.1481156487270585,0.21408261661057387,-1.1333128769308654,-0.15266823899583787,0.3538277493036682
206,1.2933116811883354,0.8047149098841919,1.09583795008828,0.8702018912183939,-0.3743889339432,0.5962724242951193,1.0660812133868827,0.7737793720605494,0.2112815628661542,1.8576687618600622
207,1.0823588310230516,0.4342990869224035,-0.12115026762064669,0.6810534851008088,0.15679919777411597,-0.0489465718649909,-0.09532462322872877,1.1116466509776823,-0.18583215812386802,1.6471880530853285
208,0.7000152319256192,1.2305817407847093,0.35141013016530104,0.9178179391837252,-0.22098420587451612,1.3976975057354442,0.3142470149218145,0.9783971986033418,0.4982730352584336,-0.8633408603564635
209,-0.9881935541108426,-0.932889843019997,-0.5271986824100883,-1.3383128458707982,0.30452250381381896,-0.6135392761782924,-0.5137484161378086,-0.22262553852765946,-0.9357935562372197,0.42964764926786764
210,-0.5566949475489222,-0.6358621571133158,0.9217865395528665,0.4074859430419286,1.5695582423468128,-0.15341978145148455,0.8413183331955797,1.0720491597222885,-0.599908047011574,0.3860372409078674
211,0.387919760555336,0.2221365580752155,-0.6627120639120728,0.624086433049518,-0.22871547588350818,0.25623581894608327,-0.6741225599844622,0.24660994489299817,0.9968515746612719,0.9678316466666248
212,0.010689312181617573,-0.2926092839004111,0.30244390009369976,0.3560330275535453,-0.8100857279797522,-0.3548269337909884,0.3230156013755175,0.6844388463692994,-0.016511139330255525,-0.42361661610648504
213,-0.4398013234474216,-0.17853983490971448,1.1584643394343985,-0.4688760552671334,1.763823624964617,-0.18143057349048336,1.1785942342242484,0.6251842335837164,-0.3377629610925303,-0.5467807295272964
214,0.001225146005924778,-0.046784921183592995,0.9903086416606024,0.2544088841041165,1.297878159716472,-0.3353277303151855,1.057079950698054,-0.3129496691702228,-0.0056698201284285715,-0.21687808976695502
215,-0.4633546445902987,-0.1897458036222269,-0.6504710360466398,-0.17673482901028767,0.18951006865870093,-0.1444911649854058,-0.7661608014506752,-0.6306914032565047,0.5753845799261894,1.0054544591859493
216,0.8197383695391488,1.5837113854093297,1.4991659715196974,0.9731021334740355,1.6738196557727385,1.0115005777473896,1.4904682272741534,1.0533812680696748,1.3386043714674323,-0.6225828483768496
217,1.2518841215039564,1.4654468026914833,1.2535843492171785,0.7017820720404165,1.742585587824654,0.6131994181171375,1.3646188523936298,1.223136978517285,0.9902558597700505,0.3419194350028482
218,0.36893694416591755,-0.05695823043509711,0.8663699086588742,0.10775010999614627,1.405996732128836,0.582412052721792,0.8667021831365302,1.49784778661552,0.4609912860983263,-0.7040491635749316
219,-1.4672651207797418,-2.0068955126397947,-0.8743486511763732,-1.4738416572219895,-0.3340825127579797,-1.778248864349393,-0.9317475351767293,-1.3501745375835843,-1.0397745384010277,0.18995814787710033
220,1.037667941144523,1.246041350792204,0.4985732151985372,0.26681526856564974,-0.9241535962771593,1.1983683643051077,0.47666622853413654,0.17036903249005925,1.504689424150763,-0.992806788621971
221,0.01134620624405409,0.15407956048463858,-0.9668301954310531,-0.10167149143058965,-0.05420562079197297,0.3058462475910614,-0.8756167325488983,-0.5568832428554382,0.9999357058815649,-0.8625569699596167
222,-0.7000357847942235,-1.086483844687187,1.2205000007958386,-0.1780716941204881,1.265075203915745,-0.0008145403624372236,1.075885531914589,0.3956383939273187,-0.02201608332671311,0.4724103832762474
223,-0.07245723924771298,-0.8292998794318811,0.7940137259946997,-0.1792853141165494,1.4129298678937594,-0.10131688999325858,0.8499181820166379,-0.12767945052975882,-0.14826889843996144,0.5962518470684675
224,0.32835103359069784,0.09171157260867224,0.93658421482074,0.6373661457938476,1.7323476798785442,0.7276727497234002,0.6387016371408473,0.6358333280429247,1.143704444153844,0.7509026036883718
225,-0.6053465062079371,-0.1076683009657783,0.08630086340077572,-0.3031382398133483,-0.20507980413606236,-0.12730075180816164,0.15640448055212186,0.35785053088714913,-0.08424587347639928,-0.20106680938633895
226,0.30178827521352086,-0.36046930777001057,0.9128220027951388,0.10932127163682624,-0.22405655926703166,-0.37174902826476164,1.030976717804792,-0.7027328509826453,-0.8130792545219336,-1.005439590833775
227,1.375099314217636,0.8580848890359392,0.5998435757242271,0.9358457771174005,1.6195161281673256,1.1233882925261172,0.526315919408308,1.2144689677682927,0.6264511229636872,-0.6934533041672347
228,-0.14087802292880755,-0.4106504580987874,0.5588296729633184,-0.1653995610458904,-0.9599413309041018,-0.3863390648950149,0.4967082899005757,0.05099744071045553,-0.37067061508960913,-0.6136187677825168
229,-0.5663125353857321,-0.2234799288132667,0.23711081263568187,-1.192186879296564,-1.0080460511957028,0.010912967246034204,0.33639474579432876,-1.2791944937765751,-0.8156607918365488,0.1430598494258219
230,0.20734132192436966,0.7424870219501094,1.204512851660786,0.36756900156463235,-1.4260342159699195,0.3916039296650373,1.1281511112650389,1.396087392267356,-0.39264517217240014,-0.9280494867737118
231,0.23114821969555235,0.5088938437988181,-1.5978138244063937,-0.3075967735469789,-1.910963365910511,0.27538216523254616,-1.613118288205084,-0.6725073952150591,-0.30700043538309485,-1.3485684455971432
232,0.14028342537749697,-0.048241347123361575,-1.4997915440171712,0.02084847804177863,-1.18561637883833,-0.1723706319243575,-1.5222421039517635,-0.5675167096063132,-0.10912104646689988,-0.8714884502161867
233,0.908755285613367,1.3494676543360333,0.7412408519466385,1.2837672926789434,-0.5937803528183183,0.7640582758481442,0.6666938399577199,0.5391969982154963,1.0036343195324415,1.0978740086321475
234,-1.3411288206176044,-0.37789343394394,-1.5910437241167834,-1.2863652459063184,0.6920302041835039,-0.6443290764920514,-1.6402063682906722,-1.0542655430303127,-0.13692486769457882,-1.5860390297818596
235,-1.1479741905235852,-1.4543284857559973,-1.012413764492951,-0.8843320494586538,0.9386197748368218,-1.6342614832740034,-0.9778542942833527,-0.8716920255018431,-1.4676057438343222,0.1087908104902081
236,0.5014181036421553,0.8233700866790308,-0.5455898949209989,1.085853703791437,0.5312275417706059,1.1260274246777033,-0.38170545878276246,0.8286955193017264,1.1751810412129329,-0.566853138675911
237,0.055166746788118136,-0.3708621743856614,0.9067442495711554,0.5052385545053885,0.8335646644002863,0.1455760581083439,0.790878994962761,0.1574942677050443,0.05582133396578671,-0.06673959072303785
238,1.205174556055729,1.1415924142204148,1.0371571578216037,1.3592121107600352,0.9589255731301844,0.5207419940386417,1.1376096745160718,1.0573429224950635,1.366769323108884,1.8120752648001208
239,-0.2055914101573297,-0.7236115497796254,-1.345144135426745,-0.04044119727551775,-0.25534466103203823,-0.7037698896907201,-1.270463003158598,-0.9373148286028057,-0.4983272758899742,-1.0516075775470772
240,0.9820187400398916,1.4968353978456639,0.7346094847972746,1.3805717389784378,-0.5545761340588901,0.9435396935042549,0.7284561309932449,1.2955078557557114,1.1623643493627622,-0.29817636222274235
241,-0.7562942210870657,0.08156736707099296,-1.1794403475104838,0.27481283813243795,-1.1701735564270257,-0.679772237638967,-1.1036286959143555,-0.3026472186987568,-0.048011624440927526,0.3229931517515956
242,-0.8282808337606826,0.1542789128009517,0.11446880845553813,0.21424344977315518,-0.16795748567149218,0.36053786827153744,0.16742945878691684,0.07675402824712002,0.25731154228411085,-0.640650007696453
243,0.045206358766888007,1.187022908605178,0.025581889267802502,0.07140442187107882,0.5334014311693556,0.6665559880840499,0.041530237837486834,0.698781684077496,0.5293074705857133,-1.0279251532901388
244,0.6449357327439826,0.8464782835616834,-0.023707856931291963,0.6028090888524584,0.024629009860264995,0.5331846860856597,0.08552387547023345,0.5651159846190794,0.4293662769596612,-0.24065263608409676
245,1.34110285110847,0.6309998651823585,-0.0150440691445072,0.680098730882678,-1.8490273034961229,0.5831413299604481,0.06936716109592082,0.4980016146524303,1.199579353972186,1.1204672830041336
246,-0.8049172150988018,-0.25089988848737393,-1.2732657480496972,-0.21417641101043866,-1.1872035485743357,-0.3719201491881348,-1.270640755367916,-1.1430209006041134,-0.10099122030948257,-1.5279068423499087
247,-0.050620962970105335,-0.3098962441295481,0.8523866766617245,-0.056202119022485314,0.45617885933060676,0.019893402342086364,0.6618108210123878,0.7772803614604666,-0.5756558809743136,1.1818583849383744
248,-0.7220464989759094,-0.7921920500654537,0.08727979862643352,-0.972551199180877,0.44004095287025496,0.0065049104666404615,0.23077475973399264,-0.23778545610943483,-0.9469227605478419,0.6057089420893911
249,0.7258170867263896,1.3550522964565919,0.33292636119449026,0.6406380782738388,-0.21345716019275313,0.07813633761483357,0.2980171524787616,-0.14346350378705744,0.6983493048156237,1.6947182352683903
250,0.8310794726235905,1.3837532328247502,0.8635092016934415,1.4875042114991441,-0.3783196523550067,0.1760811459960821,0.9144755980895588,0.9223400985271448,0.09745290168226756,1.7845300850513295
251,-1.524098904127295,-2.013907523724127,-0.5347991709510801,-1.3150889172045888,-0.03246619664695884,-1.301788396978645,-0.508000666239425,-1.2331281442328093,-0.25935803190407186,-0.03863250468203618
252,-0.6343383858706438,-0.019415649318310604,0.26993715071749663,0.22337830624927282,0.5531485084763971,-0.47950044196915903,0.21384470512978543,-0.31249955316550365,-0.3348630998192849,-0.9412912840440963
253,1.6037740851525084,1.7927233983168673,0.6274821554311534,1.1822216138673989,1.7385618337371829,1.5523510347302159,0.4694140360971479,2.162795800558253,1.502964840547633,0.5065164181111275
254,0.12425397249710221,-0.042909453124811946,0.07032079337239164,0.38071553644562434,1.3528822441083264,0.6128931872984579,0.3662283947754761,-0.6573850400256938,-0.37163297876487983,0.24402399221802862
255,-1.4488730045893918,-1.5538578749109413,-0.831940471750042,-1.1741880284914274,-1.4675848179789885,-0.6625475337412153,-0.7957061456426818,-1.629428750028707,-0.9805659791367983,0.2591766742890701
256,0.23161577026086397,0.39317556821463434,0.6700115820639815,0.2580480746586512,0.7119154655936754,0.7025110812948794,0.6855723865416281,0.2212099291266468,0.5821071947032275,-0.7678208148763456
257,1.1466172327783348,1.0272917042111875,0.6657966196127757,1.4944760183469115,0.2083749004828731,0.9354424465856602,0.5996727993511337,1.0519017607617336,1.1933650360146337,1.9319702342867788
258,1.0242792905238658,0.8629395705724892,0.2448443424413374,1.1588977636959399,-0.24235727200826157,0.6196616311692883,0.1862801441964344,1.0377767189981375,0.5670356322647945,0.5371968184543582
259,0.7027120899168551,0.29434638165174565,0.43044125408488626,0.9615370925665515,0.39942532389335245,0.48741387069944325,0.3834751891799656,0.4134759462045021,0.5641706178816608,-0.396483279564283
260,-0.8629910325624088,-0.14046011067057604,-1.460408973860352,-0.09075841489954067,-0.3953738123653688,-0.20262100488470286,-1.5011323380518833,-0.7000639511005595,0.32889022623474506,-1.423662557896186
261,0.3659105256007842,1.3752707186683395,1.3692554187231212,0.5251341433863899,1.4073292894329252,1.7469712382562572,1.3543773244579627,1.2666808251754584,1.27989784859177,-0.8634135895254914
262,-0.02938659664527498,-0.214768302376146,-0.5958432459965156,0.06804178274435396,0.8153778192164722,0.1462164389109433,-0.6184252417264625,0.26458123169193604,0.5273203949919256,-0.8742317676936142
263,0.3499219070664579,0.7761709678594778,0.4663258197730433,1.1008966194352956,-1.055205296697701,0.4999618938601012,0.37323287496361035,2.0429609551482653,-0.0010055443079245358,0.5574204882002487
264,-0.8548358198620966,-0.07461083330338719,-0.22871853318063406,-0.3414967418401877,-0.6136076718721577,-0.5895125361660295,-0.16432648789747145,-0.5397903236218022,-0.0656194634200379,-1.322854315320605
265,-0.09503443143975414,0.6381906552002488,1.4615490346374223,-0.15097126873614844,1.5472231658342752,-0.6571005829548822,1.5023332781631336,0.5606580421813142,-0.4720095364896552,0.21315003127209042
266,1.082772193845076,1.2831226720716296,1.0422733614093858,1.4037033543605397,1.6999565479397771,1.3553544782028188,0.8322169369349564,1.3819511522962722,1.0798046630631863,-0.26953894695745967
267,0.5037531161262759,0.8693574709663449,0.5074720832069407,0.94316284201835,0.6931116733254209,1.312828622149254,0.5250924250523706,0.47541046340386584,0.9381795044204305,-0.3538203629814419
268,-1.449381530429542,-0.7424589947018335,-0.21092677657465683,-1.025333683690849,-0.24729759234694798,-1.471361905642577,-0.29052761196823407,-0.47924207215766823,-0.9478299920052354,-0.12249408190987149
269,0.06454986174158546,-0.2560780006517331,0.6648068540262186,0.05712452238481751,1.3691228815490606,0.6971763088300418,0.7437808025032541,0.6318547786706886,-0.5302550140688331,0.6786200438180432
270,-0.6710507743471825,-0.2799615721299799,0.8966464541318191,-0.8540334463753637,1.6810546621062679,-0.08632485554772863,0.7428862022095841,0.04167849374519656,0.09317198377413764,0.5804720650991545
271,-0.09655193773945882,-0.295936581614271,0.05729734699719466,0.1648928839682677,0.8385133632481397,0.3980382158571668,0.17652864770657836,0.6294524821666806,-0.4083365668073289,-0.17610016559076969
272,0.9164834036118104,0.5654163589035588,0.5618925502217692,1.0027598746193498,-2.501035388561238,0.1429265682329211,0.5885523037621556,0.4628234947710851,0.580790749086914,0.27956493183873066
273,1.1499026031002666,0.7149870025917581,0.862700912351107,1.3371518471714663,0.6332722412256069,0.6703647153151575,0.8166525462362741,0.9462683097073109,-0.17947531391522162,2.1500112050206583
274,0.978558234369807,1.2938989531679783,1.0984825719413636,1.5167718348305022,-0.6985328161889774,0.0727097356948471,1.1213297613785216,0.630634319505318,0.06414154195358344,1.3707328732818485
275,0.12430989053439447,0.1498765582333311,1.027748501571096,0.40266309605122697,1.4507429594155739,0.45950624867427153,0.9138650041698178,0.5268825426855017,0.4756076354343408,-0.30894410161779273
276,1.1963202780237332,0.9883598567708248,1.4925900843142634,1.0489126855657231,0.4305589325875879,0.47540737063565447,1.6099884721957838,1.4681625058335588,-0.2388572996370653,1.3738582289278045
277,0.45358907323575354,0.4024109393778304,-0.8906830130894641,0.5293308669101614,-0.9017255673821358,-0.9490552009131118,-0.9394900619527844,-0.4379930491501487,0.15537300745551622,0.6238390001286995
278,-1.7577048914114208,-1.3403770954584588,-1.5333684135068155,-1.1666708536162533,-1.4428185682864192,-1.0449506402983368,-1.5870347968340999,-1.229127213827869,-0.43293437680970576,-1.2611645876279503
279,1.1764455864378203,0.792294754483717,0.11345949548862012,1.3021771609319852,-0.29751930612327837,0.9245430716323217,0.14573070513897282,1.105982270864971,1.3939535913694172,0.09018849628527664
280,0.9692929244594017,0.43229949427971226,0.15755237879847606,1.0355399375894296,0.7051069941384961,0.6530303217094432,0.16377280121236007,-0.0033226486155629393,1.634372587794824,0.29499971899780403
281,0.08937384145363397,0.11086996180902757,-1.735114483167672,-0.19442948422177989,0.10210246426791884,0.3306341994137951,-1.879787152426882,-1.0702089585893768,1.3522020124113971,-0.9411923274952544
282,-0.060237616461486516,0.32631613993240727,-1.3334947572874944,-0.3699033915664809,-0.4664523056375435,0.16103324346846298,-1.3660810695824872,-0.7542718505664625,0.7199706096661387,-1.396120516563946
283,-0.3049482960731995,-0.4232155685197241,-0.004085698953836243,-0.03416995014429978,0.3117700182585291,0.3789458920030175,0.06605159507094344,-0.7550384313537521,-1.005135318604228,0.23499632645184146
284,-1.0305449330667187,-1.5334888566146931,-0.3395894589609588,-1.1693623649234064,0.30474128430009884,-1.3060397793729823,-0.36759281222901397,-1.1553596181536783,-0.9331444484543486,-0.007565004649408384
285,0.44818283535076575,0.38972087614856865,-0.7592796166213821,1.3337944013505174,0.5405503103585588,0.8538556479906286,-0.7296213727124139,0.45331774360145505,0.7984260660512975,-1.1026494887988656
286,-1.3886532521267143,-1.633993931294088,-1.4277862662062564,-1.193968333462,-2.4969094702901486,-1.467263754719882,-1.4197518906756499,-0.4407754421014013,-1.6524321455427657,-0.18727910201474018
287,0.33220948315862187,0.2685705558734921,-1.7241516416727183,0.5760071009151781,-1.907413394935117,0.20090660949142047,-1.7492269928863255,-0.6471257599812406,1.5693232211633175,-1.308886279113156
288,1.688125824454666,1.740167025148663,0.44444879112493885,1.6354435005386498,1.6457759839760766,1.1740997526067718,0.4104352040351112,1.2008771474358018,1.2074134296965702,0.527426918682973
289,-0.9888132289738452,-0.4665813891127501,-1.5431512452507612,-0.5655856978365248,0.48975464551627007,-0.41188154633589513,-1.5400099793500106,-0.48047499506024693,0.512766751972668,-1.3614812684188304
290,-0.9374183026209276,-1.221742349624059,-0.44369831250377745,-0.7187271851067429,-0.0991584371420147,-0.5447500771710779,-0.39044328926175753,-0.6529641931921834,-0.24374665080472122,0.4546605942458265
291,-0.8234056221797348,-0.0792221367629358,0.011273663328399627,-0.06973885686767307,-0.9277222835525033,-0.680540307699374,-0.02612479997684346,-0.7003641180728615,-1.347125752700329,0.7718073471825335
292,0.709067413323599,0.06720315017307911,0.1740575306377606,-0.1457355185190144,0.8309112491506538,-0.015654980470540914,0.09424720205606825,0.9188990738692464,-0.10432441310679245,1.3383989657403996
293,-0.599072553735425,-0.47592243645708443,-0.19240455219754152,-0.9228762207538815,0.31608061200128224,-1.0967789054625734,-0.0978482230093496,-0.1767420234897334,-0.7568326348931516,0.4245945836140581
294,0.661317606287205,0.5984409190436175,-0.5250678691900253,0.5107685487633187,0.20788489590003614,0.6393741083664309,-0.507692981414486,0.0702232267019142,1.1702189878392497,-0.5149673610329843
295,-1.1226984100494735,-0.3627415343778489,-1.2841701155134089,-0.46579696025535516,-1.1870503774034165,-1.1298405755560417,-1.3792375081713553,-1.0467052130709857,-0.4273724173814052,-1.397354483623975
296,-1.3273037744281349,-1.1092094767139533,-1.0005940128602095,-1.4080514375090463,-0.34439224180380057,-0.5352032785092433,-1.056360806320006,-1.545948827064587,-0.6852495106429082,0.02385428434286312
297,-0.7185001530668529,0.006177933189513972,-1.099430100837508,-0.2076403873063086,0.37538283442770154,-0.5561406084993195,-1.0941809359233685,-1.0147987871133721,-0.2720159563005261,0.0556285192763545
298,0.5538509026108672,0.4160824516680214,-1.0720292691215756,0.21885557028055067,-0.18021401058095587,0.10805448365208184,-0.9281984446168846,0.1455107416894702,0.9889232105202873,-1.1213495664848177
299,0.30892188563939593,-0.06647257384477118,1.217280240802902,0.17605083786249695,1.8121569426487338,0.07059115745362007,1.3249857034203287,0.552242551317732,-0.8585031466924069,0.6581549694009735
300,-0.7460026544532595,-1.1218540635846912,-0.4915009560218852,-1.4536395483013103,-1.1365943286947757,-1.4924342465649358,-0.492416323614146,-0.24245215145530488,-0.802914328649246,-0.5336754325896058
301,0.2000786817654401,0.3770567613628103,-1.5015349262852464,0.28601163275482316,-0.7242644056867485,0.663545888545686,-1.535486724661424,-0.3684919430073367,0.33610624826381635,-1.4130265223679248
302,0.6145576864432859,0.759362672388525,1.632022896126579,0.3056943265120704,1.5950243321605955,0.394058217749134,1.554034173978383,0.30959590502529216,0.12395497481194483,0.8596983205361438
303,-0.3137080048535624,-0.38829745924132403,0.8264523741436816,-0.27940808082193475,1.629881050770442,-0.011620635040359378,0.6291198671297795,0.12419530578728585,-0.32740824124015616,0.5439558599011445
304,0.654267649971953,1.0649923142869344,0.4717409932789666,0.4191431522453438,0.41516061095642226,0.8736653085766312,0.5513572265339441,0.7343516871400223,0.5974421529586352,0.7186816865049431
305,0.7148921151401996,0.4583160531818128,1.028465999999229,1.1493448305327476,1.7103542282925523,0.8473860842441221,0.9286278824116803,0.7448764203072326,0.9329445114222323,-0.9547053991827641
306,0.21579388185245832,-0.155009087294941,0.5739685160634107,0.5616590693299764,-1.9690696586344698,-0.0825281425165917,0.500475903792926,-0.1319062909389684,-0.6228825286892123,0.963919451311581
307,-0.4133278530509369,-1.4472479886236145,0.8041120857383947,-0.7165073546211519,1.3243772594293346,-0.13738704867277313,0.9067444599490816,0.16702736779835853,0.1623124373670793,0.701198180306787
308,0.6752672910050425,1.3934177404294699,0.7023203403747645,0.5374467172522289,0.09830515113373531,0.8679580818423044,0.6886743067601415,1.4642511599479149,0.9459169393476187,-0.5116712007552054
309,0.07300724584250261,0.6097481607331781,1.5576332712286614,-0.21253094159118954,-1.130185506996981,-0.5680308438925182,1.6880628716670298,0.2516447993491836,-0.7283524225200424,1.4994064919529164
310,0.4003415578643312,0.6852065186229891,-0.310022939139132,0.10988039652126741,0.13929311548038897,0.26560138975968195,-0.48685141684397193,0.6028924203107882,0.07263244587116403,-0.8756719480410171
311,0.923621623497511,-0.20709484612603793,0.3967492079486364,0.6002154605393681,-0.07975601657707936,0.8166164660148625,0.41753827373804536,0.09449543898684322,0.10387529299032178,-0.40263504411072
312,0.0392604738404057,-0.7829481406404437,-1.190568734957358,-0.03584283497031602,-0.5210687379273904,0.020581211154394246,-1.1821378932997353,-1.1667006388848995,-0.3305448218022639,0.42657492391236473
313,0.4522194503147044,0.42552932030850904,-0.9017863237157134,0.1461850296294325,-1.2963255959626112,-0.2143874178680032,-0.8906087646693353,-0.03537155868095517,-0.3035613968742987,-1.0846510439728112
314,1.018945681861853,-0.09601367995966469,-0.39615794682986855,1.223683336106144,0.597524256473129,-0.40559160205462774,-0.43111201299830104,0.27425235427987393,0.5616638913718814,1.1626853669884054
315,0.35300911812847136,0.30716458543685554,-0.9491169022976504,0.2735191955462547,-0.17662789274872087,0.588872951576407,-1.19753917801315,0.8987560444993542,1.5018562986449568,-0.892529144157296
316,-1.2049528486276377,-0.9268347797242885,-0.3828811780053166,-0.49120287329352286,-1.0528930698120178,-0.4503222987821151,-0.39793841317499845,-0.7517826062161541,-0.2896919687383492,-0.9357502401824435
317,-0.9671370607472691,-0.47373175860794964,-1.7215463644615636,-0.752158343899176,0.20912088887273425,-0.9101114512306621,-1.6928791240399,-1.0704900287716181,-0.9891020689374623,-0.9805369768371677
318,-0.4644410574223924,-0.7358794817537733,-1.3074515020226671,-0.708898431203123,-0.9836224765290095,-0.649401414066391,-1.392768044830456,-0.1275289021036702,0.49977870280673475,0.057695202249944524
319,-0.027009330257836025,0.23013812145706478,0.017405635376868584,0.45082822001619294,-0.5708337840345076,-0.052554093716188056,-0.0141217735522829,0.6285185994453677,0.1007941935346649,-0.1615581235688076
320,-0.6026086713402069,-0.8561166338126653,-0.33346485104574486,-1.1140975860484703,0.5844760838991019,-0.791982416416034,-0.2979458117228673,-0.3874550042260093,-0.8733330479343815,0.17328930333441633
321,0.6084328938995592,0.5640019216299027,1.1360609815123586,0.14851252924789332,1.1206209670528948,-0.14401821580114815,0.9122707011519584,0.41421350202311474,-0.5208470890742031,0.567839898307165
322,0.6991905924269197,1.6637672715896032,0.5055196116300077,0.9961625818579323,0.3585191555199645,0.951424930351693,0.4147104647294925,0.7821906711392816,0.50543456883861,-0.6509524281880311
323,0.6115785283302861,0.7539691540929646,0.26910520115073683,0.6771276696322694,-0.11069141114689869,-0.04553217757013416,0.31518786907761515,0.3959782618643806,0.8585985088544988,1.6395081423831315
324,1.0871976761599933,0.4847725475762569,0.7824917288251784,1.1347714716089825,-1.7124554451723508,0.2517486773325344,0.7879900513443961,0.8749752653136653,0.36374452057592643,1.6350782337987066
325,-0.9219182359453375,-1.7258853418447755,-0.1541237133315123,-0.8587059329648199,-0.13228086108872758,-1.3371776501403387,-0.13655888603932986,-1.0591937399042348,-0.9155555696559334,0.21448953966156503
326,-0.8962450876259576,0.025710796380319728,0.7885635648487904,-1.179657335235809,-1.4134735983761644,-1.1354518778893954,0.7083461566535699,-0.8079670087662391,-0.8758473681839961,0.6777458237714068
327,-0.32621052257843947,-0.17575592522556455,1.145596994617017,-0.08279025127576659,-0.34786780030726583,-0.7155794661869775,1.1424154294441673,0.6757327001863532,-0.5938441743452437,-0.26203855616231625
328,-0.3989485288508391,-0.6445282205604764,-0.30501984959512946,-0.32632516696117686,0.1619477727031425,-0.1284045872067671,-0.2865704075254231,0.2398728431810991,0.2923074824237074,-0.2849103453035001
329,0.14879126013968705,0.9901959570839272,0.45398785458492974,0.4435210570294833,1.6860800052542393,1.635115117338182,0.588342154611257,0.32374478815654856,0.5008709482009521,-0.0943834857753759
330,-0.19884041837443828,-0.06458782377368891,-0.07830287065856922,-0.18415851144129358,-0.8359332566091673,0.33827546202023456,-0.026195856034699917,-0.20299458927565642,-0.5904146029669621,0.050069701249218924
331,-0.4004621719094194,-0.546979659274046,-0.8816490751611195,-0.9084062208326447,-0.09702389886548886,-0.6027159519046782,-0.7409741840443679,-0.5158627213711819,-0.5608825195116065,-1.0913856897023706
332,-1.0549417651907442,-0.7024772788257583,-0.861198806924492,-0.7018068224273255,0.5341441827145892,-0.4575570494055148,-0.9228615876138049,-1.0518259566486088,-0.7643621819478918,0.20602007833462135
333,-0.46464598299523746,0.35696744152062626,0.6818902394098568,-0.9730850074857904,1.7639223364233692,-1.1190901614224915,0.7133637938470377,1.1175977471338618,-0.54394328526272,-0.011207991993778367
334,0.6993853906991239,1.1277206350309794,0.7329677202248717,1.157100025968354,0.16699631427416148,0.672384368530724,0.7831360470528624,0.5360839999007011,0.49134234361343543,0.03842473932905806
335,-0.19298267349993758,0.3682108165555502,0.8936172793204221,-0.4947084282052355,1.71464797989751,-0.31625841849312974,0.8214635699857856,-0.0004664712043758735,-1.1248539013288363,-0.9139521397242507
336,0.10478500450042592,0.6811366773456274,-1.3295744638538467,-0.40640761222565536,-1.5209360501272582,-0.21323005999778794,-1.2300537054351794,-0.7156188123314347,1.060235931291614,-1.1661855262405232
337,1.2064969998870239,0.7126808567252245,1.5444811658788788,0.906266443863676,1.6723175736434224,0.7401760133609312,1.46780168920327,0.9842130565165537,0.5688383967296398,1.852062766913123
338,-1.1674352389525866,-0.47571248552415896,0.496877536411044,-0.718513836431893,-0.7800203553265445,-0.8704031238215101,0.3890245797893606,-0.7160039559349243,-0.20746896197228315,0.3066538527057592
339,-0.7635050802190099,-0.1716964443687355,-0.8567142077403256,-0.4864741201429288,0.7049939173080004,0.033620859034657245,-0.9601745262243044,-0.3263092855084542,0.6219618091750998,-1.0484099415771995
340,0.5586510677499679,0.005921972321148561,0.755828152404778,0.736513494408613,1.3146546878318266,0.661915806949491,0.6909492562752169,0.5528719206620524,0.16233272018866862,0.22699749003760347
341,-0.33374362835045784,-0.683691203841185,0.9346505558408328,-0.41468876430342566,1.6406337324631532,0.051624226068651496,1.0553765147233845,-0.48942604561391323,-0.4734045767165722,0.23186454584940377
342,-1.540229744821451,-1.0167725945448252,-2.1044553327349234,-0.7263176440876363,-1.6142675739978343,-0.9855886855712044,-2.246872440283954,-1.3534671779745733,-0.694477321089456,-1.87069714955897
343,1.2482854860258221,0.07234332276958694,0.9945558379253304,0.27521082318096046,-0.6975110706206107,0.8726774134370439,0.9417351639490215,0.029555597440353274,-0.27181707054187393,1.2360109069819114
344,-0.1584006589072659,-0.21149231446823194,-0.6086407990535325,-0.43669433822185766,-1.2173860294928645,0.5061198305373855,-0.6291177145768923,-0.021707016346642554,-0.4198932341460793,-1.1740933363086288
345,-0.10185178051652863,-0.1500529303711757,0.10246515678994408,-0.4784756760432535,0.33383080517742814,0.4480991870088504,-0.06813316008360044,-0.21030541788749368,-0.6987638808816062,-0.1271673909447706
346,-1.303522723683336,-1.6140928810884276,-1.6675483357612066,-1.636685617722162,0.5220951416255029,-1.5203116541353403,-1.5680784828362158,-1.823382121883433,-1.5551835702984174,-1.3065870513602134
347,0.47570716118240897,0.8591581522414392,0.8979626108130686,0.8645274380723829,0.444493106234045,0.1600721339460237,0.7598709664420693,0.6539047353968478,0.4775866940296777,-0.07828910973329639
348,0.9223871010577004,0.5138210315698862,0.055187689937650546,0.35456642084301954,1.1451279149534637,0.37255293994837996,0.2385781716417276,1.154843828611726,-0.05523312225423808,-0.9197387314119421
349,0.22710883864147122,0.49411762924162334,-1.5022411807023959,-0.34476872728437524,-0.555786933661786,-0.26070912245008887,-1.5943975605903844,-0.6597896730865669,1.6808568798518002,-1.2756726777332026
350,-0.11973180461215668,-0.15094654665646973,0.9921569618972449,0.23305356279840378,-1.7095403226747643,0.59515479170504,0.9350834874523835,0.6614015145951788,-0.18480165425289097,1.2701495690531968
351,0.6513866386736904,0.646691149887035,-0.17267720178650353,0.5636781005122687,-2.635074785303981,0.2031752122719494,-0.1665058874471098,0.7341360477738342,1.4647783642874164,-0.8899353408563199
352,0.23136988989237023,0.42777685517722014,0.7489727121249393,0.7063514702153929,0.6964225514651118,0.34428811476977905,0.7232843200877574,-0.5583648716537781,0.7429506865043465,0.8797785860927181
353,0.4248538690351345,0.4987940715350033,-0.4259889304086002,0.43781521591362244,0.8025356685190715,0.4641249304283952,-0.3927554348277723,-0.1858663039073379,-0.17377248304856938,1.5709185612195558
354,0.3057465076765271,1.272443742286707,1.1728941407443683,1.1038018380942598,1.2232612465144566,0.017389200467367995,1.0645996707311933,1.2773980041297788,0.09589198834638446,-0.8723229244683762
355,0.38271574702984756,-0.7323897856171848,0.41029355195465217,0.03716320505337532,-0.5188563992092212,0.25346798655351716,0.3147903153804817,0.42666554028525316,-0.9657157506937284,1.1012788087125962
356,0.48702335184081974,0.04321177120105193,-1.5854607579848647,0.34121559609974694,-2.2444986458907805,0.49833975331403096,-1.5750138541749634,-0.6600018711144752,1.2282842205886468,0.6354808339452688
357,0.41013100142755743,0.7191456888509855,0.3449513485901607,0.5816945323056112,-0.42206450050339045,0.35339382981341616,0.34029656263843894,0.5406208326707918,0.32659655301714385,-0.2183494894216524
358,-0.2065449920263509,-0.396536331695976,0.6740503613291909,-1.0619744903769666,0.7113459228379828,-0.31151000417749697,0.7078266253443061,-0.11955960424686428,0.03216633523434351,0.22476205720863274
359,0.38538468723876035,-0.029519515805608174,-0.03753997462823673,0.22241254484795284,0.027888501264596303,-0.14531533333794358,-0.038990398392312504,0.25751443669342994,-0.00605973755576462,-0.34476161149083284
360,0.9468359491919152,0.7778949603919654,0.6138135557344546,1.245762709285951,1.3450408302734926,0.6688763968105251,0.4935567141472731,0.7144483741670247,0.2994409666414599,1.454272614684568
361,0.7032728228520798,0.3413065014683229,0.5363327645888465,0.3464024625941932,0.02056626064365394,0.41292188568753807,0.551900677947987,0.992751237930127,-0.6298198395066991,1.1900794665186987
362,-1.049425476278421,-1.3324383235123807,0.48783693851522963,-1.2146244185245894,-0.460502122845527,-0.505392563822201,0.4585827007154222,-0.1674251961844876,-0.7879297497742355,0.5191020304844658
363,0.6926614730792056,0.21928432550272162,0.43036930841914156,0.6555898068563102,-0.29260849318953247,0.9317637084533578,0.4922335513409641,0.3087241925876929,0.09127634213591289,-1.1989497327199368
364,-0.6567165983898017,0.7089296734181388,1.485381415558394,-0.033604886975088726,1.8893548531389999,0.36619400267297486,1.5274670352075206,0.4256910017445466,0.3449487296232264,0.2853942692140409
365,0.833611074745564,0.496864071973233,0.1537932549141502,0.5265823668125182,0.07610788026963605,0.4585255906325253,0.03285936544316887,0.0012798570635010028,0.8286302310079481,1.2399710565107644
366,-0.680617979351474,-0.3437883163077193,0.013375439634923166,-0.7087781596223142,-0.5832341373355582,-0.6842198792198603,-0.08604528721700866,-0.42555601865047676,-0.217261080175055,0.2500395584129415
367,-0.9073876069293269,-1.4121072419215903,-1.2545185167883344,-0.6722913191461222,-0.12183946971147211,-0.2932323339367447,-1.1612162350429551,-1.180337938353261,-0.527467058519597,-0.9240414937091346
368,0.6564747668786223,0.3542123593407024,-0.3292826155319699,1.0340645161484323,-0.48845093966515984,0.6108867560492184,-0.37537395427275155,0.23209272332470596,1.1265140472037116,-0.02270201058456143
369,0.3200124238679096,0.8157386606890862,0.4463243234271197,0.5965232644887388,0.32000569480738433,0.74626233080596,0.428462101718264,0.7801266336734289,1.1792458443918301,1.4464856127731631
370,-0.3433120931552168,-1.2909202531667525,-0.17360168645971205,-0.2540927383390913,0.6982765631917448,-0.4074412412821769,-0.013662649692523544,-0.11590182281311326,-0.5756464198149351,0.2573200783225709
371,-1.2522038421070067,-0.9892622894010862,-0.09400923566636331,-0.8664650034375938,0.1991726258306895,-1.2587293856059405,-0.07531198441333864,-0.3983285923242918,-0.29202219051270867,-0.5471927297586392
372,-0.7379340197704162,-0.7898739118435048,0.22146816048902643,-0.33207747082481454,0.8222781967120706,-0.6600226854256444,0.2653952388038649,-1.1038281765486557,-0.369436427019615,-0.7163332729516516
373,0.8197116441215179,0.13996248784570509,-1.1155549169647305,0.8981871783814992,0.15839863775073024,0.23992010644453135,-1.1009822250667978,-0.14532665647921308,0.9214551764353461,1.4436733741761796
374,0.1770446190272161,0.19996590626602295,0.7599710218744954,0.5508056083855359,-0.17308196866846234,0.5796651235841607,0.6400546085027263,0.21665541786825154,-0.13555678117381303,1.6519057208639945
375,-0.45088262392437384,-1.3400078072833508,-0.6140985613647946,-0.9127378331928527,-0.5862271801066086,-1.3474988919503272,-0.5831974631029961,-1.0921291218954174,-0.4728434440180304,-1.5903379694139306
376,1.1698471640217387,0.6019306021673123,1.1411829878214343,0.5363432705824898,1.7961806862047702,0.0867273990200003,1.0096230878172745,0.9788349141918397,-0.5838025289434547,0.8668343083665064
377,-0.44131491164761233,-0.008021843561654259,-0.11284069965940112,-0.43563491062756465,-0.8196394395604664,-0.31964812034117684,0.024122558379048416,-0.427865866668562,-0.24237394023679465,-0.6579205351515844
378,0.518608472750689,0.4835571698665026,0.039743948013906225,0.5433053456372362,-0.431469609837101,1.0094998366824621,0.04972646374461824,-0.20877859782204125,0.9416552932009175,-0.9570622984455721
379,0.40659673002326585,0.7438381126837968,-0.8292717722672437,1.2734742998153907,-0.8261704004481207,0.33662125741077603,-0.7554640741007266,-0.012332031233134685,1.6845910907172208,-1.0945456539505054
380,-1.2996081614245625,-1.5646344131421581,-1.6024812001914677,-1.6381731246793452,0.0255607469420349,-1.482665913134168,-1.601890576015193,-1.3515360065602688,-1.3480369487289987,-1.1714910421369218
381,-1.0556706086503853,-1.417340689320421,-1.087401737823735,-1.2854659576637733,-1.0191670921696887,-1.590752055410255,-1.0483454616069803,-0.6118014694612388,-1.2849008780643998,-0.5863083319075256
382,-0.2827366464663558,-0.196602785266056,-0.8118292726207746,-0.030469120452364832,-0.967564451079354,0.08959906477853141,-0.8271197917118853,-0.6421853576007208,-0.883882373348218,0.3123417706824024
383,1.129411969167031,0.8676249651690823,0.6447239992030053,0.9054066897481166,-2.6367923736142367,0.4130486653815234,0.6276773120115581,0.2520645452929786,-0.055364126148891135,1.8179093434909563
384,1.337637838542585,1.124493984054663,0.34200195786613435,0.18341736575957562,1.7127932554082566,0.9852561921902073,0.4232957362884042,0.49610822127404597,0.460381853297795,-0.8479591558323695
385,0.5898418974843894,1.1356835498248583,1.247923088493396,0.8946518128643065,-0.12252822969581569,0.813277147228276,1.1164472946649504,0.9842575416459395,0.9053156048063997,1.1994235330664516
386,0.7956480538833688,0.6797955199969546,-0.9738886893759303,1.0106314975450372,-0.4634595720185381,0.3791792908944139,-0.847653716809529,0.33852797339323815,0.531214012194015,-0.9084699391989718
387,-0.7330706618454542,-0.8731980004751432,-0.0635774528087802,-0.5466641427932121,-0.4525342297197771,-0.9880683011795197,-0.16471825520634117,-0.7872115487753165,0.498889191550312,0.24878511664107722
388,-0.26959283929488864,-0.12744046633951675,1.147375144754299,-0.5598173759624907,1.6328017645109585,-0.7140647932090747,1.165382498617444,0.17668646795141685,-0.5541661485404001,-0.04679556018293959
389,-0.40564255863171106,-0.373804400174668,-0.6935229764637435,-0.41928052800486193,0.0663489962286528,0.654143414543322,-0.7081546600903795,0.1660959923362181,0.19727583761235698,-1.138931345670212
390,1.2519742019877473,1.3578199357974263,0.8326719579107705,0.8749196902570446,-0.18985500279645556,1.0401825682308736,0.8099623606623686,1.265518119807939,0.9616199489965069,-0.8923268578306179
391,0.7605303566093473,1.0831330711857055,0.5050572276449413,0.11923844419007333,-1.1151564942270464,1.4658100021895062,0.5015717391447082,1.2948476298806089,0.93264716532322,-0.15824873091854444
392,1.375050935206995,0.28461624013604603,0.2373663154470232,0.9441959822651186,-0.8039949022161247,0.6542742343826236,0.24283683325546085,0.4648892229301719,0.4299846607841451,1.5207786366656368
393,0.9606310802540861,0.6479833329656702,0.3189766214896337,1.1623673766530247,-0.3425140690499825,1.023327609373473,0.3032503755534206,0.8235953865448157,1.0990919041179852,-1.0149638567319106
394,-1.2868858792185982,-1.0808800678530084,0.4925085123555734,-0.8613184448489805,-1.1258211478661486,0.23002748900744702,0.4345519630051529,-0.2102816653593146,-0.42968900298472096,0.3084115203706218
395,0.47702485360554486,0.895315902009276,0.898975906135291,0.7224563732470582,0.8961540165534019,1.2101178001953654,0.9306095984862448,0.5764302930881791,0.9960912632499649,0.3555072223541533
396,-0.7524969831857563,-0.844469779712921,-0.2939100189789088,-0.9450818966473772,-0.45477898632439495,0.19900184904431273,-0.33397995085857457,-0.4295303910863268,-0.3241407350561857,0.13478526800527932
397,-0.6240135972340408,-0.7244864185733538,-0.9000247317068995,-0.4689707464236168,-1.4528844383971893,-0.8574329100410633,-0.9087359589323486,-0.09070477522027748,-1.0896046295251514,-0.9168382727735092
398,-0.36181163692318163,0.05862898994588422,-2.003690313302446,-0.5901937282076783,-0.1328458944498547,-0.713334723015851,-2.0514297853037036,-1.192170847181237,0.11298856206248807,-1.0764746933654785
399,-0.4268211998942577,-0.47344625011029023,-0.5149276944901038,-0.13170265963442193,0.4908538932254584,0.09249913291889948,-0.4007881253060489,0.12345450665632937,0.09374095944593958,-1.6891638720124236
400,-1.603246120375373,-1.3648609694152765,-1.521916483358163,-1.660477658220283,0.1899873131404045,-1.870437513890701,-1.5362332462884725,-1.2877220044418276,-0.8664693205455168,-0.16747227984830146
401,-0.844254347854624,-1.5476487610015137,0.21136350380779284,-0.38637372992001356,1.658197397747422,-1.061916030690136,0.23890367407289337,-0.043114202611791184,-2.0292042283998732,0.3076712892308122
402,0.5816007310120386,1.1209560958913665,0.8632720145940385,0.518238494425702,1.273711543477106,0.036695227157817006,0.9532913363753757,1.8519369460750095,-0.021358064068850994,0.032452881602082616
403,1.2136746953108641,1.060523414939156,0.8522498521428301,1.2033344876702547,1.2987368577247325,1.2754597540196424,0.8981701322005562,0.8535466902382759,0.6599997221435183,2.179841646987719
404,0.5909503324805526,0.5223085682184783,0.32623086336781704,0.5539188295946358,-0.1220548752550023,-0.2506660019508042,0.3710359249795808,0.8891293242734203,-0.0005874465652567681,-0.2541606980690363
405,0.1289140713563791,0.6228815467071925,0.7335234919397295,0.45981894458754496,-2.0953669338385903,0.26454971545803946,0.509759066064861,0.5102891316094997,-0.5481744913091208,-1.032720263193592
406,0.006243818748599879,0.2549383490409932,0.3645881432807976,0.5681569425389311,-1.3910959677557044,0.10655038165304162,0.3797686620988312,0.0049635876478602734,0.17197443939275844,-1.0920044143296714
407,0.7653680686962048,-0.09810845745314921,-0.23298099530760896,0.7199823160184046,-0.5324146042719736,0.1604866671992119,-0.08476991805464208,0.4544343009536789,0.09980205608664278,-1.2436319586177624
408,-0.1647923558613532,-0.6993906537919506,0.40073598034302077,-0.41361223838158173,1.8233891897347687,-0.9662999744052101,0.33298431889443486,0.7840735399485833,-0.34044956067863685,0.44011301387074503
409,0.2722854776353596,0.6152567976499546,-1.0138555747091405,0.12180669345876742,-0.5287631167340033,0.7635317679282181,-0.99571997924887,0.19451503336644052,0.151361275393335,-0.5996690077520336
410,0.5147982738135217,-0.1751941818348052,-0.27308621637592595,0.3442159635029703,0.1990926937110856,-0.009718728295921292,-0.18888225974455747,-0.33820788052696843,0.16933196249906063,0.8538399979211764
411,-1.4847918829941464,-0.9000798672480448,-0.4403446715528058,-0.5698707259612882,-0.5931993178737243,-1.2384033274063095,-0.5563288300738586,-0.9006567103017454,-0.8098599756383954,0.004807719171017448
412,1.4394859681296417,1.1581249603765165,0.6506545524818267,1.2387948681216323,-1.0403501611254933,0.6496765684971769,0.6842173285520377,0.592776151819739,1.3066452598446545,-0.08309810147252625
413,-1.045623626282276,-0.9057697446958457,-0.38735382103715355,-1.1525279443740977,-0.12250062574448115,-0.20989909597554174,-0.33135542884353025,-0.6797988091566659,-1.4783390088023718,-1.2750006077624647
414,-0.2710930031690183,-0.27587713959050125,1.0022950749696866,0.1580331464162631,-0.331182695421003,-0.5132429919562808,0.9037738395089415,-0.5350735105516553,-0.06521130712460549,0.6964915242761155
415,1.5942281295182872,1.5115607415911136,1.4040086693383733,1.657980701758541,-0.13542248596838347,0.7730522218717213,1.450593797827575,0.7959520797317178,1.349465985001084,0.4886192532734365
416,-0.5163048561880605,-0.8365733940767548,0.04102200054286665,-0.5546370703760388,1.3693020355593317,-1.0100547498096082,0.23703702176139252,-0.8273243681965665,-0.925881412060628,0.47026617737609855
417,0.9297009414914885,0.6556337941452003,-0.1406509280107721,-0.016037336057547553,1.6685283137998606,0.41843478753951135,-0.10890161642565167,0.5383081466756526,0.24567803091698026,-0.6382277699162858
418,0.8403332094716205,0.351603846892578,-0.18004014728493142,0.13856280465289877,-0.42852677230847913,0.4021184496049646,-0.21041383527314722,0.1175641639200272,0.2232073398063598,1.5767994493481563
419,0.36333794644353373,0.3645732909223472,-0.024380000861101384,0.4001779068717925,-0.6498264072409136,0.20112931138646256,0.053192790528948396,0.83826604867395,0.13480422462074,-0.6086011152666004
420,1.1203416078309913,0.8044379270012226,1.187840794899052,0.4555357392734799,1.7386914397368343,-0.16602443051001742,1.1416892363849023,0.9573424469350266,-0.33754506714495874,-0.08452475576541044
421,-1.110934461267864,-0.9798164126922702,-1.1265423999951891,-0.8620361213749836,0.4847995546501264,-1.120600249380477,-1.1219213325408512,-0.9664801630027773,-0.373477046478349,0.009946891980251296
422,-0.8769075596475456,-1.0569680442000196,-0.20381692070028679,-0.7060531486658063,1.292220535725527,0.09498035414501452,-0.13588458319021476,-0.1627573818047716,-0.9009546067393751,0.47957139254699166
423,-0.5306495270614954,0.058851132108859935,1.0069752301485995,0.09498344950924222,1.3453579418153938,-0.1697552707022152,0.9476304850322289,1.3503143628852732,-1.4565000631675749,1.1804587006131835
424,0.13767798125326577,0.0053952979479687194,0.16826783631591452,0.3512369962909838,-1.2815571859931003,-0.9425794218229743,0.1350811350950889,0.07944355633781408,-0.31269571526276435,1.2948919104764545
425,-0.33549841374943007,-0.3393353049250814,-0.07170832195890361,0.1338394922174488,0.14949253747464883,0.061576595440240287,0.04346438399523221,-0.730907040398187,-0.7387506009082101,-0.1630329575561801
426,0.23932938755311856,0.9686917548817533,1.1769452906247353,-0.0031349703210814235,1.6280484897081913,0.03803195023440818,1.2081540211154118,0.21339798501008517,0.669688122049561,1.1013561149375728
427,0.20554474287878452,0.6942536390190728,0.339760220859536,0.18358075749011513,-0.9413653412486074,0.39504448174480933,0.3593242178418121,0.3060742262677412,-0.34573252378450275,-1.472541618420623
428,0.5510118691257334,-0.4307368725605221,-1.497520768119387,0.37394124158497327,-0.20374640294619434,0.32873988786423475,-1.5071603088312524,-0.6726981688918413,2.006109966340871,-0.8269583278908509
429,0.42317165561823344,0.4268916935139312,-1.914192334540031,-0.5336505042950846,-0.4865998521984785,-0.13164943844024188,-1.897373680159556,-0.45478995794546667,1.8489726770136328,-1.1963327078451547
430,1.0404722765975707,0.7335894741801355,1.3085910312476017,1.2314592518573548,0.7899860673787195,0.3413332775416122,1.0871513909533652,0.7738763097472862,1.197757915230469,2.400773400836894
431,-0.956463111288547,-0.8005212017313009,-0.20139977325826128,-0.6823082018493921,0.16180857390637057,-0.22589650501935127,-0.1934200040512154,-1.1827377304950337,-0.6571690639602901,-0.22261994972021393
432,0.42734853502837716,0.03338581186966718,0.9075060088272706,0.31257724834063966,1.2444610162014642,0.7233311454867551,0.9372415387048285,0.24092788136752066,-0.38715906547679957,0.0786663125529729
433,0.7439607798753078,0.5931743270583738,-0.37938865519120835,0.8114825162099537,0.4350757805901775,-0.10657621449391921,-0.16006912558170702,0.2551468163456203,0.7225260852670378,0.5977245155927152
434,-0.7410397468259529,-0.6134332337341563,-0.17931125283691451,-0.1364338788258192,0.32765891708619516,-0.0808928849214807,-0.25441204892881064,-0.5276868255474514,-1.2571712368591423,0.4001501789429192
435,-0.4240151121096564,0.5619274909648897,0.9678075346007393,-0.5756515900462651,1.9521262139757987,0.38158993394758,1.1183001052442545,0.11394829555198731,-1.696903898453718,0.3818472484786669
436,0.616649884845511,1.3414209633413654,-0.09282038145843544,0.7952275007090192,0.3133856345268325,0.5272704245651827,0.05623947061023064,0.4706591142835588,1.300042967922427,-1.0753513377104202
437,-0.9867834779944719,-0.8150044384300221,0.19458561002090835,-0.8126867697275945,0.3205201377201727,0.4119065796544941,0.18404021835412787,-0.10807901510608348,-0.7271470653461088,-0.38380077211442787
438,-0.9635010176885394,-0.7481810824783943,-1.3429278606159454,-1.486379076506012,-1.4745674574076255,-0.4753470381180697,-1.3696655349573945,-1.807747063882453,-1.259027787825821,-0.7598284061917472
439,-0.35287439688496514,-0.5741179496913361,-0.9080658207081236,-0.322774066392806,-0.31527083494591673,-0.37089135116890215,-0.7784881312805753,-1.0005305442257488,0.05430882862685067,0.12650132805126788
440,0.11609024383450561,-0.10134146424586468,0.18736196778536598,0.10161399807380528,-1.0544035056807046,-0.2314799581206585,0.17701738261591204,-0.40759218601638225,0.2547590509329549,-0.3390245860633263
441,-0.988047614564646,-0.8337989800712372,-1.6268921090633233,-1.0417386907975887,-0.034859402072327086,-0.7791724035631528,-1.5364834109283294,-1.1785575328857623,-0.13462676805018378,-1.732041037156761
442,0.6422153022181251,1.385672634085045,1.3687847564369588,0.6294709687780422,1.6172086281180185,0.20568311001891704,1.4520645497180362,0.7997564956503044,-0.1136372904915979,1.124095869882636
443,0.4640009958701244,0.6105073145019517,0.16094183041947904,0.572869769183938,-0.2377139217870047,0.49015268853544613,0.19439741371676722,0.6017557533494218,0.2730148914626605,1.6120301375860557
444,-0.09742152690540129,0.09982046071848324,0.06750296515002722,0.13503858555665854,-0.6306705301912701,0.2423848165120132,0.11298876691944293,0.6414505637502552,0.18161998520004258,-0.5018683041851623
445,0.22361982084625637,1.2331220830429521,0.9939514495353143,0.4366880264786051,0.01354111417190701,0.14932797146137022,1.074530112950201,0.19932438988658885,0.3502810192175773,-1.4856091397622444
446,0.13593877226313936,-0.35970125538993725,0.6707596501753261,-0.5868628891836939,0.36011559571040724,-0.5325359894338244,0.5956284140674198,0.35087691718793557,-1.191916302774945,0.6130327885049434
447,0.40716218373201346,-0.15927858996339853,1.3786870543897713,-0.5049762461113073,0.6611023018113205,0.34664121603193304,1.4513934181545083,0.519517068564104,-0.11118495637703446,-0.224062050696329
448,0.8372589355317268,0.12248174403856213,0.59034465620684,1.1307025800659507,1.5036754241898624,-0.17044408724250865,0.6265528689234541,1.2804830510050444,0.1461822726895011,0.3871947952257269
449,0.8633039970591763,0.5755401726423515,0.8650597871861,0.7303084494486709,0.9601055113289795,-0.4376439501220757,0.8148469066783555,1.1439858031658652,-0.11879208529331774,1.074143129141791
450,0.13799512671336556,0.47253828969485606,-0.15580484445185144,0.49942230913099994,-1.2833411822293337,-0.08832390982108311,-0.174534675359625,0.6580311094534718,-0.4688658253218697,1.269480076206266
451,-1.0022484649215395,-0.9287732349681891,-0.14006373267759528,-1.1633500065719407,-0.377221668913876,-0.7544087384588556,-0.19565894230508737,-1.0530472220753384,-0.7053218589840483,-0.7004064069744784
452,0.5615723655522656,0.6554753434071693,-1.3275763319888645,0.19583252521607908,-0.818576628256957,0.18117223218330877,-1.1947648633444599,0.18185560631369188,-0.3757664257736249,-0.8370997405426363
453,1.3899410382979591,0.9018637727745953,0.7388365673493084,1.0766729915849504,-2.6358645269509378,0.7484281496682487,0.6202287068880773,0.9594911776149061,0.7949060424085974,0.35371809048365727
454,1.2502987764175573,0.3866724290749182,0.36917475187777415,0.9362018807889313,0.5405318669539683,1.4973179762596482,0.27376949861546085,1.3092396138399875,0.2479861334046428,-0.5729409953343062
455,-1.7556743433713782,-0.8229254253216769,-1.065582361370391,-1.7160682439588697,0.08337704983391739,-1.212585443129854,-1.1406084470607658,-1.4643919776663434,-0.5576842110480115,-1.1630504787983094
456,1.1535244274485383,0.8966238760018025,1.0329000895449765,0.7825662603653704,-0.5104957898635768,-0.07439341586388784,1.0117404439683546,0.3241108008625494,0.42887465021040244,1.65251247946118
457,-0.1036130809764706,-0.3574693318177234,0.41436828010256715,0.05150076007416193,1.2875060694892917,-0.331922062824117,0.36610672905313296,-0.5455241649099085,-1.0068533498828842,0.5454744239178824
458,-0.4429047802740778,0.041508304972015034,0.434812855171943,-0.17094788280364584,0.6902732747948916,-0.14357407033841427,0.4538933568468526,0.3255912594142543,-0.39552941369066935,0.5699710869909757
459,-0.5377378254850019,0.18722858165946873,-0.36489575213305653,0.1272164113043637,0.03069290715729998,-0.045602760947449666,-0.3420332960260971,0.10298149393820616,0.6803381867985382,0.0479311529974099
460,-0.024750148450712783,0.14806285971701813,1.1778149877907211,-0.09777009197653215,1.4345121524822955,-0.20201525106624985,1.1210572483284322,0.2354650944944758,-0.10240469419142505,1.1603699157351992
461,0.9520505804730728,0.2866888354405474,0.40343744957301325,0.6644690826102678,-1.6167791593638676,0.33935024893669297,0.4537864179850396,0.6280790546668753,0.41159246735287214,1.5079068294492026
462,-0.49963421573719724,-0.5385229433695794,-1.3333473434731162,0.048234069607854625,0.5393981990984116,-0.1865249517426855,-1.3372140957222687,-0.19915546173524762,0.32145749429627507,-1.0737777046032129
463,-1.0750161766733777,-1.5422008806991132,0.16579907858678194,-0.8250277182359608,0.6902566486645147,-0.6166155348716501,0.1681298068310229,-0.12329694402693164,0.14458504972717848,0.710505049936501
464,-0.2932107660894752,-0.06346997382972434,-0.6922314076556889,-0.1900709537375043,-0.17903783446351426,0.030232909960438974,-0.6212376830245622,-0.3321485302561681,0.30667625189630837,-1.7241389121460848
465,0.7425477563172244,0.4684950164160427,0.13060272346198157,0.37604276404631803,0.10908534944119358,0.1279652053691332,0.13532450195904275,0.8029073529870148,0.21068772716643708,1.4370800198529854
466,0.1592390414379404,0.38866300181445435,0.9408587283401453,0.04479679397754921,1.407444994877292,0.069381752809966,1.1730568360873652,0.7857090528510414,-0.11250785267755266,1.2289645287572184
467,-0.046116918946192784,-0.5876386052849902,1.2501570422412034,-0.46500883894158396,-0.6249100003177993,-0.31733901300484424,1.1806553582112034,1.0970948238546496,-0.4595758644057156,0.007094804550700476
468,-1.3918771960813063,-1.3375691877237197,-1.0602340500090932,-1.2688870987174408,-0.6221879289354775,-1.1982728148622814,-1.0922752397074114,-1.2150929980586271,-2.0083419437879773,-0.1189545472155925
469,0.7851208534601775,0.5713260210328063,-0.34197209767439923,0.8913660863198579,0.42021247241435444,0.4903126106349643,-0.25798315146399137,0.09230778725792618,0.30003366459075836,-0.9891558017464057
470,0.20399163748653792,-0.22037072215394332,-1.3754009739132933,0.26466310627930134,-1.7504625385178803,0.09355196864712202,-1.3781896075422309,-0.28128588218617556,0.0657124324274725,-1.5427596052546848
471,0.719357127312032,0.37437432826103145,-0.4667089929947534,0.5736280636125496,-1.3303534838310844,0.040197018442329986,-0.37645129418469236,0.03821715470210168,0.8718225527294623,-0.33387937455138816
472,0.92143346412565,0.42614380612796243,0.08075113030632251,0.7890026896356476,-0.7983116215433972,-0.28744790948642,0.07353415802317219,-0.40289782456341194,0.0061689738812112675,1.4496069124004185
473,0.11193848929967239,0.4871537411149184,-1.6721693445548447,0.3363674031415464,0.044304892953184176,-0.18555560822909825,-1.5852667252913177,-0.8406286882432092,0.037563482249765454,-0.9800926732048201
474,0.024948771992190796,0.2701539016930745,0.7973796351222676,0.1405351600112696,-0.2600255048914084,-0.3179080635040999,0.8250885113898498,0.7882803593272664,-0.08245840212168423,-0.37600573583661556
475,-0.1337501604721376,0.39699947502960375,0.37353600637521717,0.24565646861377077,-2.5850492555558913,0.6866057525832604,0.32634982463519824,-0.501275088530439,-0.5782739353383383,-0.350128232115177
476,-0.03808606295719897,-0.010870594510567369,-1.704192806023396,-0.9162067771985751,-0.22010265070139984,-0.4470656234269755,-1.6651029045842474,-1.1776453808861083,1.2320937205441989,-1.248525982013515
477,-0.8916586815155075,-0.747373634058503,0.3060518468483988,-1.1302246151685167,0.6625214104395527,-0.3512548471586322,0.33434097957291886,-0.9831290021773563,-0.482235235782959,-0.3710086592785527
478,0.45819645044058055,-0.26943379799674916,-0.07429787095737535,0.06673678106042435,-0.599045929932614,-0.8095968896172918,-0.13887372138456822,0.06460375811450399,0.4303126980658083,1.301433094657649
479,-1.114330014343281,-0.17327426064688026,-0.8957282303898821,-0.4751893714614639,-2.160964547442673,-0.10537949650687463,-0.9281561807283778,-1.2257927860777293,0.2222543421941054,-1.185342910773367
480,-1.097838146169257,-1.1864739713061259,-1.190644834283092,-1.6620505894825268,-0.8528325433080977,-1.3711694049113845,-1.1558762376787477,-1.6500299612147071,-1.1039657540411214,0.12154283159557436
481,0.6579189836171052,0.9922364001970251,1.1726504131753028,0.7365446986040131,1.4127327184426917,0.7781454883268228,1.2409478004596068,0.6813328094585108,0.8060561696843452,0.7118060620741388
482,-0.6618517467280682,-1.1158955125617902,0.4796625852945752,-0.2410550303561306,1.5339001934449918,-1.8276028872347025,0.46772060171618113,0.42154901995699173,-1.2990342355867295,0.31776330633155037
483,0.7604691084373282,0.9157959627677104,-0.1395527714150825,0.3876720847542548,-0.6952088334747133,0.25063415891648555,-0.2627393739574408,0.0371089912746282,1.2591536316498715,0.26568982098571176
484,0.7797667064158798,0.5790155186719292,0.3373709378418709,0.6656712314259039,-1.327527715745724,0.7053331500603187,0.2779834266902995,0.7011781079264237,0.2108907903856844,0.24937340615938142
485,-0.35549292854496845,-0.28858824272994255,-0.5986705779185878,-0.582135435551536,-0.7009296089669522,0.07140261822016906,-0.7091681581782747,0.12201874728948481,-0.3035725886339171,-1.431677625103619
486,0.7247309246786007,0.9946242100534795,0.8572572113123443,1.1508807941584502,-1.633375824073043,1.0223843299166167,0.8607514047799648,0.4078867407743919,0.7624461949479417,-0.20510118619820003
487,0.7808776112533647,0.3418724284359494,0.6683405071246193,0.2096423492455099,-0.7295616568518549,0.38015442786350606,0.5699210661061288,0.7683144352014071,0.014680868643884818,-0.08737870585758878
488,-0.533419515904265,-1.133398940111211,-0.5262327948906222,-1.1944784032320905,0.4503863173163194,-0.3992125824148825,-0.6251475916693217,-1.1069805398074928,-0.9369701455714582,-0.990896743159524
489,-0.5754040754767921,-0.550478561190644,-0.02349202364506254,0.08769366906824926,-0.8451471341484282,0.1338486320024196,0.006258806352220498,-0.16881328311013674,-1.1787366920758144,-1.3967418687007966
490,0.2745781553798956,-0.21469925134977222,0.7499884704895479,0.4998120981477738,0.37266851973338927,0.08914619733167033,0.5503885919138715,-0.3997169914554687,-0.0011244669058255517,0.011923780004881195
491,1.369424346440817,0.8102591560703347,0.16225577502394123,0.7954063101960678,-2.6358355334422536,0.3637234736338996,0.1694988007450085,0.6482037690464264,0.1514852543533851,1.3170777527251043
492,-0.347158340031013,-0.3584964124195912,0.24004428935499264,-1.0969498414679595,1.4505107927462693,0.14091694137424238,0.26385769484715044,-0.6672364211101751,-0.4399489018094241,0.43703098642237503
493,-0.17552736482827025,-0.013034774866270088,0.520785433387497,-0.34480122429408017,-1.7212215801044468,-0.17313835837314567,0.4826114729438061,0.4382026084143418,0.3679448945829256,-0.5531722558479506
494,0.593876620841582,0.668508031001125,-0.07354165535042202,0.5762658049937162,-0.3073110350583584,0.8936254900958289,-0.027889444632447528,0.16038280072360606,0.39180757679879846,0.25572835869891897
495,0.01236705610944548,-0.7713615117328655,0.7941867626287514,-0.8609493201839417,1.6307197301847014,-0.08028887566512176,0.9193887623927645,0.14894749259478215,-0.6768593506977364,0.9796521849121043
496,-0.17086078388530074,-0.8563653059578922,1.1669505127013557,-0.3153398558813871,-0.048765863180834076,-0.6954449517086218,1.0852503547990429,-0.1907490751636974,-1.1332162755690074,-0.243657806231747
497,-1.6729468839230983,-0.790287389190546,-0.8399755052676949,-1.7168165122296248,-0.5709702808185936,-1.6742431406412144,-0.8657627697332324,-1.4393328008551665,-0.9409815153125597,-1.4748657945705899
498,1.4821936064002075,1.1898801503429277,0.021584052995518178,1.0176006112317117,0.2787988833869333,0.2470803124842155,-0.05578206083366846,0.8128409986660767,0.47135483203963185,0.1353865993426357
499,0.1862705115084333,0.6101847067067102,1.3821573656910746,-0.36293736007823035,-1.143525953164428,-0.05216898489541889,1.4446880528430976,0.6839762400426392,-0.03171443618624865,0.9155742877265076
500,-1.056252055633637,-1.4310245148946872,-1.6587574145376636,-1.549423633965964,0.23753743547453054,-1.6102033942741916,-1.6550617567658337,-1.6404705907070114,-1.9774708148677411,-0.06419370914149494
